split;label;stem;recording;source_csv
test;Cars;00016;Cars/13-13;Cars/13-13/016.csv
test;Cars;00020;Cars/13-13;Cars/13-13/020.csv
test;Cars;00030;Cars/13-13;Cars/13-13/030.csv
test;Cars;00031;Cars/13-13;Cars/13-13/031.csv
test;Cars;00034;Cars/13-13;Cars/13-13/034.csv
test;Cars;00038;Cars/13-13;Cars/13-13/038.csv
test;Cars;00045;Cars/13-13;Cars/13-13/045.csv
test;Cars;00052;Cars/13-13;Cars/13-13/052.csv
test;Cars;00062;Cars/13-13;Cars/13-13/062.csv
test;Cars;00063;Cars/13-13;Cars/13-13/063.csv
test;Cars;00072;Cars/13-13;Cars/13-13/072.csv
test;Cars;00076;Cars/13-13;Cars/13-13/076.csv
test;Cars;00080;Cars/13-13;Cars/13-13/080.csv
test;Cars;00081;Cars/13-13;Cars/13-13/081.csv
test;Cars;00085;Cars/13-13;Cars/13-13/085.csv
test;Cars;00091;Cars/13-13;Cars/13-13/091.csv
test;Cars;00096;Cars/13-13;Cars/13-13/096.csv
test;Cars;00100;Cars/13-13;Cars/13-13/100.csv
test;Cars;00103;Cars/13-13;Cars/13-13/103.csv
test;Cars;00104;Cars/13-13;Cars/13-13/104.csv
test;Cars;00107;Cars/13-13;Cars/13-13/107.csv
test;Cars;00108;Cars/13-13;Cars/13-13/108.csv
test;Cars;00110;Cars/13-13;Cars/13-13/110.csv
test;Cars;00111;Cars/13-13;Cars/13-13/111.csv
test;Cars;00123;Cars/13-13;Cars/13-13/123.csv
test;Cars;00135;Cars/13-13;Cars/13-13/135.csv
test;Cars;00136;Cars/13-13;Cars/13-13/136.csv
test;Cars;00140;Cars/13-13;Cars/13-13/140.csv
test;Cars;00145;Cars/13-13;Cars/13-13/145.csv
test;Cars;00150;Cars/13-13;Cars/13-13/150.csv
test;Cars;00151;Cars/13-13;Cars/13-13/151.csv
test;Cars;00152;Cars/13-13;Cars/13-13/152.csv
test;Cars;00157;Cars/13-13;Cars/13-13/157.csv
test;Cars;00158;Cars/13-13;Cars/13-13/158.csv
test;Cars;00167;Cars/13-13;Cars/13-13/167.csv
test;Cars;00169;Cars/13-13;Cars/13-13/169.csv
test;Cars;00175;Cars/13-13;Cars/13-13/175.csv
test;Cars;00178;Cars/13-13;Cars/13-13/178.csv
test;Cars;00184;Cars/13-13;Cars/13-13/184.csv
test;Cars;00185;Cars/13-13;Cars/13-13/185.csv
test;Cars;00193;Cars/13-13;Cars/13-13/193.csv
test;Cars;00196;Cars/13-13;Cars/13-13/196.csv
test;Cars;00197;Cars/13-13;Cars/13-13/197.csv
test;Cars;00200;Cars/13-13;Cars/13-13/200.csv
test;Cars;00204;Cars/13-13;Cars/13-13/204.csv
test;Cars;00211;Cars/13-13;Cars/13-13/211.csv
test;Cars;00215;Cars/13-13;Cars/13-13/215.csv
test;Cars;00218;Cars/13-13;Cars/13-13/218.csv
test;Cars;00222;Cars/13-13;Cars/13-13/222.csv
test;Cars;00231;Cars/13-13;Cars/13-13/231.csv
test;Cars;00240;Cars/13-13;Cars/13-13/240.csv
test;Cars;00241;Cars/13-13;Cars/13-13/241.csv
test;Cars;00249;Cars/13-13;Cars/13-13/249.csv
test;Cars;00252;Cars/13-13;Cars/13-13/252.csv
test;Cars;00255;Cars/13-13;Cars/13-13/255.csv
test;Cars;00258;Cars/13-13;Cars/13-13/258.csv
test;Cars;00260;Cars/13-13;Cars/13-13/260.csv
test;Cars;00275;Cars/13-13;Cars/13-13/275.csv
test;Cars;00284;Cars/13-13;Cars/13-13/284.csv
test;Cars;00291;Cars/13-13;Cars/13-13/291.csv
test;Cars;00292;Cars/13-13;Cars/13-13/292.csv
test;Cars;00294;Cars/13-13;Cars/13-13/294.csv
test;Cars;00297;Cars/13-13;Cars/13-13/297.csv
test;Cars;00299;Cars/13-13;Cars/13-13/299.csv
test;Cars;00313;Cars/13-13;Cars/13-13/313.csv
test;Cars;00316;Cars/13-13;Cars/13-13/316.csv
test;Cars;00319;Cars/13-13;Cars/13-13/319.csv
test;Cars;00320;Cars/13-13;Cars/13-13/320.csv
test;Cars;00335;Cars/13-13;Cars/13-13/335.csv
test;Cars;00347;Cars/13-13p;Cars/13-13p/010.csv
test;Cars;00352;Cars/13-13p;Cars/13-13p/015.csv
test;Cars;00368;Cars/13-13p;Cars/13-13p/031.csv
test;Cars;00369;Cars/13-13p;Cars/13-13p/032.csv
test;Cars;00372;Cars/13-13p;Cars/13-13p/035.csv
test;Cars;00374;Cars/13-13p;Cars/13-13p/037.csv
test;Cars;00377;Cars/13-13p;Cars/13-13p/040.csv
test;Cars;00388;Cars/13-13p;Cars/13-13p/051.csv
test;Cars;00412;Cars/13-13p;Cars/13-13p/075.csv
test;Cars;00416;Cars/13-13p;Cars/13-13p/079.csv
test;Cars;00423;Cars/13-13p;Cars/13-13p/086.csv
test;Cars;00429;Cars/13-13p;Cars/13-13p/092.csv
test;Cars;00444;Cars/13-13p;Cars/13-13p/107.csv
test;Cars;00448;Cars/13-13p;Cars/13-13p/111.csv
test;Cars;00452;Cars/13-13p;Cars/13-13p/115.csv
test;Cars;00458;Cars/13-13p;Cars/13-13p/121.csv
test;Cars;00469;Cars/13-13p;Cars/13-13p/132.csv
test;Cars;00474;Cars/13-13p;Cars/13-13p/137.csv
test;Cars;00477;Cars/13-13p;Cars/13-13p/140.csv
test;Cars;00492;Cars/13-13p;Cars/13-13p/155.csv
test;Cars;00498;Cars/13-13p;Cars/13-13p/161.csv
test;Cars;00531;Cars/13-13p;Cars/13-13p/194.csv
test;Cars;00534;Cars/13-13p;Cars/13-13p/197.csv
test;Cars;00539;Cars/13-13p;Cars/13-13p/202.csv
test;Cars;00544;Cars/13-13p;Cars/13-13p/207.csv
test;Cars;00554;Cars/13-13p;Cars/13-13p/217.csv
test;Cars;00562;Cars/13-13p;Cars/13-13p/225.csv
test;Cars;00565;Cars/13-13p;Cars/13-13p/228.csv
test;Cars;00569;Cars/13-13p;Cars/13-13p/232.csv
test;Cars;00583;Cars/13-19;Cars/13-19/002.csv
test;Cars;00585;Cars/13-19;Cars/13-19/004.csv
test;Cars;00586;Cars/13-19;Cars/13-19/005.csv
test;Cars;00590;Cars/13-19;Cars/13-19/009.csv
test;Cars;00597;Cars/13-19;Cars/13-19/016.csv
test;Cars;00603;Cars/13-19;Cars/13-19/022.csv
test;Cars;00606;Cars/13-19;Cars/13-19/025.csv
test;Cars;00612;Cars/13-19;Cars/13-19/031.csv
test;Cars;00614;Cars/13-19;Cars/13-19/033.csv
test;Cars;00625;Cars/13-19;Cars/13-19/044.csv
test;Cars;00627;Cars/13-19;Cars/13-19/046.csv
test;Cars;00645;Cars/13-19;Cars/13-19/064.csv
test;Cars;00654;Cars/13-19;Cars/13-19/073.csv
test;Cars;00656;Cars/13-19;Cars/13-19/075.csv
test;Cars;00677;Cars/13-19;Cars/13-19/096.csv
test;Cars;00678;Cars/13-19;Cars/13-19/097.csv
test;Cars;00682;Cars/13-19;Cars/13-19/101.csv
test;Cars;00694;Cars/13-19;Cars/13-19/113.csv
test;Cars;00697;Cars/13-19;Cars/13-19/116.csv
test;Cars;00712;Cars/13-23;Cars/13-23/015.csv
test;Cars;00731;Cars/13-23;Cars/13-23/034.csv
test;Cars;00735;Cars/13-23;Cars/13-23/038.csv
test;Cars;00738;Cars/13-23;Cars/13-23/041.csv
test;Cars;00743;Cars/13-23;Cars/13-23/046.csv
test;Cars;00745;Cars/13-23;Cars/13-23/048.csv
test;Cars;00752;Cars/13-23;Cars/13-23/055.csv
test;Cars;00757;Cars/13-23;Cars/13-23/060.csv
test;Cars;00765;Cars/13-23;Cars/13-23/068.csv
test;Cars;00766;Cars/13-23;Cars/13-23/069.csv
test;Cars;00778;Cars/13-23;Cars/13-23/081.csv
test;Cars;00784;Cars/13-23;Cars/13-23/087.csv
test;Cars;00788;Cars/13-23;Cars/13-23/091.csv
test;Cars;00795;Cars/13-23;Cars/13-23/098.csv
test;Cars;00799;Cars/13-23;Cars/13-23/102.csv
test;Cars;00801;Cars/13-23;Cars/13-23/104.csv
test;Cars;00809;Cars/13-23;Cars/13-23/112.csv
test;Cars;00810;Cars/13-23;Cars/13-23/113.csv
test;Cars;00811;Cars/13-23;Cars/13-23/114.csv
test;Cars;00813;Cars/13-23;Cars/13-23/116.csv
test;Cars;00830;Cars/13-23;Cars/13-23/133.csv
test;Cars;00834;Cars/13-23;Cars/13-23/137.csv
test;Cars;00843;Cars/13-23;Cars/13-23/146.csv
test;Cars;00849;Cars/13-23;Cars/13-23/152.csv
test;Cars;00857;Cars/13-23;Cars/13-23/160.csv
test;Cars;00860;Cars/13-23;Cars/13-23/163.csv
test;Cars;00865;Cars/13-23;Cars/13-23/168.csv
test;Cars;00866;Cars/13-23;Cars/13-23/169.csv
test;Cars;00878;Cars/13-23;Cars/13-23/181.csv
test;Cars;00882;Cars/13-23;Cars/13-23/185.csv
test;Cars;00888;Cars/13-23;Cars/13-23/191.csv
test;Cars;00890;Cars/13-23;Cars/13-23/193.csv
test;Cars;00897;Cars/13-23;Cars/13-23/200.csv
test;Cars;00898;Cars/13-23;Cars/13-23/201.csv
test;Cars;00904;Cars/13-23;Cars/13-23/207.csv
test;Cars;00908;Cars/13-23;Cars/13-23/211.csv
test;Cars;00916;Cars/13-23;Cars/13-23/219.csv
test;Cars;00928;Cars/13-23;Cars/13-23/231.csv
test;Cars;00945;Cars/13-23;Cars/13-23/248.csv
test;Cars;00965;Cars/13-23;Cars/13-23/268.csv
test;Cars;00978;Cars/13-23;Cars/13-23/281.csv
test;Cars;00995;Cars/13-23;Cars/13-23/298.csv
test;Cars;00997;Cars/13-23;Cars/13-23/300.csv
test;Cars;01000;Cars/13-23;Cars/13-23/303.csv
test;Cars;01002;Cars/13-23;Cars/13-23/305.csv
test;Cars;01011;Cars/13-23;Cars/13-23/314.csv
test;Cars;01023;Cars/13-23p;Cars/13-23p/002.csv
test;Cars;01026;Cars/13-23p;Cars/13-23p/005.csv
test;Cars;01033;Cars/13-23p;Cars/13-23p/012.csv
test;Cars;01034;Cars/13-23p;Cars/13-23p/013.csv
test;Cars;01039;Cars/13-23p;Cars/13-23p/018.csv
test;Cars;01040;Cars/13-23p;Cars/13-23p/019.csv
test;Cars;01047;Cars/13-23p;Cars/13-23p/026.csv
test;Cars;01056;Cars/13-23p;Cars/13-23p/035.csv
test;Cars;01057;Cars/13-23p;Cars/13-23p/036.csv
test;Cars;01058;Cars/13-23p;Cars/13-23p/037.csv
test;Cars;01069;Cars/13-23p;Cars/13-23p/048.csv
test;Cars;01072;Cars/13-23p;Cars/13-23p/051.csv
test;Cars;01074;Cars/13-23p;Cars/13-23p/053.csv
test;Cars;01075;Cars/13-23p;Cars/13-23p/054.csv
test;Cars;01087;Cars/13-23p;Cars/13-23p/066.csv
test;Cars;01096;Cars/13-23p;Cars/13-23p/075.csv
test;Cars;01097;Cars/13-23p;Cars/13-23p/076.csv
test;Cars;01102;Cars/13-23p;Cars/13-23p/081.csv
test;Cars;01110;Cars/13-23p;Cars/13-23p/089.csv
test;Cars;01116;Cars/13-23p;Cars/13-23p/095.csv
test;Cars;01118;Cars/13-23p;Cars/13-23p/097.csv
test;Cars;01120;Cars/13-23p;Cars/13-23p/099.csv
test;Cars;01129;Cars/13-23p;Cars/13-23p/108.csv
test;Cars;01152;Cars/13-23p;Cars/13-23p/131.csv
test;Cars;01158;Cars/13-23p;Cars/13-23p/137.csv
test;Cars;01162;Cars/13-23p;Cars/13-23p/141.csv
test;Cars;01169;Cars/13-23p;Cars/13-23p/148.csv
test;Cars;01173;Cars/13-23p;Cars/13-23p/152.csv
test;Cars;01175;Cars/13-23p;Cars/13-23p/154.csv
test;Cars;01177;Cars/13-23p;Cars/13-23p/156.csv
test;Cars;01182;Cars/13-23p;Cars/13-23p/161.csv
test;Cars;01184;Cars/13-23p;Cars/13-23p/163.csv
test;Cars;01187;Cars/13-23p;Cars/13-23p/166.csv
test;Cars;01190;Cars/13-23p;Cars/13-23p/169.csv
test;Cars;01194;Cars/13-23p;Cars/13-23p/173.csv
test;Cars;01198;Cars/13-23p;Cars/13-23p/177.csv
test;Cars;01210;Cars/13-23p;Cars/13-23p/189.csv
test;Cars;01212;Cars/13-23p;Cars/13-23p/191.csv
test;Cars;01213;Cars/13-23p;Cars/13-23p/192.csv
test;Cars;01220;Cars/13-23p;Cars/13-23p/199.csv
test;Cars;01221;Cars/13-23p;Cars/13-23p/200.csv
test;Cars;01222;Cars/13-23p;Cars/13-23p/201.csv
test;Cars;01236;Cars/13-23p;Cars/13-23p/215.csv
test;Cars;01243;Cars/13-23p;Cars/13-23p/222.csv
test;Cars;01261;Cars/13-23p;Cars/13-23p/240.csv
test;Cars;01262;Cars/13-23p;Cars/13-23p/241.csv
test;Cars;01282;Cars/13-23p;Cars/13-23p/261.csv
test;Cars;01288;Cars/13-23p;Cars/13-23p/267.csv
test;Cars;01295;Cars/13-23p;Cars/13-23p/274.csv
test;Cars;01303;Cars/13-23p;Cars/13-23p/282.csv
test;Cars;01306;Cars/13-23p;Cars/13-23p/285.csv
test;Cars;01316;Cars/13-23p;Cars/13-23p/295.csv
test;Cars;01320;Cars/13-23p;Cars/13-23p/299.csv
test;Cars;01322;Cars/13-23p;Cars/13-23p/301.csv
test;Cars;01329;Cars/13-29;Cars/13-29/007.csv
test;Cars;01336;Cars/13-29;Cars/13-29/014.csv
test;Cars;01339;Cars/13-29;Cars/13-29/017.csv
test;Cars;01346;Cars/13-29;Cars/13-29/024.csv
test;Cars;01361;Cars/13-29;Cars/13-29/039.csv
test;Cars;01363;Cars/13-29;Cars/13-29/041.csv
test;Cars;01372;Cars/13-29;Cars/13-29/050.csv
test;Cars;01375;Cars/13-29;Cars/13-29/053.csv
test;Cars;01393;Cars/13-29;Cars/13-29/071.csv
test;Cars;01394;Cars/13-29;Cars/13-29/072.csv
test;Cars;01413;Cars/13-29;Cars/13-29/091.csv
test;Cars;01421;Cars/13-29;Cars/13-29/099.csv
test;Cars;01422;Cars/13-29;Cars/13-29/100.csv
test;Cars;01433;Cars/13-29;Cars/13-29/111.csv
test;Cars;01434;Cars/13-29;Cars/13-29/112.csv
test;Cars;01437;Cars/13-29;Cars/13-29/115.csv
test;Cars;01449;Cars/13-29;Cars/13-29/127.csv
test;Cars;01469;Cars/13-29;Cars/13-29/147.csv
test;Cars;01477;Cars/13-29;Cars/13-29/155.csv
test;Cars;01478;Cars/13-29;Cars/13-29/156.csv
test;Cars;01486;Cars/13-29;Cars/13-29/164.csv
test;Cars;01488;Cars/13-29;Cars/13-29/166.csv
test;Cars;01489;Cars/13-29;Cars/13-29/167.csv
test;Cars;01492;Cars/13-29;Cars/13-29/170.csv
test;Cars;01500;Cars/13-29;Cars/13-29/178.csv
test;Cars;01505;Cars/13-29;Cars/13-29/183.csv
test;Cars;01506;Cars/13-29;Cars/13-29/184.csv
test;Cars;01513;Cars/13-29;Cars/13-29/191.csv
test;Cars;01514;Cars/13-29;Cars/13-29/192.csv
test;Cars;01521;Cars/13-29;Cars/13-29/199.csv
test;Cars;01545;Cars/13-29;Cars/13-29/223.csv
test;Cars;01546;Cars/13-29;Cars/13-29/224.csv
test;Cars;01551;Cars/13-29;Cars/13-29/229.csv
test;Cars;01559;Cars/13-29;Cars/13-29/237.csv
test;Cars;01562;Cars/13-29;Cars/13-29/240.csv
test;Cars;01565;Cars/13-29;Cars/13-29/243.csv
test;Cars;01567;Cars/13-29;Cars/13-29/245.csv
test;Cars;01570;Cars/13-29;Cars/13-29/248.csv
test;Cars;01581;Cars/13-29;Cars/13-29/259.csv
test;Cars;01596;Cars/13-29;Cars/13-29/274.csv
test;Cars;01599;Cars/13-29;Cars/13-29/277.csv
test;Cars;01601;Cars/13-29;Cars/13-29/279.csv
test;Cars;01610;Cars/13-29;Cars/13-29/288.csv
test;Cars;01616;Cars/13-29;Cars/13-29/294.csv
test;Cars;01617;Cars/13-29;Cars/13-29/295.csv
test;Cars;01618;Cars/13-29;Cars/13-29/296.csv
test;Cars;01621;Cars/13-29;Cars/13-29/299.csv
test;Cars;01631;Cars/13-29;Cars/13-29/309.csv
test;Cars;01651;Cars/13-38;Cars/13-38/008.csv
test;Cars;01653;Cars/13-38;Cars/13-38/010.csv
test;Cars;01658;Cars/13-38;Cars/13-38/015.csv
test;Cars;01663;Cars/13-38;Cars/13-38/020.csv
test;Cars;01666;Cars/13-38;Cars/13-38/023.csv
test;Cars;01671;Cars/13-38;Cars/13-38/028.csv
test;Cars;01700;Cars/13-38;Cars/13-38/057.csv
test;Cars;01701;Cars/13-38;Cars/13-38/058.csv
test;Cars;01719;Cars/13-38;Cars/13-38/076.csv
test;Cars;01727;Cars/13-38;Cars/13-38/084.csv
test;Cars;01729;Cars/13-38;Cars/13-38/086.csv
test;Cars;01731;Cars/13-38;Cars/13-38/088.csv
test;Cars;01733;Cars/13-38;Cars/13-38/090.csv
test;Cars;01738;Cars/13-38;Cars/13-38/095.csv
test;Cars;01742;Cars/13-38;Cars/13-38/099.csv
test;Cars;01746;Cars/13-38;Cars/13-38/103.csv
test;Cars;01753;Cars/13-38;Cars/13-38/110.csv
test;Cars;01756;Cars/13-38;Cars/13-38/113.csv
test;Cars;01757;Cars/13-38;Cars/13-38/114.csv
test;Cars;01771;Cars/13-38;Cars/13-38/128.csv
test;Cars;01778;Cars/13-38;Cars/13-38/135.csv
test;Cars;01783;Cars/13-38;Cars/13-38/140.csv
test;Cars;01789;Cars/13-38;Cars/13-38/146.csv
test;Cars;01790;Cars/13-38;Cars/13-38/147.csv
test;Cars;01818;Cars/13-38;Cars/13-38/175.csv
test;Cars;01819;Cars/13-38;Cars/13-38/176.csv
test;Cars;01823;Cars/13-38;Cars/13-38/180.csv
test;Cars;01845;Cars/13-38;Cars/13-38/202.csv
test;Cars;01860;Cars/13-38;Cars/13-38/217.csv
test;Cars;01865;Cars/13-38;Cars/13-38/222.csv
test;Cars;01871;Cars/13-38;Cars/13-38/228.csv
test;Cars;01872;Cars/13-38;Cars/13-38/229.csv
test;Cars;01873;Cars/13-38;Cars/13-38/230.csv
test;Cars;01877;Cars/13-38;Cars/13-38/234.csv
test;Cars;01882;Cars/13-38;Cars/13-38/239.csv
test;Cars;01884;Cars/13-38;Cars/13-38/241.csv
test;Cars;01895;Cars/13-38;Cars/13-38/252.csv
test;Cars;01908;Cars/13-38;Cars/13-38/265.csv
test;Cars;01919;Cars/13-38;Cars/13-38/276.csv
test;Cars;01920;Cars/13-38;Cars/13-38/277.csv
test;Cars;01927;Cars/13-38;Cars/13-38/284.csv
test;Cars;01935;Cars/13-38;Cars/13-38/292.csv
test;Cars;01943;Cars/13-38;Cars/13-38/300.csv
test;Cars;01958;Cars/13-38;Cars/13-38/315.csv
test;Cars;01962;Cars/13-44;Cars/13-44/002.csv
test;Cars;01965;Cars/13-44;Cars/13-44/005.csv
test;Cars;01966;Cars/13-44;Cars/13-44/006.csv
test;Cars;01972;Cars/13-44;Cars/13-44/012.csv
test;Cars;01974;Cars/13-44;Cars/13-44/014.csv
test;Cars;01984;Cars/13-44;Cars/13-44/024.csv
test;Cars;01989;Cars/13-44;Cars/13-44/029.csv
test;Cars;02030;Cars/13-44;Cars/13-44/070.csv
test;Cars;02032;Cars/13-44;Cars/13-44/072.csv
test;Cars;02053;Cars/13-44;Cars/13-44/093.csv
test;Cars;02054;Cars/13-44;Cars/13-44/094.csv
test;Cars;02058;Cars/13-44;Cars/13-44/098.csv
test;Cars;02068;Cars/13-44;Cars/13-44/108.csv
test;Cars;02084;Cars/13-44;Cars/13-44/124.csv
test;Cars;02088;Cars/13-44;Cars/13-44/128.csv
test;Cars;02092;Cars/13-44;Cars/13-44/132.csv
test;Cars;02094;Cars/13-44;Cars/13-44/134.csv
test;Cars;02100;Cars/13-44;Cars/13-44/140.csv
test;Cars;02108;Cars/13-44;Cars/13-44/148.csv
test;Cars;02111;Cars/13-44;Cars/13-44/151.csv
test;Cars;02122;Cars/13-44;Cars/13-44/162.csv
test;Cars;02146;Cars/13-44;Cars/13-44/186.csv
test;Cars;02154;Cars/13-44;Cars/13-44/194.csv
test;Cars;02155;Cars/13-44;Cars/13-44/195.csv
test;Cars;02164;Cars/13-44;Cars/13-44/204.csv
test;Cars;02168;Cars/13-44;Cars/13-44/208.csv
test;Cars;02169;Cars/13-44;Cars/13-44/209.csv
test;Cars;02183;Cars/13-44;Cars/13-44/223.csv
test;Cars;02192;Cars/13-44;Cars/13-44/232.csv
test;Cars;02196;Cars/13-44;Cars/13-44/236.csv
test;Cars;02198;Cars/13-44;Cars/13-44/238.csv
test;Cars;02202;Cars/13-44;Cars/13-44/242.csv
test;Cars;02211;Cars/13-44;Cars/13-44/251.csv
test;Cars;02219;Cars/13-44;Cars/13-44/259.csv
test;Cars;02223;Cars/13-44;Cars/13-44/263.csv
test;Cars;02224;Cars/13-44;Cars/13-44/264.csv
test;Cars;02226;Cars/13-44;Cars/13-44/266.csv
test;Cars;02227;Cars/13-44;Cars/13-44/267.csv
test;Cars;02229;Cars/13-44;Cars/13-44/269.csv
test;Cars;02234;Cars/13-44;Cars/13-44/274.csv
test;Cars;02237;Cars/13-44;Cars/13-44/277.csv
test;Cars;02253;Cars/13-44;Cars/13-44/293.csv
test;Cars;02265;Cars/13-44;Cars/13-44/305.csv
test;Cars;02273;Cars/13-44;Cars/13-44/313.csv
test;Cars;02278;Cars/13-44;Cars/13-44/318.csv
test;Cars;02292;Cars/13-44;Cars/13-44/332.csv
test;Cars;02293;Cars/13-44;Cars/13-44/333.csv
test;Cars;02304;Cars/13-44;Cars/13-44/344.csv
test;Cars;02305;Cars/13-44;Cars/13-44/345.csv
test;Cars;02312;Cars/13-44;Cars/13-44/352.csv
test;Cars;02315;Cars/13-44;Cars/13-44/355.csv
test;Cars;02318;Cars/13-44;Cars/13-44/358.csv
test;Cars;02329;Cars/13-44;Cars/13-44/369.csv
test;Cars;02340;Cars/13-44;Cars/13-44/380.csv
test;Cars;02345;Cars/13-44;Cars/13-44/385.csv
test;Cars;02349;Cars/13-44;Cars/13-44/389.csv
test;Cars;02352;Cars/13-44;Cars/13-44/392.csv
test;Cars;02358;Cars/13-44;Cars/13-44/398.csv
test;Cars;02365;Cars/13-49;Cars/13-49/005.csv
test;Cars;02388;Cars/13-49;Cars/13-49/028.csv
test;Cars;02389;Cars/13-49;Cars/13-49/029.csv
test;Cars;02390;Cars/13-49;Cars/13-49/030.csv
test;Cars;02403;Cars/13-49;Cars/13-49/043.csv
test;Cars;02407;Cars/13-49;Cars/13-49/047.csv
test;Cars;02411;Cars/13-49;Cars/13-49/051.csv
test;Cars;02417;Cars/13-49;Cars/13-49/057.csv
test;Cars;02423;Cars/13-49;Cars/13-49/063.csv
test;Cars;02448;Cars/13-49;Cars/13-49/088.csv
test;Cars;02451;Cars/13-49;Cars/13-49/091.csv
test;Cars;02457;Cars/13-49;Cars/13-49/097.csv
test;Cars;02458;Cars/13-49;Cars/13-49/098.csv
test;Cars;02472;Cars/13-49;Cars/13-49/112.csv
test;Cars;02487;Cars/13-49;Cars/13-49/127.csv
test;Cars;02489;Cars/13-49;Cars/13-49/129.csv
test;Cars;02498;Cars/13-49;Cars/13-49/138.csv
test;Cars;02500;Cars/13-49;Cars/13-49/140.csv
test;Cars;02506;Cars/13-49;Cars/13-49/146.csv
test;Cars;02510;Cars/13-49;Cars/13-49/150.csv
test;Cars;02519;Cars/13-49;Cars/13-49/159.csv
test;Cars;02520;Cars/13-49;Cars/13-49/160.csv
test;Cars;02522;Cars/13-49;Cars/13-49/162.csv
test;Cars;02532;Cars/13-49;Cars/13-49/172.csv
test;Cars;02535;Cars/13-49;Cars/13-49/175.csv
test;Cars;02544;Cars/13-49;Cars/13-49/184.csv
test;Cars;02551;Cars/13-49;Cars/13-49/191.csv
test;Cars;02555;Cars/13-49;Cars/13-49/195.csv
test;Cars;02560;Cars/13-49;Cars/13-49/200.csv
test;Cars;02571;Cars/13-49;Cars/13-49/211.csv
test;Cars;02573;Cars/13-49;Cars/13-49/213.csv
test;Cars;02577;Cars/13-49;Cars/13-49/217.csv
test;Cars;02597;Cars/13-49;Cars/13-49/237.csv
test;Cars;02601;Cars/13-49;Cars/13-49/241.csv
test;Cars;02603;Cars/13-49;Cars/13-49/243.csv
test;Cars;02604;Cars/13-49;Cars/13-49/244.csv
test;Cars;02612;Cars/13-49;Cars/13-49/252.csv
test;Cars;02616;Cars/13-49;Cars/13-49/256.csv
test;Cars;02618;Cars/13-49;Cars/13-49/258.csv
test;Cars;02619;Cars/13-49;Cars/13-49/259.csv
test;Cars;02620;Cars/13-49;Cars/13-49/260.csv
test;Cars;02639;Cars/13-49;Cars/13-49/279.csv
test;Cars;02641;Cars/13-49;Cars/13-49/281.csv
test;Cars;02643;Cars/13-49;Cars/13-49/283.csv
test;Cars;02645;Cars/13-49;Cars/13-49/285.csv
test;Cars;02651;Cars/13-49;Cars/13-49/291.csv
test;Cars;02659;Cars/13-49p;Cars/13-49p/001.csv
test;Cars;02664;Cars/13-49p;Cars/13-49p/006.csv
test;Cars;02671;Cars/13-49p;Cars/13-49p/013.csv
test;Cars;02679;Cars/13-49p;Cars/13-49p/021.csv
test;Cars;02689;Cars/13-49p;Cars/13-49p/031.csv
test;Cars;02690;Cars/13-49p;Cars/13-49p/032.csv
test;Cars;02706;Cars/13-49p;Cars/13-49p/048.csv
test;Cars;02707;Cars/13-49p;Cars/13-49p/049.csv
test;Cars;02708;Cars/13-49p;Cars/13-49p/050.csv
test;Cars;02716;Cars/13-49p;Cars/13-49p/058.csv
test;Cars;02719;Cars/13-49p;Cars/13-49p/061.csv
test;Cars;02742;Cars/13-49p;Cars/13-49p/084.csv
test;Cars;02743;Cars/13-49p;Cars/13-49p/085.csv
test;Cars;02747;Cars/13-49p;Cars/13-49p/089.csv
test;Cars;02751;Cars/13-49p;Cars/13-49p/093.csv
test;Cars;02754;Cars/13-49p;Cars/13-49p/096.csv
test;Cars;02765;Cars/13-49p;Cars/13-49p/107.csv
test;Cars;02771;Cars/13-49p;Cars/13-49p/113.csv
test;Cars;02776;Cars/13-49p;Cars/13-49p/118.csv
test;Cars;02779;Cars/13-49p;Cars/13-49p/121.csv
test;Cars;02785;Cars/13-49p;Cars/13-49p/127.csv
test;Cars;02788;Cars/13-49p;Cars/13-49p/130.csv
test;Cars;02803;Cars/13-49p;Cars/13-49p/145.csv
test;Cars;02816;Cars/13-49p;Cars/13-49p/158.csv
test;Cars;02821;Cars/13-49p;Cars/13-49p/163.csv
test;Cars;02828;Cars/13-49p;Cars/13-49p/170.csv
test;Cars;02834;Cars/13-49p;Cars/13-49p/176.csv
test;Cars;02844;Cars/13-49p;Cars/13-49p/186.csv
test;Cars;02851;Cars/13-49p;Cars/13-49p/193.csv
test;Cars;02852;Cars/13-49p;Cars/13-49p/194.csv
test;Cars;02856;Cars/13-49p;Cars/13-49p/198.csv
test;Cars;02859;Cars/13-49p;Cars/13-49p/201.csv
test;Cars;02866;Cars/13-49p;Cars/13-49p/208.csv
test;Cars;02869;Cars/13-49p;Cars/13-49p/211.csv
test;Cars;02877;Cars/13-49p;Cars/13-49p/219.csv
test;Cars;02882;Cars/13-49p;Cars/13-49p/224.csv
test;Cars;02886;Cars/13-49p;Cars/13-49p/228.csv
test;Cars;02893;Cars/13-49p;Cars/13-49p/235.csv
test;Cars;02894;Cars/13-49p;Cars/13-49p/236.csv
test;Cars;02895;Cars/13-49p;Cars/13-49p/237.csv
test;Cars;02906;Cars/13-49p;Cars/13-49p/248.csv
test;Cars;02909;Cars/13-49p;Cars/13-49p/251.csv
test;Cars;02917;Cars/13-49p;Cars/13-49p/259.csv
test;Cars;02922;Cars/13-49p;Cars/13-49p/264.csv
test;Cars;02925;Cars/13-49p;Cars/13-49p/267.csv
test;Cars;02938;Cars/13-49p;Cars/13-49p/280.csv
test;Cars;02945;Cars/13-49p;Cars/13-49p/287.csv
test;Cars;02952;Cars/13-49p;Cars/13-49p/294.csv
test;Cars;02961;Cars/13-49p;Cars/13-49p/303.csv
test;Cars;02964;Cars/13-49p;Cars/13-49p/306.csv
test;Cars;02982;Cars/13-49p;Cars/13-49p/324.csv
test;Cars;02986;Cars/13-49p;Cars/13-49p/328.csv
test;Cars;02992;Cars/13-49p;Cars/13-49p/334.csv
test;Cars;03002;Cars/13-54;Cars/13-54/005.csv
test;Cars;03003;Cars/13-54;Cars/13-54/006.csv
test;Cars;03014;Cars/13-54;Cars/13-54/017.csv
test;Cars;03018;Cars/13-54;Cars/13-54/021.csv
test;Cars;03034;Cars/13-54;Cars/13-54/037.csv
test;Cars;03040;Cars/13-54;Cars/13-54/043.csv
test;Cars;03045;Cars/13-54;Cars/13-54/048.csv
test;Cars;03050;Cars/13-54;Cars/13-54/053.csv
test;Cars;03072;Cars/15-37;Cars/15-37/019.csv
test;Cars;03076;Cars/15-37;Cars/15-37/023.csv
test;Cars;03078;Cars/15-37;Cars/15-37/025.csv
test;Cars;03081;Cars/15-37;Cars/15-37/028.csv
test;Cars;03083;Cars/15-37;Cars/15-37/030.csv
test;Cars;03086;Cars/15-37;Cars/15-37/033.csv
test;Cars;03103;Cars/15-37;Cars/15-37/050.csv
test;Cars;03107;Cars/15-37;Cars/15-37/054.csv
test;Cars;03124;Cars/15-37;Cars/15-37/071.csv
test;Cars;03131;Cars/15-37;Cars/15-37/078.csv
test;Cars;03136;Cars/15-37;Cars/15-37/083.csv
test;Cars;03138;Cars/15-37;Cars/15-37/085.csv
test;Cars;03140;Cars/15-37;Cars/15-37/087.csv
test;Cars;03143;Cars/15-37;Cars/15-37/090.csv
test;Cars;03146;Cars/15-37;Cars/15-37/093.csv
test;Cars;03155;Cars/15-37;Cars/15-37/102.csv
test;Cars;03167;Cars/15-37;Cars/15-37/114.csv
test;Cars;03169;Cars/15-37;Cars/15-37/116.csv
test;Cars;03170;Cars/15-37;Cars/15-37/117.csv
test;Cars;03177;Cars/15-37;Cars/15-37/124.csv
test;Cars;03183;Cars/15-37;Cars/15-37/130.csv
test;Cars;03194;Cars/15-37;Cars/15-37/141.csv
test;Cars;03197;Cars/15-37;Cars/15-37/144.csv
test;Cars;03205;Cars/15-37;Cars/15-37/152.csv
test;Cars;03207;Cars/15-37;Cars/15-37/154.csv
test;Cars;03210;Cars/15-37;Cars/15-37/157.csv
test;Cars;03211;Cars/15-37;Cars/15-37/158.csv
test;Cars;03215;Cars/15-37;Cars/15-37/162.csv
test;Cars;03218;Cars/15-37;Cars/15-37/165.csv
test;Cars;03222;Cars/15-37;Cars/15-37/169.csv
test;Cars;03247;Cars/15-37;Cars/15-37/194.csv
test;Cars;03249;Cars/15-37;Cars/15-37/196.csv
test;Cars;03251;Cars/15-37;Cars/15-37/198.csv
test;Cars;03254;Cars/15-37;Cars/15-37/201.csv
test;Cars;03269;Cars/15-37;Cars/15-37/216.csv
test;Cars;03275;Cars/15-37;Cars/15-37/222.csv
test;Cars;03289;Cars/15-37;Cars/15-37/236.csv
test;Cars;03291;Cars/15-37;Cars/15-37/238.csv
test;Cars;03297;Cars/15-37p;Cars/15-37p/002.csv
test;Cars;03319;Cars/15-37p;Cars/15-37p/024.csv
test;Cars;03320;Cars/15-37p;Cars/15-37p/025.csv
test;Cars;03321;Cars/15-37p;Cars/15-37p/026.csv
test;Cars;03327;Cars/15-37p;Cars/15-37p/032.csv
test;Cars;03337;Cars/15-37p;Cars/15-37p/042.csv
test;Cars;03338;Cars/15-37p;Cars/15-37p/043.csv
test;Cars;03341;Cars/15-37p;Cars/15-37p/046.csv
test;Cars;03350;Cars/15-37p;Cars/15-37p/055.csv
test;Cars;03362;Cars/15-37p;Cars/15-37p/067.csv
test;Cars;03376;Cars/15-37p;Cars/15-37p/081.csv
test;Cars;03393;Cars/15-37p;Cars/15-37p/098.csv
test;Cars;03394;Cars/15-37p;Cars/15-37p/099.csv
test;Cars;03403;Cars/15-37p;Cars/15-37p/108.csv
test;Cars;03405;Cars/15-37p;Cars/15-37p/110.csv
test;Cars;03408;Cars/15-37p;Cars/15-37p/113.csv
test;Cars;03429;Cars/15-42;Cars/15-42/006.csv
test;Cars;03434;Cars/15-42;Cars/15-42/011.csv
test;Cars;03435;Cars/15-42;Cars/15-42/012.csv
test;Cars;03436;Cars/15-42;Cars/15-42/013.csv
test;Cars;03443;Cars/15-42;Cars/15-42/020.csv
test;Cars;03444;Cars/15-42;Cars/15-42/021.csv
test;Cars;03460;Cars/15-42;Cars/15-42/037.csv
test;Cars;03461;Cars/15-42;Cars/15-42/038.csv
test;Cars;03464;Cars/15-42;Cars/15-42/041.csv
test;Cars;03465;Cars/15-42;Cars/15-42/042.csv
test;Cars;03474;Cars/15-42;Cars/15-42/051.csv
test;Cars;03483;Cars/15-42;Cars/15-42/060.csv
test;Cars;03488;Cars/15-42;Cars/15-42/065.csv
test;Cars;03492;Cars/15-42;Cars/15-42/069.csv
test;Cars;03506;Cars/15-42;Cars/15-42/083.csv
test;Cars;03510;Cars/15-42;Cars/15-42/087.csv
test;Cars;03525;Cars/15-42;Cars/15-42/102.csv
test;Cars;03535;Cars/15-42;Cars/15-42/112.csv
test;Cars;03544;Cars/15-42;Cars/15-42/121.csv
test;Cars;03546;Cars/15-42;Cars/15-42/123.csv
test;Cars;03552;Cars/15-42;Cars/15-42/129.csv
test;Cars;03558;Cars/15-42;Cars/15-42/135.csv
test;Cars;03560;Cars/15-42;Cars/15-42/137.csv
test;Cars;03563;Cars/15-42;Cars/15-42/140.csv
test;Cars;03568;Cars/15-42;Cars/15-42/145.csv
test;Cars;03581;Cars/15-42;Cars/15-42/158.csv
test;Cars;03604;Cars/15-42;Cars/15-42/181.csv
test;Cars;03606;Cars/15-42;Cars/15-42/183.csv
test;Cars;03615;Cars/15-42p;Cars/15-42p/006.csv
test;Cars;03616;Cars/15-42p;Cars/15-42p/007.csv
test;Cars;03629;Cars/15-42p;Cars/15-42p/020.csv
test;Cars;03633;Cars/15-42p;Cars/15-42p/024.csv
test;Cars;03642;Cars/15-42p;Cars/15-42p/033.csv
test;Cars;03649;Cars/15-42p;Cars/15-42p/040.csv
test;Cars;03659;Cars/15-42p;Cars/15-42p/050.csv
test;Cars;03663;Cars/15-42p;Cars/15-42p/054.csv
test;Cars;03665;Cars/15-42p;Cars/15-42p/056.csv
test;Cars;03680;Cars/15-42p;Cars/15-42p/071.csv
test;Cars;03681;Cars/15-42p;Cars/15-42p/072.csv
test;Cars;03693;Cars/15-42p;Cars/15-42p/084.csv
test;Cars;03699;Cars/15-42p;Cars/15-42p/090.csv
test;Cars;03705;Cars/15-42p;Cars/15-42p/096.csv
test;Cars;03722;Cars/15-42p;Cars/15-42p/113.csv
test;Cars;03729;Cars/15-42p;Cars/15-42p/120.csv
test;Cars;03740;Cars/15-42p;Cars/15-42p/131.csv
test;Cars;03758;Cars/15-42p;Cars/15-42p/149.csv
test;Cars;03766;Cars/15-42p;Cars/15-42p/157.csv
test;Cars;03768;Cars/15-42p;Cars/15-42p/159.csv
test;Cars;03769;Cars/15-42p;Cars/15-42p/160.csv
test;Cars;03780;Cars/15-48;Cars/15-48/010.csv
test;Cars;03782;Cars/15-48;Cars/15-48/012.csv
test;Cars;03791;Cars/15-48;Cars/15-48/021.csv
test;Cars;03794;Cars/15-48;Cars/15-48/024.csv
test;Cars;03796;Cars/15-48;Cars/15-48/026.csv
test;Cars;03801;Cars/15-48;Cars/15-48/031.csv
test;Cars;03826;Cars/15-48;Cars/15-48/056.csv
test;Cars;03827;Cars/15-48;Cars/15-48/057.csv
test;Cars;03828;Cars/15-48;Cars/15-48/058.csv
test;Cars;03833;Cars/15-48;Cars/15-48/063.csv
test;Cars;03840;Cars/15-48;Cars/15-48/070.csv
test;Cars;03843;Cars/15-48;Cars/15-48/073.csv
test;Cars;03845;Cars/15-48;Cars/15-48/075.csv
test;Cars;03853;Cars/15-48;Cars/15-48/083.csv
test;Cars;03858;Cars/15-48;Cars/15-48/088.csv
test;Cars;03863;Cars/15-48;Cars/15-48/093.csv
test;Cars;03866;Cars/15-48;Cars/15-48/096.csv
test;Cars;03870;Cars/15-48;Cars/15-48/100.csv
test;Cars;03880;Cars/15-48;Cars/15-48/110.csv
test;Cars;03886;Cars/15-48;Cars/15-48/116.csv
test;Cars;03888;Cars/15-48;Cars/15-48/118.csv
test;Cars;03892;Cars/15-48;Cars/15-48/122.csv
test;Cars;03893;Cars/15-48;Cars/15-48/123.csv
test;Cars;03907;Cars/15-48;Cars/15-48/137.csv
test;Cars;03908;Cars/15-48;Cars/15-48/138.csv
test;Cars;03910;Cars/15-48;Cars/15-48/140.csv
test;Cars;03916;Cars/15-48;Cars/15-48/146.csv
test;Cars;03919;Cars/15-48;Cars/15-48/149.csv
test;Cars;03923;Cars/15-48;Cars/15-48/153.csv
test;Cars;03927;Cars/15-48;Cars/15-48/157.csv
test;Cars;03932;Cars/15-48;Cars/15-48/162.csv
test;Cars;03935;Cars/15-48;Cars/15-48/165.csv
test;Cars;03939;Cars/15-48;Cars/15-48/169.csv
test;Cars;03957;Cars/15-48;Cars/15-48/187.csv
test;Cars;03969;Cars/15-48;Cars/15-48/199.csv
test;Cars;03978;Cars/15-48;Cars/15-48/208.csv
test;Cars;03983;Cars/15-48;Cars/15-48/213.csv
test;Cars;03989;Cars/15-48;Cars/15-48/219.csv
test;Cars;03990;Cars/15-48;Cars/15-48/220.csv
test;Cars;04002;Cars/15-48;Cars/15-48/232.csv
test;Cars;04004;Cars/15-48;Cars/15-48/234.csv
test;Cars;04013;Cars/15-48;Cars/15-48/243.csv
test;Cars;04018;Cars/15-48;Cars/15-48/248.csv
test;Cars;04060;Cars/15-48p;Cars/15-48p/029.csv
test;Cars;04064;Cars/15-48p;Cars/15-48p/033.csv
test;Cars;04073;Cars/15-48p;Cars/15-48p/042.csv
test;Cars;04076;Cars/15-48p;Cars/15-48p/045.csv
test;Cars;04082;Cars/15-48p;Cars/15-48p/051.csv
test;Cars;04094;Cars/15-48p;Cars/15-48p/063.csv
test;Cars;04095;Cars/15-48p;Cars/15-48p/064.csv
test;Cars;04102;Cars/15-48p;Cars/15-48p/071.csv
test;Cars;04103;Cars/15-48p;Cars/15-48p/072.csv
test;Cars;04109;Cars/15-48p;Cars/15-48p/078.csv
test;Cars;04114;Cars/15-48p;Cars/15-48p/083.csv
test;Cars;04120;Cars/15-55;Cars/15-55/004.csv
test;Cars;04122;Cars/15-55;Cars/15-55/006.csv
test;Cars;04138;Cars/15-55;Cars/15-55/022.csv
test;Cars;04142;Cars/15-55;Cars/15-55/026.csv
test;Cars;04146;Cars/15-55;Cars/15-55/030.csv
test;Cars;04148;Cars/15-55;Cars/15-55/032.csv
test;Cars;04160;Cars/15-55;Cars/15-55/044.csv
test;Cars;04166;Cars/15-55;Cars/15-55/050.csv
test;Cars;04167;Cars/15-55;Cars/15-55/051.csv
test;Cars;04183;Cars/15-55;Cars/15-55/067.csv
test;Cars;04185;Cars/15-55;Cars/15-55/069.csv
test;Cars;04211;Cars/15-55;Cars/15-55/095.csv
test;Cars;04215;Cars/15-55;Cars/15-55/099.csv
test;Cars;04217;Cars/15-55;Cars/15-55/101.csv
test;Cars;04234;Cars/15-55;Cars/15-55/118.csv
test;Cars;04252;Cars/15-55;Cars/15-55/136.csv
test;Cars;04254;Cars/15-55;Cars/15-55/138.csv
test;Cars;04288;Cars/15-55;Cars/15-55/172.csv
test;Cars;04292;Cars/15-55;Cars/15-55/176.csv
test;Cars;04293;Cars/15-55;Cars/15-55/177.csv
test;Cars;04296;Cars/15-55;Cars/15-55/180.csv
test;Cars;04302;Cars/15-55;Cars/15-55/186.csv
test;Cars;04311;Cars/15-55;Cars/15-55/195.csv
test;Cars;04315;Cars/15-55;Cars/15-55/199.csv
test;Cars;04319;Cars/15-55;Cars/15-55/203.csv
test;Cars;04327;Cars/15-55;Cars/15-55/211.csv
test;Cars;04328;Cars/15-55;Cars/15-55/212.csv
test;Cars;04332;Cars/15-55;Cars/15-55/216.csv
test;Cars;04340;Cars/15-55;Cars/15-55/224.csv
test;Cars;04344;Cars/15-55;Cars/15-55/228.csv
test;Cars;04363;Cars/15-55;Cars/15-55/247.csv
test;Cars;04366;Cars/15-55;Cars/15-55/250.csv
test;Cars;04369;Cars/15-55;Cars/15-55/253.csv
test;Cars;04371;Cars/15-55;Cars/15-55/255.csv
test;Cars;04377;Cars/15-55;Cars/15-55/261.csv
test;Cars;04382;Cars/15-55;Cars/15-55/266.csv
test;Cars;04384;Cars/15-55;Cars/15-55/268.csv
test;Cars;04391;Cars/15-55;Cars/15-55/275.csv
test;Cars;04397;Cars/15-55a;Cars/15-55a/004.csv
test;Cars;04399;Cars/15-55a;Cars/15-55a/006.csv
test;Cars;04405;Cars/15-55a;Cars/15-55a/012.csv
test;Cars;04411;Cars/15-55a;Cars/15-55a/018.csv
test;Cars;04439;Cars/15-55m;Cars/15-55m/013.csv
test;Cars;04443;Cars/15-55m;Cars/15-55m/017.csv
test;Cars;04444;Cars/15-55m;Cars/15-55m/018.csv
test;Cars;04445;Cars/15-55m;Cars/15-55m/019.csv
test;Cars;04459;Cars/15-55m;Cars/15-55m/033.csv
test;Cars;04473;Cars/15-55p;Cars/15-55p/014.csv
test;Cars;04476;Cars/15-55p;Cars/15-55p/017.csv
test;Cars;04477;Cars/15-55p;Cars/15-55p/018.csv
test;Cars;04480;Cars/15-55p;Cars/15-55p/021.csv
test;Cars;04490;Cars/15-55p;Cars/15-55p/031.csv
test;Cars;04510;Cars/15-55p;Cars/15-55p/051.csv
test;Cars;04512;Cars/15-55p;Cars/15-55p/053.csv
test;Cars;04523;Cars/15-55p;Cars/15-55p/064.csv
test;Cars;04524;Cars/15-55p;Cars/15-55p/065.csv
test;Cars;04533;Cars/15-55p;Cars/15-55p/074.csv
test;Cars;04537;Cars/15-55p;Cars/15-55p/078.csv
test;Cars;04540;Cars/15-55p;Cars/15-55p/081.csv
test;Cars;04547;Cars/15-55p;Cars/15-55p/088.csv
test;Cars;04559;Cars/15-55p;Cars/15-55p/100.csv
test;Cars;04568;Cars/15-55p;Cars/15-55p/109.csv
test;Cars;04576;Cars/15-55p;Cars/15-55p/117.csv
test;Cars;04582;Cars/15-55p;Cars/15-55p/123.csv
test;Cars;04583;Cars/15-55p;Cars/15-55p/124.csv
test;Cars;04590;Cars/15-55p;Cars/15-55p/131.csv
test;Cars;04601;Cars/15-55p;Cars/15-55p/142.csv
test;Cars;04602;Cars/15-55p;Cars/15-55p/143.csv
test;Cars;04604;Cars/15-55p;Cars/15-55p/145.csv
test;Cars;04607;Cars/15-55p;Cars/15-55p/148.csv
test;Cars;04618;Cars/16-01;Cars/16-01/001.csv
test;Cars;04627;Cars/16-01;Cars/16-01/010.csv
test;Cars;04631;Cars/16-01;Cars/16-01/014.csv
test;Cars;04632;Cars/16-01;Cars/16-01/015.csv
test;Cars;04640;Cars/16-01;Cars/16-01/023.csv
test;Cars;04650;Cars/16-01;Cars/16-01/033.csv
test;Cars;04658;Cars/16-01;Cars/16-01/041.csv
test;Cars;04673;Cars/16-01;Cars/16-01/056.csv
test;Cars;04682;Cars/16-01;Cars/16-01/065.csv
test;Cars;04685;Cars/16-01;Cars/16-01/068.csv
test;Cars;04688;Cars/16-01;Cars/16-01/071.csv
test;Cars;04691;Cars/16-01;Cars/16-01/074.csv
test;Cars;04694;Cars/16-01;Cars/16-01/077.csv
test;Cars;04698;Cars/16-01;Cars/16-01/081.csv
test;Cars;04703;Cars/16-01;Cars/16-01/086.csv
test;Cars;04709;Cars/16-01;Cars/16-01/092.csv
test;Cars;04715;Cars/16-01;Cars/16-01/098.csv
test;Cars;04717;Cars/16-01;Cars/16-01/100.csv
test;Cars;04754;Cars/16-01;Cars/16-01/137.csv
test;Cars;04765;Cars/16-01;Cars/16-01/148.csv
test;Cars;04766;Cars/16-01;Cars/16-01/149.csv
test;Cars;04768;Cars/16-01;Cars/16-01/151.csv
test;Cars;04772;Cars/16-01;Cars/16-01/155.csv
test;Cars;04782;Cars/16-01;Cars/16-01/165.csv
test;Cars;04783;Cars/16-01;Cars/16-01/166.csv
test;Cars;04789;Cars/16-01;Cars/16-01/172.csv
test;Cars;04790;Cars/16-01;Cars/16-01/173.csv
test;Cars;04793;Cars/16-01;Cars/16-01/176.csv
test;Cars;04797;Cars/16-01;Cars/16-01/180.csv
test;Cars;04806;Cars/16-01;Cars/16-01/189.csv
test;Cars;04812;Cars/16-01;Cars/16-01/195.csv
test;Cars;04817;Cars/16-01;Cars/16-01/200.csv
test;Cars;04821;Cars/16-01;Cars/16-01/204.csv
test;Cars;04823;Cars/16-01;Cars/16-01/206.csv
test;Cars;04825;Cars/16-01;Cars/16-01/208.csv
test;Cars;04827;Cars/16-01;Cars/16-01/210.csv
test;Cars;04851;Cars/16-01;Cars/16-01/234.csv
test;Cars;04854;Cars/16-01;Cars/16-01/237.csv
test;Cars;04856;Cars/16-01;Cars/16-01/239.csv
test;Cars;04857;Cars/16-01;Cars/16-01/240.csv
test;Cars;04862;Cars/16-01;Cars/16-01/245.csv
test;Cars;04874;Cars/16-01;Cars/16-01/257.csv
test;Cars;04875;Cars/16-01;Cars/16-01/258.csv
test;Cars;04878;Cars/16-01p;Cars/16-01p/001.csv
test;Cars;04883;Cars/16-01p;Cars/16-01p/006.csv
test;Cars;04902;Cars/16-01p;Cars/16-01p/025.csv
test;Cars;04908;Cars/16-01p;Cars/16-01p/031.csv
test;Cars;04916;Cars/16-01p;Cars/16-01p/039.csv
test;Cars;04917;Cars/16-01p;Cars/16-01p/040.csv
test;Cars;04926;Cars/16-01p;Cars/16-01p/049.csv
test;Cars;04935;Cars/16-01p;Cars/16-01p/058.csv
test;Cars;04939;Cars/16-01p;Cars/16-01p/062.csv
test;Cars;04940;Cars/16-01p;Cars/16-01p/063.csv
test;Cars;04941;Cars/16-01p;Cars/16-01p/064.csv
test;Cars;04955;Cars/16-01p;Cars/16-01p/078.csv
test;Cars;04960;Cars/16-01p;Cars/16-01p/083.csv
test;Cars;04963;Cars/16-01p;Cars/16-01p/086.csv
test;Cars;04964;Cars/16-01p;Cars/16-01p/087.csv
test;Cars;04971;Cars/16-01p;Cars/16-01p/094.csv
test;Cars;04975;Cars/16-01p;Cars/16-01p/098.csv
test;Cars;04978;Cars/16-01p;Cars/16-01p/101.csv
test;Cars;04979;Cars/16-01p;Cars/16-01p/102.csv
test;Cars;04983;Cars/16-01p;Cars/16-01p/106.csv
test;Cars;04984;Cars/16-01p;Cars/16-01p/107.csv
test;Cars;04998;Cars/16-01p;Cars/16-01p/121.csv
test;Cars;05000;Cars/16-01p;Cars/16-01p/123.csv
test;Cars;05001;Cars/16-01p;Cars/16-01p/124.csv
test;Cars;05008;Cars/16-07;Cars/16-07/002.csv
test;Cars;05016;Cars/16-07;Cars/16-07/010.csv
test;Cars;05027;Cars/16-07;Cars/16-07/021.csv
test;Cars;05029;Cars/16-07;Cars/16-07/023.csv
test;Cars;05031;Cars/16-07;Cars/16-07/025.csv
test;Cars;05032;Cars/16-07;Cars/16-07/026.csv
test;Cars;05033;Cars/16-07;Cars/16-07/027.csv
test;Cars;05040;Cars/16-07;Cars/16-07/034.csv
test;Cars;05048;Cars/16-07;Cars/16-07/042.csv
test;Cars;05058;Cars/16-07;Cars/16-07/052.csv
test;Cars;05072;Cars/16-07;Cars/16-07/066.csv
test;Cars;05084;Cars/16-07;Cars/16-07/078.csv
test;Cars;05092;Cars/16-07;Cars/16-07/086.csv
test;Cars;05095;Cars/16-07;Cars/16-07/089.csv
test;Cars;05123;Cars/16-07;Cars/16-07/117.csv
test;Cars;05147;Cars/16-07;Cars/16-07/141.csv
test;Cars;05150;Cars/16-07;Cars/16-07/144.csv
test;Cars;05155;Cars/16-07;Cars/16-07/149.csv
test;Cars;05157;Cars/16-07;Cars/16-07/151.csv
test;Cars;05167;Cars/16-07;Cars/16-07/161.csv
test;Cars;05182;Cars/16-07;Cars/16-07/176.csv
test;Cars;05183;Cars/16-07;Cars/16-07/177.csv
test;Cars;05235;Cars/16-07;Cars/16-07/229.csv
test;Cars;05243;Cars/16-07;Cars/16-07/237.csv
test;Cars;05246;Cars/16-07;Cars/16-07/240.csv
test;Cars;05247;Cars/16-07;Cars/16-07/241.csv
test;Cars;05253;Cars/16-07;Cars/16-07/247.csv
test;Cars;05257;Cars/16-07;Cars/16-07/251.csv
test;Cars;05286;Cars/16-07;Cars/16-07/280.csv
test;Cars;05288;Cars/16-07;Cars/16-07/282.csv
test;Cars;05289;Cars/16-07p;Cars/16-07p/001.csv
test;Cars;05313;Cars/16-07p;Cars/16-07p/025.csv
test;Cars;05314;Cars/16-07p;Cars/16-07p/026.csv
test;Cars;05320;Cars/16-07p;Cars/16-07p/032.csv
test;Cars;05343;Cars/16-07p;Cars/16-07p/055.csv
test;Cars;05346;Cars/16-07p;Cars/16-07p/058.csv
test;Cars;05347;Cars/16-07p;Cars/16-07p/059.csv
test;Cars;05349;Cars/16-07p;Cars/16-07p/061.csv
test;Cars;05352;Cars/16-07p;Cars/16-07p/064.csv
test;Cars;05359;Cars/16-07p;Cars/16-07p/071.csv
test;Cars;05360;Cars/16-07p;Cars/16-07p/072.csv
test;Cars;05367;Cars/16-07p;Cars/16-07p/079.csv
test;Cars;05370;Cars/16-07p;Cars/16-07p/082.csv
test;Cars;05383;Cars/16-07p;Cars/16-07p/095.csv
test;Cars;05397;Cars/16-07p;Cars/16-07p/109.csv
test;Cars;05399;Cars/16-07p;Cars/16-07p/111.csv
test;Cars;05402;Cars/16-07p;Cars/16-07p/114.csv
test;Cars;05404;Cars/16-07p;Cars/16-07p/116.csv
test;Cars;05411;Cars/16-07p;Cars/16-07p/123.csv
test;Cars;05416;Cars/16-07p;Cars/16-07p/128.csv
test;Cars;05423;Cars/16-07p;Cars/16-07p/135.csv
test;Cars;05433;Cars/16-07p;Cars/16-07p/145.csv
test;Cars;05444;Cars/17-09;Cars/17-09/004.csv
test;Cars;05445;Cars/17-09;Cars/17-09/005.csv
test;Cars;05473;Cars/17-09;Cars/17-09/033.csv
test;Cars;05474;Cars/17-09;Cars/17-09/034.csv
test;Cars;05481;Cars/17-09;Cars/17-09/041.csv
test;Cars;05490;Cars/17-09;Cars/17-09/050.csv
test;Cars;05493;Cars/17-09;Cars/17-09/053.csv
test;Cars;05501;Cars/17-09;Cars/17-09/061.csv
test;Cars;05503;Cars/17-09;Cars/17-09/063.csv
test;Cars;05508;Cars/17-09;Cars/17-09/068.csv
test;Cars;05513;Cars/17-09;Cars/17-09/073.csv
test;Cars;05520;Cars/17-09;Cars/17-09/080.csv
test;Cars;05523;Cars/17-09;Cars/17-09/083.csv
test;Cars;05539;Cars/17-09;Cars/17-09/099.csv
test;Cars;05549;Cars/17-09;Cars/17-09/109.csv
test;Cars;05556;Cars/17-09;Cars/17-09/116.csv
test;Cars;05566;Cars/17-09;Cars/17-09/126.csv
test;Cars;05570;Cars/17-09;Cars/17-09/130.csv
test;Cars;05580;Cars/17-09;Cars/17-09/140.csv
test;Cars;05581;Cars/17-09p;Cars/17-09p/001.csv
test;Cars;05587;Cars/17-09p;Cars/17-09p/007.csv
test;Cars;05598;Cars/17-09p;Cars/17-09p/018.csv
test;Cars;05600;Cars/17-09p;Cars/17-09p/020.csv
test;Cars;05616;Cars/17-09p;Cars/17-09p/036.csv
test;Cars;05617;Cars/17-09p;Cars/17-09p/037.csv
test;Cars;05621;Cars/17-09p;Cars/17-09p/041.csv
test;Cars;05625;Cars/17-09p;Cars/17-09p/045.csv
test;Cars;05627;Cars/17-09p;Cars/17-09p/047.csv
test;Cars;05630;Cars/17-09p;Cars/17-09p/050.csv
test;Cars;05640;Cars/17-09p;Cars/17-09p/060.csv
test;Cars;05653;Cars/17-09p;Cars/17-09p/073.csv
test;Cars;05673;Cars/17-09p;Cars/17-09p/093.csv
test;Cars;05678;Cars/17-09p;Cars/17-09p/098.csv
test;Cars;05679;Cars/17-09p;Cars/17-09p/099.csv
test;Cars;05681;Cars/17-09p;Cars/17-09p/101.csv
test;Cars;05700;Cars/17-09p;Cars/17-09p/120.csv
test;Cars;05714;Cars/17-09p;Cars/17-09p/134.csv
test;Cars;05718;Cars/17-09p;Cars/17-09p/138.csv
test;Cars;05719;Cars/17-09p;Cars/17-09p/139.csv
test;Drones;00013;Drones/12-34;Drones/12-34/013.csv
test;Drones;00015;Drones/12-34;Drones/12-34/015.csv
test;Drones;00018;Drones/12-34;Drones/12-34/018.csv
test;Drones;00024;Drones/12-34;Drones/12-34/024.csv
test;Drones;00026;Drones/12-34;Drones/12-34/026.csv
test;Drones;00032;Drones/12-34;Drones/12-34/032.csv
test;Drones;00033;Drones/12-34;Drones/12-34/033.csv
test;Drones;00044;Drones/12-34;Drones/12-34/051.csv
test;Drones;00046;Drones/12-34;Drones/12-34/053.csv
test;Drones;00062;Drones/12-34;Drones/12-34/069.csv
test;Drones;00063;Drones/12-34;Drones/12-34/070.csv
test;Drones;00066;Drones/12-34;Drones/12-34/073.csv
test;Drones;00069;Drones/12-34;Drones/12-34/076.csv
test;Drones;00070;Drones/12-34;Drones/12-34/077.csv
test;Drones;00074;Drones/12-34;Drones/12-34/081.csv
test;Drones;00076;Drones/12-34;Drones/12-34/083.csv
test;Drones;00081;Drones/12-34;Drones/12-34/088.csv
test;Drones;00085;Drones/12-34;Drones/12-34/092.csv
test;Drones;00091;Drones/12-34;Drones/12-34/098.csv
test;Drones;00096;Drones/12-34;Drones/12-34/103.csv
test;Drones;00112;Drones/12-34;Drones/12-34/119.csv
test;Drones;00114;Drones/12-34;Drones/12-34/121.csv
test;Drones;00121;Drones/12-34;Drones/12-34/128.csv
test;Drones;00133;Drones/12-34;Drones/12-34/140.csv
test;Drones;00135;Drones/12-34;Drones/12-34/142.csv
test;Drones;00140;Drones/12-34;Drones/12-34/147.csv
test;Drones;00150;Drones/12-34;Drones/12-34/157.csv
test;Drones;00151;Drones/12-34;Drones/12-34/159.csv
test;Drones;00152;Drones/12-34;Drones/12-34/160.csv
test;Drones;00158;Drones/12-34;Drones/12-34/170.csv
test;Drones;00167;Drones/12-34;Drones/12-34/179.csv
test;Drones;00175;Drones/12-34;Drones/12-34/187.csv
test;Drones;00180;Drones/12-34;Drones/12-34/192.csv
test;Drones;00185;Drones/12-34;Drones/12-34/197.csv
test;Drones;00189;Drones/12-34;Drones/12-34/201.csv
test;Drones;00197;Drones/12-34;Drones/12-34/209.csv
test;Drones;00209;Drones/12-34;Drones/12-34/224.csv
test;Drones;00211;Drones/12-34;Drones/12-34/229.csv
test;Drones;00215;Drones/12-34;Drones/12-34/233.csv
test;Drones;00218;Drones/12-34;Drones/12-34/236.csv
test;Drones;00220;Drones/12-34;Drones/12-34/238.csv
test;Drones;00221;Drones/12-34;Drones/12-34/239.csv
test;Drones;00230;Drones/12-34;Drones/12-34/248.csv
test;Drones;00231;Drones/12-34;Drones/12-34/249.csv
test;Drones;00234;Drones/12-34;Drones/12-34/255.csv
test;Drones;00240;Drones/12-34;Drones/12-34/264.csv
test;Drones;00241;Drones/12-34;Drones/12-34/265.csv
test;Drones;00248;Drones/12-34;Drones/12-34/272.csv
test;Drones;00252;Drones/12-34;Drones/12-34/276.csv
test;Drones;00284;Drones/12-34;Drones/12-34/311.csv
test;Drones;00288;Drones/12-34;Drones/12-34/315.csv
test;Drones;00292;Drones/12-34;Drones/12-34/319.csv
test;Drones;00294;Drones/12-34;Drones/12-34/321.csv
test;Drones;00298;Drones/12-34;Drones/12-34/325.csv
test;Drones;00299;Drones/12-34;Drones/12-34/326.csv
test;Drones;00306;Drones/12-34;Drones/12-34/333.csv
test;Drones;00309;Drones/12-34;Drones/12-34/336.csv
test;Drones;00326;Drones/12-34;Drones/12-34/353.csv
test;Drones;00329;Drones/12-34;Drones/12-34/356.csv
test;Drones;00331;Drones/12-34;Drones/12-34/358.csv
test;Drones;00333;Drones/12-34;Drones/12-34/360.csv
test;Drones;00347;Drones/12-34;Drones/12-34/377.csv
test;Drones;00352;Drones/12-34;Drones/12-34/382.csv
test;Drones;00354;Drones/12-34;Drones/12-34/384.csv
test;Drones;00355;Drones/12-34;Drones/12-34/386.csv
test;Drones;00367;Drones/12-34;Drones/12-34/406.csv
test;Drones;00374;Drones/12-34;Drones/12-34/413.csv
test;Drones;00377;Drones/12-34;Drones/12-34/417.csv
test;Drones;00379;Drones/12-34;Drones/12-34/419.csv
test;Drones;00415;Drones/12-34;Drones/12-34/462.csv
test;Drones;00417;Drones/12-34;Drones/12-34/466.csv
test;Drones;00423;Drones/12-34;Drones/12-34/475.csv
test;Drones;00430;Drones/12-34;Drones/12-34/486.csv
test;Drones;00433;Drones/12-34;Drones/12-34/490.csv
test;Drones;00451;Drones/12-34;Drones/12-34/511.csv
test;Drones;00453;Drones/12-34;Drones/12-34/513.csv
test;Drones;00458;Drones/12-34;Drones/12-34/518.csv
test;Drones;00464;Drones/12-34;Drones/12-34/527.csv
test;Drones;00466;Drones/12-34;Drones/12-34/529.csv
test;Drones;00472;Drones/12-34;Drones/12-34/535.csv
test;Drones;00473;Drones/12-34;Drones/12-34/536.csv
test;Drones;00486;Drones/12-34;Drones/12-34/552.csv
test;Drones;00491;Drones/12-34;Drones/12-34/557.csv
test;Drones;00492;Drones/12-34;Drones/12-34/558.csv
test;Drones;00498;Drones/12-34;Drones/12-34/564.csv
test;Drones;00507;Drones/12-34;Drones/12-34/573.csv
test;Drones;00512;Drones/12-34;Drones/12-34/578.csv
test;Drones;00518;Drones/12-34;Drones/12-34/584.csv
test;Drones;00519;Drones/12-34;Drones/12-34/588.csv
test;Drones;00528;Drones/12-34;Drones/12-34/597.csv
test;Drones;00534;Drones/12-34;Drones/12-34/604.csv
test;Drones;00535;Drones/12-34;Drones/12-34/605.csv
test;Drones;00539;Drones/12-34;Drones/12-34/609.csv
test;Drones;00541;Drones/12-34;Drones/12-34/611.csv
test;Drones;00545;Drones/12-34;Drones/12-34/615.csv
test;Drones;00552;Drones/12-34;Drones/12-34/622.csv
test;Drones;00554;Drones/12-34;Drones/12-34/627.csv
test;Drones;00562;Drones/12-34;Drones/12-34/638.csv
test;Drones;00565;Drones/12-34;Drones/12-34/641.csv
test;Drones;00569;Drones/12-34;Drones/12-34/645.csv
test;Drones;00585;Drones/12-34;Drones/12-34/661.csv
test;Drones;00599;Drones/12-34;Drones/12-34/675.csv
test;Drones;00603;Drones/12-34;Drones/12-34/680.csv
test;Drones;00605;Drones/12-34;Drones/12-34/682.csv
test;Drones;00612;Drones/12-34;Drones/12-34/690.csv
test;Drones;00621;Drones/12-34;Drones/12-34/699.csv
test;Drones;00623;Drones/12-34;Drones/12-34/701.csv
test;Drones;00628;Drones/12-34;Drones/12-34/706.csv
test;Drones;00634;Drones/12-34;Drones/12-34/712.csv
test;Drones;00644;Drones/12-34;Drones/12-34/722.csv
test;Drones;00654;Drones/12-34;Drones/12-34/732.csv
test;Drones;00656;Drones/12-34;Drones/12-34/734.csv
test;Drones;00680;Drones/12-41;Drones/12-41/020.csv
test;Drones;00681;Drones/12-41;Drones/12-41/021.csv
test;Drones;00692;Drones/12-41;Drones/12-41/032.csv
test;Drones;00694;Drones/12-41;Drones/12-41/034.csv
test;Drones;00709;Drones/12-41;Drones/12-41/049.csv
test;Drones;00712;Drones/12-41;Drones/12-41/052.csv
test;Drones;00721;Drones/12-41;Drones/12-41/061.csv
test;Drones;00756;Drones/12-41;Drones/12-41/096.csv
test;Drones;00765;Drones/12-41;Drones/12-41/105.csv
test;Drones;00766;Drones/12-41;Drones/12-41/106.csv
test;Drones;00777;Drones/12-41;Drones/12-41/117.csv
test;Drones;00784;Drones/12-41;Drones/12-41/124.csv
test;Drones;00788;Drones/12-41;Drones/12-41/128.csv
test;Drones;00791;Drones/12-41;Drones/12-41/131.csv
test;Drones;00803;Drones/12-41;Drones/12-41/143.csv
test;Drones;00804;Drones/12-41;Drones/12-41/144.csv
test;Drones;00808;Drones/12-41;Drones/12-41/148.csv
test;Drones;00810;Drones/12-41;Drones/12-41/150.csv
test;Drones;00811;Drones/12-41;Drones/12-41/151.csv
test;Drones;00812;Drones/12-41;Drones/12-41/152.csv
test;Drones;00813;Drones/12-41;Drones/12-41/153.csv
test;Drones;00818;Drones/12-41;Drones/12-41/158.csv
test;Drones;00829;Drones/12-41;Drones/12-41/169.csv
test;Drones;00830;Drones/12-41;Drones/12-41/170.csv
test;Drones;00832;Drones/12-41;Drones/12-41/172.csv
test;Drones;00834;Drones/12-41;Drones/12-41/174.csv
test;Drones;00842;Drones/12-41;Drones/12-41/182.csv
test;Drones;00843;Drones/12-41;Drones/12-41/183.csv
test;Drones;00844;Drones/12-41;Drones/12-41/184.csv
test;Drones;00849;Drones/12-41;Drones/12-41/189.csv
test;Drones;00860;Drones/12-41;Drones/12-41/200.csv
test;Drones;00872;Drones/12-41;Drones/12-41/212.csv
test;Drones;00878;Drones/12-41;Drones/12-41/218.csv
test;Drones;00882;Drones/12-41;Drones/12-41/222.csv
test;Drones;00894;Drones/12-41;Drones/12-41/234.csv
test;Drones;00916;Drones/12-41;Drones/12-41/256.csv
test;Drones;00928;Drones/12-41;Drones/12-41/268.csv
test;Drones;00932;Drones/12-41;Drones/12-41/272.csv
test;Drones;00945;Drones/12-41;Drones/12-41/285.csv
test;Drones;00946;Drones/12-41;Drones/12-41/286.csv
test;Drones;00950;Drones/12-41;Drones/12-41/290.csv
test;Drones;00953;Drones/12-41;Drones/12-41/293.csv
test;Drones;00978;Drones/12-41;Drones/12-41/318.csv
test;Drones;00979;Drones/12-41;Drones/12-41/319.csv
test;Drones;00991;Drones/12-41;Drones/12-41/331.csv
test;Drones;00995;Drones/12-41;Drones/12-41/335.csv
test;Drones;00997;Drones/12-41;Drones/12-41/337.csv
test;Drones;01000;Drones/12-41;Drones/12-41/340.csv
test;Drones;01003;Drones/12-41;Drones/12-41/343.csv
test;Drones;01019;Drones/12-41;Drones/12-41/359.csv
test;Drones;01025;Drones/12-41;Drones/12-41/365.csv
test;Drones;01033;Drones/12-41;Drones/12-41/373.csv
test;Drones;01042;Drones/12-41;Drones/12-41/382.csv
test;Drones;01045;Drones/12-41;Drones/12-41/385.csv
test;Drones;01056;Drones/12-41;Drones/12-41/396.csv
test;Drones;01074;Drones/12-41;Drones/12-41/414.csv
test;Drones;01075;Drones/12-41;Drones/12-41/415.csv
test;Drones;01091;Drones/12-41;Drones/12-41/431.csv
test;Drones;01096;Drones/12-41;Drones/12-41/436.csv
test;Drones;01097;Drones/12-41;Drones/12-41/437.csv
test;Drones;01103;Drones/12-41;Drones/12-41/443.csv
test;Drones;01116;Drones/12-41;Drones/12-41/456.csv
test;Drones;01117;Drones/12-41;Drones/12-41/457.csv
test;Drones;01120;Drones/12-41;Drones/12-41/460.csv
test;Drones;01124;Drones/12-41;Drones/12-41/464.csv
test;Drones;01130;Drones/12-41;Drones/12-41/470.csv
test;Drones;01150;Drones/12-41;Drones/12-41/490.csv
test;Drones;01162;Drones/13-14;Drones/13-14/002.csv
test;Drones;01165;Drones/13-14;Drones/13-14/005.csv
test;Drones;01173;Drones/13-14;Drones/13-14/013.csv
test;Drones;01174;Drones/13-14;Drones/13-14/014.csv
test;Drones;01182;Drones/13-14;Drones/13-14/022.csv
test;Drones;01184;Drones/13-14;Drones/13-14/024.csv
test;Drones;01197;Drones/13-14;Drones/13-14/037.csv
test;Drones;01205;Drones/13-14;Drones/13-14/045.csv
test;Drones;01210;Drones/13-14;Drones/13-14/050.csv
test;Drones;01213;Drones/13-14;Drones/13-14/053.csv
test;Drones;01216;Drones/13-14;Drones/13-14/056.csv
test;Drones;01221;Drones/13-14;Drones/13-14/061.csv
test;Drones;01223;Drones/13-14;Drones/13-14/063.csv
test;Drones;01225;Drones/13-14;Drones/13-14/065.csv
test;Drones;01232;Drones/13-14;Drones/13-14/072.csv
test;Drones;01236;Drones/13-14;Drones/13-14/076.csv
test;Drones;01245;Drones/13-14;Drones/13-14/085.csv
test;Drones;01256;Drones/13-14;Drones/13-14/096.csv
test;Drones;01259;Drones/13-14;Drones/13-14/099.csv
test;Drones;01265;Drones/13-14;Drones/13-14/105.csv
test;Drones;01282;Drones/13-14;Drones/13-14/122.csv
test;Drones;01293;Drones/13-14;Drones/13-14/133.csv
test;Drones;01294;Drones/13-14;Drones/13-14/134.csv
test;Drones;01323;Drones/13-14;Drones/13-14/163.csv
test;Drones;01324;Drones/13-14;Drones/13-14/164.csv
test;Drones;01331;Drones/13-14;Drones/13-14/171.csv
test;Drones;01336;Drones/13-14;Drones/13-14/176.csv
test;Drones;01339;Drones/13-14;Drones/13-14/179.csv
test;Drones;01345;Drones/13-14;Drones/13-14/185.csv
test;Drones;01346;Drones/13-14;Drones/13-14/186.csv
test;Drones;01375;Drones/13-14;Drones/13-14/215.csv
test;Drones;01384;Drones/13-14;Drones/13-14/224.csv
test;Drones;01393;Drones/13-14;Drones/13-14/233.csv
test;Drones;01406;Drones/13-14;Drones/13-14/246.csv
test;Drones;01414;Drones/13-14;Drones/13-14/254.csv
test;Drones;01422;Drones/13-14;Drones/13-14/262.csv
test;Drones;01426;Drones/13-14;Drones/13-14/266.csv
test;Drones;01428;Drones/13-14;Drones/13-14/268.csv
test;Drones;01434;Drones/13-14;Drones/13-14/274.csv
test;Drones;01438;Drones/13-14;Drones/13-14/278.csv
test;Drones;01439;Drones/13-14;Drones/13-14/279.csv
test;Drones;01445;Drones/13-14;Drones/13-14/285.csv
test;Drones;01449;Drones/13-14;Drones/13-14/289.csv
test;Drones;01457;Drones/13-14;Drones/13-14/297.csv
test;Drones;01472;Drones/13-14;Drones/13-14/312.csv
test;Drones;01484;Drones/13-14;Drones/13-14/324.csv
test;Drones;01488;Drones/13-14;Drones/13-14/328.csv
test;Drones;01490;Drones/13-14;Drones/13-14/330.csv
test;Drones;01515;Drones/13-14;Drones/13-14/355.csv
test;Drones;01520;Drones/13-14;Drones/13-14/360.csv
test;Drones;01533;Drones/13-21;Drones/13-21/001.csv
test;Drones;01534;Drones/13-21;Drones/13-21/002.csv
test;Drones;01537;Drones/13-21;Drones/13-21/005.csv
test;Drones;01539;Drones/13-21;Drones/13-21/007.csv
test;Drones;01542;Drones/13-21;Drones/13-21/012.csv
test;Drones;01544;Drones/13-21;Drones/13-21/014.csv
test;Drones;01546;Drones/13-21;Drones/13-21/016.csv
test;Drones;01551;Drones/13-21;Drones/13-21/021.csv
test;Drones;01554;Drones/13-21;Drones/13-21/024.csv
test;Drones;01555;Drones/13-21;Drones/13-21/025.csv
test;Drones;01579;Drones/13-21;Drones/13-21/057.csv
test;Drones;01584;Drones/13-21;Drones/13-21/065.csv
test;Drones;01589;Drones/13-21;Drones/13-21/075.csv
test;Drones;01591;Drones/13-21;Drones/13-21/079.csv
test;Drones;01610;Drones/13-21;Drones/13-21/104.csv
test;Drones;01613;Drones/13-21;Drones/13-21/107.csv
test;Drones;01617;Drones/13-21;Drones/13-21/111.csv
test;Drones;01619;Drones/13-21;Drones/13-21/113.csv
test;Drones;01621;Drones/13-21;Drones/13-21/115.csv
test;Drones;01624;Drones/13-21;Drones/13-21/118.csv
test;Drones;01627;Drones/13-21;Drones/13-21/121.csv
test;Drones;01633;Drones/13-21;Drones/13-21/127.csv
test;Drones;01635;Drones/13-21;Drones/13-21/129.csv
test;Drones;01648;Drones/13-21;Drones/13-21/144.csv
test;Drones;01653;Drones/13-21;Drones/13-21/149.csv
test;Drones;01670;Drones/13-21;Drones/13-21/167.csv
test;Drones;01671;Drones/13-21;Drones/13-21/168.csv
test;Drones;01676;Drones/13-21;Drones/13-21/173.csv
test;Drones;01695;Drones/13-21;Drones/13-21/202.csv
test;Drones;01700;Drones/13-21;Drones/13-21/207.csv
test;Drones;01704;Drones/13-21;Drones/13-21/211.csv
test;Drones;01706;Drones/13-21;Drones/13-21/213.csv
test;Drones;01715;Drones/13-21;Drones/13-21/222.csv
test;Drones;01718;Drones/13-21;Drones/13-21/225.csv
test;Drones;01719;Drones/13-21;Drones/13-21/226.csv
test;Drones;01721;Drones/13-21;Drones/13-21/228.csv
test;Drones;01724;Drones/13-21;Drones/13-21/231.csv
test;Drones;01727;Drones/13-21;Drones/13-21/234.csv
test;Drones;01730;Drones/13-21;Drones/13-21/237.csv
test;Drones;01731;Drones/13-21;Drones/13-21/238.csv
test;Drones;01737;Drones/13-21;Drones/13-21/245.csv
test;Drones;01739;Drones/13-21;Drones/13-21/247.csv
test;Drones;01746;Drones/13-21;Drones/13-21/254.csv
test;Drones;01752;Drones/13-21;Drones/13-21/260.csv
test;Drones;01753;Drones/13-21;Drones/13-21/261.csv
test;Drones;01756;Drones/13-21;Drones/13-21/264.csv
test;Drones;01770;Drones/13-21;Drones/13-21/278.csv
test;Drones;01780;Drones/13-21;Drones/13-21/288.csv
test;Drones;01787;Drones/13-21;Drones/13-21/295.csv
test;Drones;01808;Drones/13-21;Drones/13-21/316.csv
test;Drones;01814;Drones/13-21;Drones/13-21/322.csv
test;Drones;01823;Drones/13-21;Drones/13-21/331.csv
test;Drones;01832;Drones/13-21;Drones/13-21/340.csv
test;Drones;01840;Drones/13-21;Drones/13-21/348.csv
test;Drones;01845;Drones/13-21;Drones/13-21/353.csv
test;Drones;01850;Drones/13-21;Drones/13-21/358.csv
test;Drones;01860;Drones/13-21;Drones/13-21/368.csv
test;Drones;01868;Drones/13-21;Drones/13-21/376.csv
test;Drones;01872;Drones/13-21;Drones/13-21/380.csv
test;Drones;01874;Drones/13-21;Drones/13-21/382.csv
test;Drones;01875;Drones/13-21;Drones/13-21/383.csv
test;Drones;01877;Drones/13-21;Drones/13-21/385.csv
test;Drones;01878;Drones/13-21;Drones/13-21/386.csv
test;Drones;01892;Drones/13-21;Drones/13-21/400.csv
test;Drones;01893;Drones/13-21;Drones/13-21/401.csv
test;Drones;01894;Drones/13-21;Drones/13-21/402.csv
test;Drones;01908;Drones/13-21;Drones/13-21/416.csv
test;Drones;01910;Drones/13-21;Drones/13-21/418.csv
test;Drones;01913;Drones/13-21;Drones/13-21/421.csv
test;Drones;01925;Drones/13-21;Drones/13-21/433.csv
test;Drones;01943;Drones/13-21;Drones/13-21/451.csv
test;Drones;01947;Drones/13-21;Drones/13-21/455.csv
test;Drones;01958;Drones/13-21;Drones/13-21/466.csv
test;Drones;01965;Drones/13-21;Drones/13-21/473.csv
test;Drones;01967;Drones/13-21;Drones/13-21/475.csv
test;Drones;01974;Drones/13-21;Drones/13-21/482.csv
test;Drones;01984;Drones/13-21;Drones/13-21/492.csv
test;Drones;01989;Drones/13-21;Drones/13-21/497.csv
test;Drones;01996;Drones/13-21;Drones/13-21/504.csv
test;Drones;02006;Drones/13-48;Drones/13-48/003.csv
test;Drones;02016;Drones/13-48;Drones/13-48/013.csv
test;Drones;02019;Drones/13-48;Drones/13-48/016.csv
test;Drones;02035;Drones/13-48;Drones/13-48/032.csv
test;Drones;02043;Drones/13-48;Drones/13-48/040.csv
test;Drones;02074;Drones/13-48;Drones/13-48/071.csv
test;Drones;02078;Drones/13-48;Drones/13-48/075.csv
test;Drones;02089;Drones/13-48;Drones/13-48/086.csv
test;Drones;02092;Drones/13-48;Drones/13-48/089.csv
test;Drones;02093;Drones/13-48;Drones/13-48/090.csv
test;Drones;02111;Drones/13-48;Drones/13-48/108.csv
test;Drones;02112;Drones/13-48;Drones/13-48/109.csv
test;Drones;02115;Drones/13-48;Drones/13-48/112.csv
test;Drones;02116;Drones/13-48;Drones/13-48/113.csv
test;Drones;02120;Drones/13-48;Drones/13-48/117.csv
test;Drones;02122;Drones/13-48;Drones/13-48/119.csv
test;Drones;02125;Drones/13-48;Drones/13-48/122.csv
test;Drones;02134;Drones/13-48;Drones/13-48/131.csv
test;Drones;02158;Drones/13-48;Drones/13-48/155.csv
test;Drones;02178;Drones/13-48;Drones/13-48/175.csv
test;Drones;02221;Drones/13-48;Drones/13-48/218.csv
test;Drones;02222;Drones/13-48;Drones/13-48/219.csv
test;Drones;02228;Drones/13-48;Drones/13-48/225.csv
test;Drones;02232;Drones/13-48;Drones/13-48/229.csv
test;Drones;02237;Drones/13-48;Drones/13-48/234.csv
test;Drones;02239;Drones/13-48;Drones/13-48/236.csv
test;Drones;02243;Drones/13-48;Drones/13-48/240.csv
test;Drones;02246;Drones/13-48;Drones/13-48/243.csv
test;Drones;02253;Drones/13-48;Drones/13-48/250.csv
test;Drones;02260;Drones/13-48;Drones/13-48/257.csv
test;Drones;02265;Drones/13-48;Drones/13-48/262.csv
test;Drones;02268;Drones/13-48;Drones/13-48/265.csv
test;Drones;02269;Drones/13-48;Drones/13-48/266.csv
test;Drones;02270;Drones/13-48;Drones/13-48/267.csv
test;Drones;02275;Drones/13-48;Drones/13-48/272.csv
test;Drones;02277;Drones/13-48;Drones/13-48/274.csv
test;Drones;02278;Drones/13-48;Drones/13-48/275.csv
test;Drones;02288;Drones/13-48;Drones/13-48/285.csv
test;Drones;02293;Drones/13-48;Drones/13-48/290.csv
test;Drones;02296;Drones/13-48;Drones/13-48/293.csv
test;Drones;02306;Drones/13-48;Drones/13-48/303.csv
test;Drones;02314;Drones/13-48;Drones/13-48/311.csv
test;Drones;02315;Drones/13-48;Drones/13-48/312.csv
test;Drones;02318;Drones/13-48;Drones/13-48/315.csv
test;Drones;02332;Drones/13-48;Drones/13-48/329.csv
test;Drones;02342;Drones/13-48;Drones/13-48/339.csv
test;Drones;02355;Drones/13-48;Drones/13-48/352.csv
test;Drones;02368;Drones/13-48;Drones/13-48/365.csv
test;Drones;02371;Drones/13-48;Drones/13-48/368.csv
test;Drones;02378;Drones/13-48;Drones/13-48/375.csv
test;Drones;02379;Drones/13-48;Drones/13-48/376.csv
test;Drones;02385;Drones/13-48;Drones/13-48/382.csv
test;Drones;02418;Drones/15-16;Drones/15-16/022.csv
test;Drones;02419;Drones/15-16;Drones/15-16/023.csv
test;Drones;02421;Drones/15-16;Drones/15-16/025.csv
test;Drones;02438;Drones/15-18;Drones/15-18/011.csv
test;Drones;02439;Drones/15-18;Drones/15-18/012.csv
test;Drones;02452;Drones/15-18;Drones/15-18/025.csv
test;Drones;02458;Drones/15-18;Drones/15-18/031.csv
test;Drones;02463;Drones/15-18;Drones/15-18/036.csv
test;Drones;02464;Drones/15-18;Drones/15-18/037.csv
test;Drones;02466;Drones/15-18;Drones/15-18/039.csv
test;Drones;02474;Drones/15-21;Drones/15-21/005.csv
test;Drones;02477;Drones/15-21;Drones/15-21/008.csv
test;Drones;02481;Drones/15-21;Drones/15-21/012.csv
test;Drones;02496;Drones/15-21;Drones/15-21/027.csv
test;Drones;02499;Drones/15-21;Drones/15-21/030.csv
test;Drones;02518;Drones/15-21;Drones/15-21/049.csv
test;Drones;02519;Drones/15-21;Drones/15-21/050.csv
test;Drones;02520;Drones/15-21;Drones/15-21/051.csv
test;Drones;02521;Drones/15-21;Drones/15-21/052.csv
test;Drones;02522;Drones/15-21;Drones/15-21/053.csv
test;Drones;02534;Drones/15-21;Drones/15-21/065.csv
test;Drones;02535;Drones/15-21;Drones/15-21/066.csv
test;Drones;02548;Drones/15-21;Drones/15-21/079.csv
test;Drones;02550;Drones/15-21;Drones/15-21/081.csv
test;Drones;02556;Drones/15-21;Drones/15-21/087.csv
test;Drones;02570;Drones/15-21;Drones/15-21/101.csv
test;Drones;02581;Drones/15-21;Drones/15-21/112.csv
test;Drones;02592;Drones/15-21;Drones/15-21/123.csv
test;Drones;02601;Drones/15-21;Drones/15-21/132.csv
test;Drones;02603;Drones/15-21;Drones/15-21/134.csv
test;Drones;02616;Drones/15-21;Drones/15-21/147.csv
test;Drones;02620;Drones/15-21;Drones/15-21/151.csv
test;Drones;02623;Drones/15-21;Drones/15-21/154.csv
test;Drones;02624;Drones/15-21;Drones/15-21/155.csv
test;Drones;02629;Drones/15-21;Drones/15-21/160.csv
test;Drones;02631;Drones/15-21;Drones/15-21/162.csv
test;Drones;02639;Drones/15-21;Drones/15-21/170.csv
test;Drones;02645;Drones/15-21;Drones/15-21/176.csv
test;Drones;02649;Drones/15-21;Drones/15-21/180.csv
test;Drones;02650;Drones/15-21;Drones/15-21/181.csv
test;Drones;02659;Drones/15-24;Drones/15-24/009.csv
test;Drones;02665;Drones/15-24;Drones/15-24/015.csv
test;Drones;02670;Drones/15-24;Drones/15-24/020.csv
test;Drones;02674;Drones/15-24;Drones/15-24/024.csv
test;Drones;02689;Drones/15-24;Drones/15-24/039.csv
test;Drones;02690;Drones/15-24;Drones/15-24/040.csv
test;Drones;02693;Drones/15-24;Drones/15-24/043.csv
test;Drones;02707;Drones/15-24;Drones/15-24/057.csv
test;Drones;02708;Drones/15-24;Drones/15-24/058.csv
test;Drones;02729;Drones/15-24;Drones/15-24/079.csv
test;Drones;02733;Drones/15-24;Drones/15-24/083.csv
test;Drones;02742;Drones/15-24;Drones/15-24/092.csv
test;Drones;02744;Drones/15-24;Drones/15-24/094.csv
test;Drones;02747;Drones/15-24;Drones/15-24/097.csv
test;Drones;02755;Drones/15-24;Drones/15-24/105.csv
test;Drones;02758;Drones/15-24;Drones/15-24/108.csv
test;Drones;02759;Drones/15-24;Drones/15-24/109.csv
test;Drones;02760;Drones/15-24;Drones/15-24/110.csv
test;Drones;02764;Drones/15-24;Drones/15-24/114.csv
test;Drones;02776;Drones/15-24;Drones/15-24/126.csv
test;Drones;02785;Drones/15-24;Drones/15-24/135.csv
test;Drones;02788;Drones/15-24;Drones/15-24/138.csv
test;Drones;02793;Drones/15-24;Drones/15-24/143.csv
test;Drones;02795;Drones/15-24;Drones/15-24/145.csv
test;Drones;02802;Drones/15-24;Drones/15-24/152.csv
test;Drones;02804;Drones/15-24;Drones/15-24/154.csv
test;Drones;02808;Drones/15-24;Drones/15-24/158.csv
test;Drones;02814;Drones/15-24;Drones/15-24/164.csv
test;Drones;02821;Drones/15-30;Drones/15-30/002.csv
test;Drones;02827;Drones/15-30;Drones/15-30/008.csv
test;Drones;02828;Drones/15-30;Drones/15-30/009.csv
test;Drones;02830;Drones/15-30;Drones/15-30/011.csv
test;Drones;02846;Drones/15-30;Drones/15-30/027.csv
test;Drones;02852;Drones/15-30;Drones/15-30/033.csv
test;Drones;02856;Drones/15-30;Drones/15-30/037.csv
test;Drones;02857;Drones/15-30;Drones/15-30/038.csv
test;Drones;02859;Drones/15-30;Drones/15-30/040.csv
test;Drones;02877;Drones/15-30;Drones/15-30/058.csv
test;Drones;02884;Drones/15-30;Drones/15-30/065.csv
test;Drones;02896;Drones/15-30;Drones/15-30/077.csv
test;Drones;02898;Drones/15-30;Drones/15-30/079.csv
test;Drones;02908;Drones/15-30;Drones/15-30/089.csv
test;Drones;02922;Drones/15-30;Drones/15-30/103.csv
test;Drones;02923;Drones/15-30;Drones/15-30/104.csv
test;Drones;02925;Drones/15-30;Drones/15-30/106.csv
test;Drones;02941;Drones/15-30;Drones/15-30/122.csv
test;Drones;02944;Drones/15-30;Drones/15-30/125.csv
test;Drones;02952;Drones/15-30;Drones/15-30/133.csv
test;Drones;02958;Drones/15-30;Drones/15-30/139.csv
test;Drones;02965;Drones/15-30;Drones/15-30/146.csv
test;Drones;02971;Drones/15-30;Drones/15-30/152.csv
test;Drones;02991;Drones/15-30;Drones/15-30/172.csv
test;Drones;03017;Drones/15-30;Drones/15-30/198.csv
test;Drones;03023;Drones/15-30;Drones/15-30/204.csv
test;Drones;03028;Drones/15-30;Drones/15-30/209.csv
test;Drones;03039;Drones/15-33;Drones/15-33/008.csv
test;Drones;03044;Drones/15-33;Drones/15-33/013.csv
test;Drones;03047;Drones/15-33;Drones/15-33/016.csv
test;Drones;03049;Drones/15-33;Drones/15-33/018.csv
test;Drones;03051;Drones/15-33;Drones/15-33/020.csv
test;Drones;03056;Drones/15-33;Drones/15-33/025.csv
test;Drones;03065;Drones/15-33;Drones/15-33/034.csv
test;Drones;03091;Drones/15-33;Drones/15-33/060.csv
test;Drones;03097;Drones/15-33;Drones/15-33/066.csv
test;Drones;03099;Drones/15-33;Drones/15-33/068.csv
test;Drones;03107;Drones/15-33;Drones/15-33/076.csv
test;Drones;03117;Drones/15-33;Drones/15-33/086.csv
test;Drones;03131;Drones/15-33;Drones/15-33/100.csv
test;Drones;03133;Drones/15-33;Drones/15-33/102.csv
test;Drones;03136;Drones/15-33;Drones/15-33/105.csv
test;Drones;03164;Drones/15-33;Drones/15-33/133.csv
test;Drones;03177;Drones/15-33;Drones/15-33/146.csv
test;Drones;03190;Drones/15-33;Drones/15-33/159.csv
test;Drones;03195;Drones/15-33;Drones/15-33/164.csv
test;Drones;03207;Drones/15-33;Drones/15-33/176.csv
test;Drones;03209;Drones/15-36;Drones/15-36/001.csv
test;Drones;03211;Drones/15-36;Drones/15-36/003.csv
test;Drones;03221;Drones/15-36;Drones/15-36/013.csv
test;Drones;03228;Drones/15-36;Drones/15-36/020.csv
test;Drones;03236;Drones/15-36;Drones/15-36/028.csv
test;Drones;03239;Drones/15-36;Drones/15-36/031.csv
test;Drones;03241;Drones/15-36;Drones/15-36/033.csv
test;Drones;03244;Drones/15-36;Drones/15-36/036.csv
test;Drones;03253;Drones/15-36;Drones/15-36/045.csv
test;Drones;03259;Drones/15-36;Drones/15-36/051.csv
test;Drones;03272;Drones/15-36;Drones/15-36/064.csv
test;Drones;03274;Drones/15-36;Drones/15-36/066.csv
test;Drones;03278;Drones/15-36;Drones/15-36/070.csv
test;Drones;03289;Drones/15-36;Drones/15-36/081.csv
test;Drones;03309;Drones/15-36;Drones/15-36/101.csv
test;Drones;03312;Drones/15-36;Drones/15-36/104.csv
test;Drones;03317;Drones/15-36;Drones/15-36/109.csv
test;Drones;03319;Drones/15-36;Drones/15-36/111.csv
test;Drones;03320;Drones/15-36;Drones/15-36/112.csv
test;Drones;03347;Drones/15-36;Drones/15-36/139.csv
test;Drones;03351;Drones/15-36;Drones/15-36/143.csv
test;Drones;03358;Drones/15-36;Drones/15-36/150.csv
test;Drones;03363;Drones/15-36;Drones/15-36/155.csv
test;Drones;03366;Drones/15-36;Drones/15-36/158.csv
test;Drones;03371;Drones/15-36;Drones/15-36/163.csv
test;Drones;03372;Drones/15-36;Drones/15-36/164.csv
test;Drones;03373;Drones/15-36;Drones/15-36/165.csv
test;Drones;03376;Drones/15-38;Drones/15-38/003.csv
test;Drones;03379;Drones/15-38;Drones/15-38/006.csv
test;Drones;03385;Drones/15-38;Drones/15-38/012.csv
test;Drones;03410;Drones/15-38;Drones/15-38/037.csv
test;Drones;03412;Drones/15-38;Drones/15-38/039.csv
test;Drones;03415;Drones/15-38;Drones/15-38/042.csv
test;Drones;03424;Drones/15-38;Drones/15-38/051.csv
test;Drones;03430;Drones/15-38;Drones/15-38/057.csv
test;Drones;03443;Drones/15-38;Drones/15-38/070.csv
test;Drones;03455;Drones/15-38;Drones/15-38/082.csv
test;Drones;03457;Drones/15-38;Drones/15-38/084.csv
test;Drones;03482;Drones/15-38;Drones/15-38/109.csv
test;Drones;03495;Drones/15-38;Drones/15-38/122.csv
test;Drones;03498;Drones/15-38;Drones/15-38/125.csv
test;Drones;03502;Drones/15-38;Drones/15-38/129.csv
test;Drones;03505;Drones/15-38;Drones/15-38/132.csv
test;Drones;03516;Drones/15-38;Drones/15-38/143.csv
test;Drones;03517;Drones/15-38;Drones/15-38/144.csv
test;Drones;03528;Drones/15-38;Drones/15-38/155.csv
test;Drones;03538;Drones/15-38;Drones/15-38/165.csv
test;Drones;03545;Drones/15-38;Drones/15-38/172.csv
test;Drones;03555;Drones/15-42;Drones/15-42/006.csv
test;Drones;03568;Drones/15-42;Drones/15-42/019.csv
test;Drones;03576;Drones/15-42;Drones/15-42/027.csv
test;Drones;03586;Drones/15-42;Drones/15-42/037.csv
test;Drones;03594;Drones/15-42;Drones/15-42/045.csv
test;Drones;03612;Drones/15-42;Drones/15-42/063.csv
test;Drones;03614;Drones/15-42;Drones/15-42/065.csv
test;Drones;03623;Drones/15-42;Drones/15-42/074.csv
test;Drones;03624;Drones/15-42;Drones/15-42/075.csv
test;Drones;03651;Drones/15-42;Drones/15-42/102.csv
test;Drones;03670;Drones/15-42;Drones/15-42/121.csv
test;Drones;03674;Drones/15-42;Drones/15-42/125.csv
test;Drones;03682;Drones/15-42;Drones/15-42/133.csv
test;Drones;03685;Drones/15-42;Drones/15-42/136.csv
test;Drones;03690;Drones/15-42;Drones/15-42/141.csv
test;Drones;03692;Drones/15-42;Drones/15-42/143.csv
test;Drones;03698;Drones/15-42;Drones/15-42/149.csv
test;Drones;03707;Drones/15-42;Drones/15-42/158.csv
test;Drones;03709;Drones/15-42;Drones/15-42/160.csv
test;Drones;03712;Drones/15-42;Drones/15-42/163.csv
test;Drones;03722;Drones/15-42;Drones/15-42/173.csv
test;Drones;03725;Drones/15-42;Drones/15-42/176.csv
test;Drones;03729;Drones/15-42;Drones/15-42/180.csv
test;Drones;03730;Drones/15-42;Drones/15-42/181.csv
test;Drones;03732;Drones/15-42;Drones/15-42/183.csv
test;Drones;03738;Drones/15-44;Drones/15-44/003.csv
test;Drones;03740;Drones/15-44;Drones/15-44/005.csv
test;Drones;03741;Drones/15-44;Drones/15-44/006.csv
test;Drones;03746;Drones/15-44;Drones/15-44/011.csv
test;Drones;03750;Drones/15-44;Drones/15-44/015.csv
test;Drones;03751;Drones/15-44;Drones/15-44/016.csv
test;Drones;03769;Drones/15-44;Drones/15-44/034.csv
test;Drones;03780;Drones/15-44;Drones/15-44/045.csv
test;Drones;03789;Drones/15-44;Drones/15-44/054.csv
test;Drones;03791;Drones/15-44;Drones/15-44/056.csv
test;Drones;03793;Drones/15-44;Drones/15-44/058.csv
test;Drones;03797;Drones/15-44;Drones/15-44/062.csv
test;Drones;03800;Drones/15-44;Drones/15-44/065.csv
test;Drones;03805;Drones/15-44;Drones/15-44/070.csv
test;Drones;03810;Drones/15-44;Drones/15-44/075.csv
test;Drones;03812;Drones/15-44;Drones/15-44/077.csv
test;Drones;03815;Drones/15-44;Drones/15-44/080.csv
test;Drones;03816;Drones/15-44;Drones/15-44/081.csv
test;Drones;03820;Drones/15-44;Drones/15-44/085.csv
test;Drones;03821;Drones/15-44;Drones/15-44/086.csv
test;Drones;03825;Drones/15-44;Drones/15-44/090.csv
test;Drones;03828;Drones/15-44;Drones/15-44/093.csv
test;Drones;03829;Drones/15-44;Drones/15-44/094.csv
test;Drones;03839;Drones/15-44;Drones/15-44/104.csv
test;Drones;03854;Drones/15-44;Drones/15-44/119.csv
test;Drones;03859;Drones/15-44;Drones/15-44/124.csv
test;Drones;03860;Drones/15-44;Drones/15-44/125.csv
test;Drones;03866;Drones/15-44;Drones/15-44/131.csv
test;Drones;03867;Drones/15-44;Drones/15-44/132.csv
test;Drones;03878;Drones/15-44;Drones/15-44/143.csv
test;Drones;03884;Drones/15-44;Drones/15-44/149.csv
test;Drones;03889;Drones/15-44;Drones/15-44/154.csv
test;Drones;03900;Drones/15-44;Drones/15-44/165.csv
test;Drones;03905;Drones/15-44;Drones/15-44/170.csv
test;Drones;03927;Drones/15-47;Drones/15-47/022.csv
test;Drones;03937;Drones/15-47;Drones/15-47/032.csv
test;Drones;03939;Drones/15-47;Drones/15-47/034.csv
test;Drones;03940;Drones/15-47;Drones/15-47/035.csv
test;Drones;03948;Drones/15-47;Drones/15-47/043.csv
test;Drones;03971;Drones/15-47;Drones/15-47/066.csv
test;Drones;04011;Drones/15-47;Drones/15-47/106.csv
test;Drones;04012;Drones/15-47;Drones/15-47/107.csv
test;Drones;04016;Drones/15-47;Drones/15-47/111.csv
test;Drones;04021;Drones/15-47;Drones/15-47/116.csv
test;Drones;04026;Drones/15-47;Drones/15-47/121.csv
test;Drones;04027;Drones/15-47;Drones/15-47/122.csv
test;Drones;04033;Drones/15-47;Drones/15-47/128.csv
test;Drones;04037;Drones/15-47;Drones/15-47/132.csv
test;Drones;04038;Drones/15-47;Drones/15-47/133.csv
test;Drones;04052;Drones/15-47;Drones/15-47/147.csv
test;Drones;04055;Drones/15-47;Drones/15-47/150.csv
test;Drones;04059;Drones/15-47;Drones/15-47/154.csv
test;Drones;04060;Drones/15-47;Drones/15-47/155.csv
test;Drones;04070;Drones/15-47;Drones/15-47/165.csv
test;Drones;04072;Drones/15-47;Drones/15-47/167.csv
test;Drones;04074;Drones/15-47;Drones/15-47/169.csv
test;Drones;04079;Drones/15-47;Drones/15-47/174.csv
test;Drones;04084;Drones/15-47;Drones/15-47/179.csv
test;Drones;04085;Drones/15-47;Drones/15-47/180.csv
test;Drones;04086;Drones/15-47;Drones/15-47/181.csv
test;Drones;04100;Drones/15-47;Drones/15-47/195.csv
test;Drones;04104;Drones/15-50;Drones/15-50/004.csv
test;Drones;04106;Drones/15-50;Drones/15-50/006.csv
test;Drones;04114;Drones/15-50;Drones/15-50/014.csv
test;Drones;04126;Drones/15-50;Drones/15-50/026.csv
test;Drones;04138;Drones/15-50;Drones/15-50/038.csv
test;Drones;04148;Drones/15-50;Drones/15-50/048.csv
test;Drones;04170;Drones/15-50;Drones/15-50/070.csv
test;Drones;04173;Drones/15-50;Drones/15-50/073.csv
test;Drones;04183;Drones/15-50;Drones/15-50/083.csv
test;Drones;04188;Drones/15-50;Drones/15-50/088.csv
test;Drones;04196;Drones/15-50;Drones/15-50/096.csv
test;Drones;04211;Drones/15-50;Drones/15-50/111.csv
test;Drones;04231;Drones/15-50;Drones/15-50/131.csv
test;Drones;04233;Drones/15-50;Drones/15-50/133.csv
test;Drones;04234;Drones/15-50;Drones/15-50/134.csv
test;Drones;04240;Drones/15-50;Drones/15-50/140.csv
test;Drones;04244;Drones/15-50;Drones/15-50/144.csv
test;Drones;04245;Drones/15-50;Drones/15-50/145.csv
test;Drones;04248;Drones/15-50;Drones/15-50/148.csv
test;Drones;04249;Drones/15-50;Drones/15-50/149.csv
test;Drones;04253;Drones/15-50;Drones/15-50/153.csv
test;Drones;04261;Drones/15-50;Drones/15-50/161.csv
test;Drones;04263;Drones/15-50;Drones/15-50/163.csv
test;Drones;04268;Drones/15-50;Drones/15-50/168.csv
test;Drones;04281;Drones/16-09;Drones/16-09/009.csv
test;Drones;04282;Drones/16-09;Drones/16-09/010.csv
test;Drones;04287;Drones/16-09;Drones/16-09/015.csv
test;Drones;04291;Drones/16-09;Drones/16-09/019.csv
test;Drones;04300;Drones/16-09;Drones/16-09/028.csv
test;Drones;04303;Drones/16-09;Drones/16-09/031.csv
test;Drones;04304;Drones/16-09;Drones/16-09/032.csv
test;Drones;04305;Drones/16-09;Drones/16-09/033.csv
test;Drones;04307;Drones/16-09;Drones/16-09/035.csv
test;Drones;04314;Drones/16-09;Drones/16-09/042.csv
test;Drones;04330;Drones/16-09;Drones/16-09/058.csv
test;Drones;04333;Drones/16-09;Drones/16-09/061.csv
test;Drones;04335;Drones/16-09;Drones/16-09/063.csv
test;Drones;04337;Drones/16-09;Drones/16-09/065.csv
test;Drones;04357;Drones/16-09;Drones/16-09/085.csv
test;Drones;04368;Drones/16-09;Drones/16-09/096.csv
test;Drones;04371;Drones/16-09;Drones/16-09/099.csv
test;Drones;04376;Drones/16-09;Drones/16-09/104.csv
test;Drones;04377;Drones/16-09;Drones/16-09/105.csv
test;Drones;04383;Drones/16-09;Drones/16-09/111.csv
test;Drones;04399;Drones/16-09;Drones/16-09/127.csv
test;Drones;04405;Drones/16-09;Drones/16-09/133.csv
test;Drones;04407;Drones/16-09;Drones/16-09/135.csv
test;Drones;04412;Drones/16-09;Drones/16-09/140.csv
test;Drones;04431;Drones/16-09;Drones/16-09/159.csv
test;Drones;04433;Drones/16-09;Drones/16-09/161.csv
test;Drones;04450;Drones/16-09;Drones/16-09/178.csv
test;Drones;04454;Drones/16-09;Drones/16-09/182.csv
test;Drones;04461;Drones/16-09;Drones/16-09/189.csv
test;Drones;04463;Drones/16-09;Drones/16-09/191.csv
test;Drones;04467;Drones/16-09;Drones/16-09/195.csv
test;Drones;04473;Drones/16-09;Drones/16-09/201.csv
test;Drones;04480;Drones/16-09;Drones/16-09/208.csv
test;Drones;04502;Drones/16-11;Drones/16-11/010.csv
test;Drones;04505;Drones/16-11;Drones/16-11/013.csv
test;Drones;04507;Drones/16-11;Drones/16-11/015.csv
test;Drones;04516;Drones/16-11;Drones/16-11/024.csv
test;Drones;04521;Drones/16-11;Drones/16-11/029.csv
test;Drones;04525;Drones/16-11;Drones/16-11/033.csv
test;Drones;04542;Drones/16-11;Drones/16-11/050.csv
test;Drones;04564;Drones/16-11;Drones/16-11/072.csv
test;Drones;04583;Drones/16-11;Drones/16-11/091.csv
test;Drones;04585;Drones/16-11;Drones/16-11/093.csv
test;Drones;04588;Drones/16-11;Drones/16-11/096.csv
test;Drones;04592;Drones/16-11;Drones/16-11/100.csv
test;Drones;04594;Drones/16-11;Drones/16-11/102.csv
test;Drones;04601;Drones/16-11;Drones/16-11/109.csv
test;Drones;04605;Drones/16-11;Drones/16-11/113.csv
test;Drones;04611;Drones/16-11;Drones/16-11/119.csv
test;Drones;04615;Drones/16-11;Drones/16-11/123.csv
test;Drones;04617;Drones/16-11;Drones/16-11/125.csv
test;Drones;04619;Drones/16-11;Drones/16-11/127.csv
test;Drones;04623;Drones/16-11;Drones/16-11/131.csv
test;Drones;04624;Drones/16-11;Drones/16-11/132.csv
test;Drones;04625;Drones/16-11;Drones/16-11/133.csv
test;Drones;04626;Drones/16-11;Drones/16-11/134.csv
test;Drones;04642;Drones/16-11;Drones/16-11/150.csv
test;Drones;04644;Drones/16-11;Drones/16-11/152.csv
test;Drones;04657;Drones/16-11;Drones/16-11/165.csv
test;Drones;04658;Drones/16-11;Drones/16-11/166.csv
test;Drones;04672;Drones/16-11;Drones/16-11/180.csv
test;Drones;04681;Drones/16-15;Drones/16-15/005.csv
test;Drones;04690;Drones/16-15;Drones/16-15/014.csv
test;Drones;04692;Drones/16-15;Drones/16-15/016.csv
test;Drones;04694;Drones/16-15;Drones/16-15/018.csv
test;Drones;04712;Drones/16-15;Drones/16-15/036.csv
test;Drones;04719;Drones/16-15;Drones/16-15/043.csv
test;Drones;04726;Drones/16-15;Drones/16-15/050.csv
test;Drones;04728;Drones/16-15;Drones/16-15/052.csv
test;Drones;04731;Drones/16-15;Drones/16-15/055.csv
test;Drones;04734;Drones/16-15;Drones/16-15/058.csv
test;Drones;04735;Drones/16-15;Drones/16-15/059.csv
test;Drones;04743;Drones/16-15;Drones/16-15/067.csv
test;Drones;04744;Drones/16-15;Drones/16-15/068.csv
test;Drones;04746;Drones/16-15;Drones/16-15/070.csv
test;Drones;04750;Drones/16-15;Drones/16-15/074.csv
test;Drones;04751;Drones/16-15;Drones/16-15/075.csv
test;Drones;04753;Drones/16-15;Drones/16-15/077.csv
test;Drones;04759;Drones/16-15;Drones/16-15/083.csv
test;Drones;04764;Drones/16-15;Drones/16-15/088.csv
test;Drones;04778;Drones/16-15;Drones/16-15/102.csv
test;Drones;04784;Drones/16-15;Drones/16-15/108.csv
test;Drones;04793;Drones/16-15;Drones/16-15/117.csv
test;Drones;04804;Drones/16-15;Drones/16-15/128.csv
test;Drones;04805;Drones/16-15;Drones/16-15/129.csv
test;Drones;04810;Drones/16-15;Drones/16-15/134.csv
test;Drones;04813;Drones/16-15;Drones/16-15/137.csv
test;Drones;04818;Drones/16-15;Drones/16-15/142.csv
test;Drones;04820;Drones/16-15;Drones/16-15/144.csv
test;Drones;04822;Drones/16-15;Drones/16-15/146.csv
test;Drones;04840;Drones/16-15;Drones/16-15/164.csv
test;Drones;04849;Drones/16-15;Drones/16-15/173.csv
test;Drones;04862;Drones/16-15;Drones/16-15/186.csv
test;Drones;04864;Drones/16-15;Drones/16-15/188.csv
test;Drones;04886;Drones/16-15;Drones/16-15/210.csv
test;Drones;04889;Drones/16-17;Drones/16-17/002.csv
test;Drones;04897;Drones/16-17;Drones/16-17/010.csv
test;Drones;04902;Drones/16-17;Drones/16-17/015.csv
test;Drones;04905;Drones/16-17;Drones/16-17/018.csv
test;Drones;04918;Drones/16-17;Drones/16-17/031.csv
test;Drones;04920;Drones/16-17;Drones/16-17/033.csv
test;Drones;04923;Drones/16-17;Drones/16-17/036.csv
test;Drones;04926;Drones/16-17;Drones/16-17/039.csv
test;Drones;04932;Drones/16-17;Drones/16-17/045.csv
test;Drones;04942;Drones/16-17;Drones/16-17/055.csv
test;Drones;04943;Drones/16-17;Drones/16-17/056.csv
test;Drones;04944;Drones/16-17;Drones/16-17/057.csv
test;Drones;04948;Drones/16-17;Drones/16-17/061.csv
test;Drones;04952;Drones/16-17;Drones/16-17/065.csv
test;Drones;04958;Drones/16-17;Drones/16-17/071.csv
test;Drones;04959;Drones/16-17;Drones/16-17/072.csv
test;Drones;04963;Drones/16-17;Drones/16-17/076.csv
test;Drones;04976;Drones/16-17;Drones/16-17/089.csv
test;Drones;04979;Drones/16-17;Drones/16-17/092.csv
test;Drones;04981;Drones/16-17;Drones/16-17/094.csv
test;Drones;04983;Drones/16-17;Drones/16-17/096.csv
test;Drones;04985;Drones/16-17;Drones/16-17/098.csv
test;Drones;04993;Drones/16-17;Drones/16-17/106.csv
test;Drones;05007;Drones/16-17;Drones/16-17/120.csv
test;Drones;05009;Drones/16-17;Drones/16-17/122.csv
test;Drones;05029;Drones/16-17;Drones/16-17/142.csv
test;Drones;05030;Drones/16-17;Drones/16-17/143.csv
test;Drones;05040;Drones/16-17;Drones/16-17/153.csv
test;Drones;05056;Drones/16-17;Drones/16-17/169.csv
test;Drones;05062;Drones/16-17;Drones/16-17/175.csv
test;Drones;05064;Drones/16-17;Drones/16-17/177.csv
test;Drones;05065;Drones/16-17;Drones/16-17/178.csv
test;People;00016;People/10-45f;People/10-45f/016.csv
test;People;00020;People/10-45f;People/10-45f/020.csv
test;People;00031;People/10-45f;People/10-45f/031.csv
test;People;00045;People/10-45f;People/10-45f/045.csv
test;People;00048;People/10-45f;People/10-45f/048.csv
test;People;00052;People/10-45f;People/10-45f/052.csv
test;People;00066;People/10-45f;People/10-45f/066.csv
test;People;00072;People/10-45f;People/10-45f/072.csv
test;People;00080;People/10-45f;People/10-45f/080.csv
test;People;00081;People/10-45f;People/10-45f/081.csv
test;People;00088;People/10-45f;People/10-45f/088.csv
test;People;00091;People/10-45f;People/10-45f/091.csv
test;People;00094;People/10-45f;People/10-45f/094.csv
test;People;00096;People/10-45f;People/10-45f/096.csv
test;People;00097;People/10-45f;People/10-45f/097.csv
test;People;00101;People/10-45f;People/10-45f/101.csv
test;People;00102;People/10-45f;People/10-45f/102.csv
test;People;00103;People/10-45f;People/10-45f/103.csv
test;People;00110;People/10-45f;People/10-45f/110.csv
test;People;00111;People/10-45f;People/10-45f/111.csv
test;People;00125;People/10-45f;People/10-45f/125.csv
test;People;00133;People/10-45f;People/10-45f/133.csv
test;People;00136;People/10-45f;People/10-45f/136.csv
test;People;00145;People/10-45f;People/10-45f/145.csv
test;People;00150;People/10-45f;People/10-45f/150.csv
test;People;00157;People/10-45f;People/10-45f/157.csv
test;People;00168;People/10-45f;People/10-45f/168.csv
test;People;00169;People/10-45f;People/10-45f/169.csv
test;People;00173;People/10-45f;People/10-45f/173.csv
test;People;00180;People/10-45f;People/10-45f/180.csv
test;People;00182;People/10-45f;People/10-45f/182.csv
test;People;00209;People/10-45i;People/10-45i/024.csv
test;People;00228;People/10-45i;People/10-45i/043.csv
test;People;00234;People/10-45i;People/10-45i/049.csv
test;People;00240;People/10-45i;People/10-45i/055.csv
test;People;00249;People/10-45i;People/10-45i/064.csv
test;People;00252;People/10-45i;People/10-45i/067.csv
test;People;00253;People/10-45i;People/10-45i/068.csv
test;People;00260;People/10-45i;People/10-45i/075.csv
test;People;00266;People/10-45i;People/10-45i/081.csv
test;People;00273;People/10-45i;People/10-45i/088.csv
test;People;00293;People/10-53f;People/10-53f/017.csv
test;People;00297;People/10-53f;People/10-53f/021.csv
test;People;00309;People/10-53f;People/10-53f/033.csv
test;People;00320;People/10-53f;People/10-53f/044.csv
test;People;00322;People/10-53f;People/10-53f/046.csv
test;People;00324;People/10-53f;People/10-53f/048.csv
test;People;00325;People/10-53f;People/10-53f/049.csv
test;People;00326;People/10-53f;People/10-53f/050.csv
test;People;00334;People/10-53f;People/10-53f/058.csv
test;People;00337;People/10-53f;People/10-53f/061.csv
test;People;00348;People/10-53f;People/10-53f/072.csv
test;People;00350;People/10-53f;People/10-53f/074.csv
test;People;00372;People/10-53f;People/10-53f/096.csv
test;People;00382;People/10-53f;People/10-53f/106.csv
test;People;00394;People/10-53f;People/10-53f/118.csv
test;People;00411;People/10-53f;People/10-53f/135.csv
test;People;00415;People/10-53f;People/10-53f/139.csv
test;People;00416;People/10-53f;People/10-53f/140.csv
test;People;00419;People/10-53f;People/10-53f/143.csv
test;People;00422;People/10-53f;People/10-53f/146.csv
test;People;00423;People/10-53f;People/10-53f/147.csv
test;People;00426;People/10-53f;People/10-53f/150.csv
test;People;00427;People/10-53f;People/10-53f/151.csv
test;People;00430;People/10-53f;People/10-53f/154.csv
test;People;00436;People/10-53f;People/10-53f/160.csv
test;People;00439;People/10-53f;People/10-53f/163.csv
test;People;00440;People/10-53f;People/10-53f/164.csv
test;People;00444;People/10-53f;People/10-53f/168.csv
test;People;00448;People/10-53f;People/10-53f/172.csv
test;People;00454;People/10-53f;People/10-53f/178.csv
test;People;00463;People/10-53f;People/10-53f/187.csv
test;People;00466;People/10-53f;People/10-53f/190.csv
test;People;00470;People/10-53f;People/10-53f/194.csv
test;People;00472;People/10-53f;People/10-53f/196.csv
test;People;00477;People/10-53f;People/10-53f/201.csv
test;People;00479;People/10-53f;People/10-53f/203.csv
test;People;00488;People/10-53f;People/10-53f/212.csv
test;People;00492;People/10-53f;People/10-53f/216.csv
test;People;00506;People/10-53f;People/10-53f/230.csv
test;People;00510;People/10-53f;People/10-53f/234.csv
test;People;00519;People/10-53f;People/10-53f/243.csv
test;People;00528;People/10-53f;People/10-53f/252.csv
test;People;00544;People/10-53f;People/10-53f/268.csv
test;People;00549;People/10-53f;People/10-53f/273.csv
test;People;00550;People/10-53f;People/10-53f/274.csv
test;People;00562;People/10-53i;People/10-53i/012.csv
test;People;00565;People/10-53i;People/10-53i/015.csv
test;People;00566;People/10-53i;People/10-53i/016.csv
test;People;00578;People/10-53i;People/10-53i/028.csv
test;People;00599;People/10-53i;People/10-53i/049.csv
test;People;00605;People/10-53i;People/10-53i/055.csv
test;People;00614;People/10-53i;People/10-53i/064.csv
test;People;00623;People/10-53i;People/10-53i/073.csv
test;People;00625;People/10-53i;People/10-53i/075.csv
test;People;00628;People/10-53i;People/10-53i/078.csv
test;People;00643;People/10-53i;People/10-53i/093.csv
test;People;00653;People/10-53i;People/10-53i/103.csv
test;People;00654;People/10-53i;People/10-53i/104.csv
test;People;00656;People/10-53i;People/10-53i/106.csv
test;People;00663;People/10-53i;People/10-53i/113.csv
test;People;00673;People/10-53i;People/10-53i/123.csv
test;People;00682;People/11-00f;People/11-00f/008.csv
test;People;00702;People/11-00f;People/11-00f/028.csv
test;People;00707;People/11-00f;People/11-00f/033.csv
test;People;00711;People/11-00f;People/11-00f/037.csv
test;People;00712;People/11-00f;People/11-00f/038.csv
test;People;00713;People/11-00f;People/11-00f/039.csv
test;People;00731;People/11-00f;People/11-00f/057.csv
test;People;00734;People/11-00f;People/11-00f/060.csv
test;People;00735;People/11-00f;People/11-00f/061.csv
test;People;00743;People/11-00f;People/11-00f/069.csv
test;People;00752;People/11-00f;People/11-00f/078.csv
test;People;00753;People/11-00f;People/11-00f/079.csv
test;People;00757;People/11-00f;People/11-00f/083.csv
test;People;00765;People/11-00f;People/11-00f/091.csv
test;People;00777;People/11-00f;People/11-00f/103.csv
test;People;00784;People/11-00f;People/11-00f/110.csv
test;People;00790;People/11-00f;People/11-00f/116.csv
test;People;00811;People/11-00i;People/11-00i/015.csv
test;People;00812;People/11-00i;People/11-00i/016.csv
test;People;00813;People/11-00i;People/11-00i/017.csv
test;People;00829;People/11-00i;People/11-00i/033.csv
test;People;00830;People/11-00i;People/11-00i/034.csv
test;People;00834;People/11-00i;People/11-00i/038.csv
test;People;00849;People/11-00i;People/11-00i/053.csv
test;People;00862;People/11-00i;People/11-00i/066.csv
test;People;00865;People/11-00i;People/11-00i/069.csv
test;People;00866;People/11-00i;People/11-00i/070.csv
test;People;00880;People/11-00i;People/11-00i/084.csv
test;People;00882;People/11-00i;People/11-00i/086.csv
test;People;00890;People/11-00i;People/11-00i/094.csv
test;People;00894;People/11-00i;People/11-00i/098.csv
test;People;00904;People/11-00i;People/11-00i/108.csv
test;People;00928;People/11-00i;People/11-00i/132.csv
test;People;00933;People/11-00i;People/11-00i/137.csv
test;People;00941;People/11-00i;People/11-00i/145.csv
test;People;00945;People/11-00i;People/11-00i/149.csv
test;People;00961;People/11-00i;People/11-00i/165.csv
test;People;00971;People/11-00i;People/11-00i/175.csv
test;People;00978;People/11-09f;People/11-09f/007.csv
test;People;00979;People/11-09f;People/11-09f/008.csv
test;People;00995;People/11-09f;People/11-09f/024.csv
test;People;00997;People/11-09f;People/11-09f/026.csv
test;People;01006;People/11-09f;People/11-09f/035.csv
test;People;01011;People/11-09f;People/11-09f/040.csv
test;People;01019;People/11-09f;People/11-09f/048.csv
test;People;01023;People/11-09f;People/11-09f/052.csv
test;People;01028;People/11-09f;People/11-09f/057.csv
test;People;01033;People/11-09f;People/11-09f/062.csv
test;People;01034;People/11-09f;People/11-09f/063.csv
test;People;01035;People/11-09f;People/11-09f/064.csv
test;People;01039;People/11-09f;People/11-09f/068.csv
test;People;01050;People/11-09f;People/11-09f/079.csv
test;People;01056;People/11-09f;People/11-09f/085.csv
test;People;01057;People/11-09f;People/11-09f/086.csv
test;People;01058;People/11-09f;People/11-09f/087.csv
test;People;01076;People/11-09f;People/11-09f/105.csv
test;People;01079;People/11-09f;People/11-09f/108.csv
test;People;01080;People/11-09f;People/11-09f/109.csv
test;People;01084;People/11-09f;People/11-09f/113.csv
test;People;01087;People/11-09f;People/11-09f/116.csv
test;People;01104;People/11-09f;People/11-09f/133.csv
test;People;01110;People/11-09f;People/11-09f/139.csv
test;People;01113;People/11-09f;People/11-09f/142.csv
test;People;01116;People/11-09f;People/11-09f/145.csv
test;People;01122;People/11-09f;People/11-09f/151.csv
test;People;01129;People/11-09f;People/11-09f/158.csv
test;People;01130;People/11-09f;People/11-09f/159.csv
test;People;01143;People/11-09f;People/11-09f/172.csv
test;People;01150;People/11-09f;People/11-09f/179.csv
test;People;01154;People/11-09f;People/11-09f/183.csv
test;People;01159;People/11-09f;People/11-09f/188.csv
test;People;01162;People/11-09f;People/11-09f/191.csv
test;People;01171;People/11-09i;People/11-09i/006.csv
test;People;01175;People/11-09i;People/11-09i/010.csv
test;People;01176;People/11-09i;People/11-09i/011.csv
test;People;01182;People/11-09i;People/11-09i/017.csv
test;People;01193;People/11-09i;People/11-09i/028.csv
test;People;01194;People/11-09i;People/11-09i/029.csv
test;People;01195;People/11-09i;People/11-09i/030.csv
test;People;01196;People/11-09i;People/11-09i/031.csv
test;People;01205;People/11-09i;People/11-09i/040.csv
test;People;01210;People/11-09i;People/11-09i/045.csv
test;People;01211;People/11-09i;People/11-09i/046.csv
test;People;01216;People/11-09i;People/11-09i/051.csv
test;People;01222;People/11-09i;People/11-09i/057.csv
test;People;01224;People/11-09i;People/11-09i/059.csv
test;People;01245;People/11-09i;People/11-09i/080.csv
test;People;01254;People/11-09i;People/11-09i/089.csv
test;People;01282;People/11-09i;People/11-09i/117.csv
test;People;01296;People/11-09i;People/11-09i/131.csv
test;People;01306;People/11-09i;People/11-09i/141.csv
test;People;01311;People/11-09i;People/11-09i/146.csv
test;People;01323;People/11-09i;People/11-09i/158.csv
test;People;01324;People/11-09i;People/11-09i/159.csv
test;People;01329;People/11-09i;People/11-09i/164.csv
test;People;01331;People/11-09i;People/11-09i/166.csv
test;People;01336;People/11-09i;People/11-09i/171.csv
test;People;01351;People/11-17f;People/11-17f/014.csv
test;People;01358;People/11-17f;People/11-17f/021.csv
test;People;01361;People/11-17f;People/11-17f/024.csv
test;People;01373;People/11-17f;People/11-17f/036.csv
test;People;01374;People/11-17f;People/11-17f/037.csv
test;People;01375;People/11-17f;People/11-17f/038.csv
test;People;01384;People/11-17f;People/11-17f/047.csv
test;People;01386;People/11-17f;People/11-17f/049.csv
test;People;01394;People/11-17f;People/11-17f/057.csv
test;People;01398;People/11-17f;People/11-17f/061.csv
test;People;01406;People/11-17f;People/11-17f/069.csv
test;People;01408;People/11-17f;People/11-17f/071.csv
test;People;01412;People/11-17f;People/11-17f/075.csv
test;People;01415;People/11-17f;People/11-17f/078.csv
test;People;01417;People/11-17f;People/11-17f/080.csv
test;People;01420;People/11-17f;People/11-17f/083.csv
test;People;01421;People/11-17f;People/11-17f/084.csv
test;People;01424;People/11-17f;People/11-17f/087.csv
test;People;01431;People/11-17f;People/11-17f/094.csv
test;People;01444;People/11-17f;People/11-17f/107.csv
test;People;01453;People/11-17f;People/11-17f/116.csv
test;People;01455;People/11-17f;People/11-17f/118.csv
test;People;01468;People/11-17f;People/11-17f/131.csv
test;People;01484;People/11-17f;People/11-17f/147.csv
test;People;01488;People/11-17f;People/11-17f/151.csv
test;People;01489;People/11-17f;People/11-17f/152.csv
test;People;01505;People/11-17f;People/11-17f/168.csv
test;People;01508;People/11-17f;People/11-17f/171.csv
test;People;01510;People/11-17f;People/11-17f/173.csv
test;People;01513;People/11-17f;People/11-17f/176.csv
test;People;01521;People/11-17f;People/11-17f/184.csv
test;People;01534;People/11-17i;People/11-17i/008.csv
test;People;01544;People/11-17i;People/11-17i/018.csv
test;People;01545;People/11-17i;People/11-17i/019.csv
test;People;01551;People/11-17i;People/11-17i/025.csv
test;People;01554;People/11-17i;People/11-17i/028.csv
test;People;01559;People/11-17i;People/11-17i/033.csv
test;People;01562;People/11-17i;People/11-17i/036.csv
test;People;01563;People/11-17i;People/11-17i/037.csv
test;People;01567;People/11-17i;People/11-17i/041.csv
test;People;01570;People/11-17i;People/11-17i/044.csv
test;People;01579;People/11-17i;People/11-17i/053.csv
test;People;01587;People/11-17i;People/11-17i/061.csv
test;People;01600;People/11-17i;People/11-17i/074.csv
test;People;01607;People/11-17i;People/11-17i/081.csv
test;People;01609;People/11-17i;People/11-17i/083.csv
test;People;01613;People/11-17i;People/11-17i/087.csv
test;People;01616;People/11-17i;People/11-17i/090.csv
test;People;01617;People/11-17i;People/11-17i/091.csv
test;People;01624;People/11-17i;People/11-17i/098.csv
test;People;01635;People/11-17i;People/11-17i/109.csv
test;People;01644;People/11-17i;People/11-17i/118.csv
test;People;01651;People/11-17i;People/11-17i/125.csv
test;People;01663;People/11-17i;People/11-17i/137.csv
test;People;01666;People/11-17i;People/11-17i/140.csv
test;People;01667;People/11-17i;People/11-17i/141.csv
test;People;01671;People/11-17i;People/11-17i/145.csv
test;People;01673;People/11-17i;People/11-17i/147.csv
test;People;01696;People/11-23f;People/11-23f/010.csv
test;People;01704;People/11-23f;People/11-23f/018.csv
test;People;01707;People/11-23f;People/11-23f/021.csv
test;People;01721;People/11-23f;People/11-23f/035.csv
test;People;01722;People/11-23f;People/11-23f/036.csv
test;People;01729;People/11-23f;People/11-23f/043.csv
test;People;01738;People/11-23f;People/11-23f/052.csv
test;People;01742;People/11-23f;People/11-23f/056.csv
test;People;01748;People/11-23f;People/11-23f/062.csv
test;People;01755;People/11-23f;People/11-23f/069.csv
test;People;01766;People/11-23f;People/11-23f/080.csv
test;People;01771;People/11-23f;People/11-23f/085.csv
test;People;01774;People/11-23f;People/11-23f/088.csv
test;People;01776;People/11-23f;People/11-23f/090.csv
test;People;01796;People/11-23f;People/11-23f/110.csv
test;People;01804;People/11-23f;People/11-23f/118.csv
test;People;01808;People/11-23f;People/11-23f/122.csv
test;People;01818;People/11-23f;People/11-23f/132.csv
test;People;01836;People/11-23i;People/11-23i/003.csv
test;People;01845;People/11-23i;People/11-23i/012.csv
test;People;01859;People/11-23i;People/11-23i/026.csv
test;People;01860;People/11-23i;People/11-23i/027.csv
test;People;01861;People/11-23i;People/11-23i/028.csv
test;People;01865;People/11-23i;People/11-23i/032.csv
test;People;01871;People/11-23i;People/11-23i/038.csv
test;People;01877;People/11-23i;People/11-23i/044.csv
test;People;01882;People/11-23i;People/11-23i/049.csv
test;People;01883;People/11-23i;People/11-23i/050.csv
test;People;01884;People/11-23i;People/11-23i/051.csv
test;People;01895;People/11-23i;People/11-23i/062.csv
test;People;01917;People/11-23i;People/11-23i/084.csv
test;People;01923;People/11-23i;People/11-23i/090.csv
test;People;01927;People/11-23i;People/11-23i/094.csv
test;People;01955;People/11-23i;People/11-23i/122.csv
test;People;01962;People/11-23i;People/11-23i/129.csv
test;People;01967;People/11-23i;People/11-23i/134.csv
test;People;01972;People/11-23i;People/11-23i/139.csv
test;People;01974;People/11-23i;People/11-23i/141.csv
test;People;01979;People/11-23i;People/11-23i/146.csv
test;People;01993;People/11-23i;People/11-23i/160.csv
test;People;02003;People/12-14f;People/12-14f/009.csv
test;People;02005;People/12-14f;People/12-14f/011.csv
test;People;02021;People/12-14f;People/12-14f/027.csv
test;People;02023;People/12-14f;People/12-14f/029.csv
test;People;02025;People/12-14f;People/12-14f/031.csv
test;People;02030;People/12-14f;People/12-14f/036.csv
test;People;02035;People/12-14f;People/12-14f/041.csv
test;People;02046;People/12-14f;People/12-14f/052.csv
test;People;02064;People/12-14f;People/12-14f/070.csv
test;People;02078;People/12-14f;People/12-14f/084.csv
test;People;02081;People/12-14f;People/12-14f/087.csv
test;People;02084;People/12-14f;People/12-14f/090.csv
test;People;02088;People/12-14f;People/12-14f/094.csv
test;People;02095;People/12-14f;People/12-14f/101.csv
test;People;02115;People/12-14f;People/12-14f/121.csv
test;People;02116;People/12-14f;People/12-14f/122.csv
test;People;02118;People/12-14f;People/12-14f/124.csv
test;People;02125;People/12-14f;People/12-14f/131.csv
test;People;02128;People/12-14f;People/12-14f/134.csv
test;People;02132;People/12-14f;People/12-14f/138.csv
test;People;02134;People/12-14f;People/12-14f/140.csv
test;People;02150;People/12-14f;People/12-14f/156.csv
test;People;02155;People/12-14f;People/12-14f/161.csv
test;People;02158;People/12-14f;People/12-14f/164.csv
test;People;02174;People/12-14f;People/12-14f/180.csv
test;People;02182;People/12-14f;People/12-14f/188.csv
test;People;02183;People/12-14f;People/12-14f/189.csv
test;People;02186;People/12-14f;People/12-14f/192.csv
test;People;02198;People/12-14f;People/12-14f/204.csv
test;People;02203;People/12-14f;People/12-14f/209.csv
test;People;02211;People/12-14f;People/12-14f/217.csv
test;People;02216;People/12-14f;People/12-14f/222.csv
test;People;02224;People/12-14f;People/12-14f/230.csv
test;People;02227;People/12-14f;People/12-14f/233.csv
test;People;02229;People/12-14f;People/12-14f/235.csv
test;People;02233;People/12-14f;People/12-14f/239.csv
test;People;02234;People/12-14f;People/12-14f/240.csv
test;People;02240;People/12-14f;People/12-14f/246.csv
test;People;02246;People/12-14f;People/12-14f/252.csv
test;People;02273;People/12-14f;People/12-14f/279.csv
test;People;02274;People/12-14f;People/12-14f/280.csv
test;People;02288;People/12-14f;People/12-14f/294.csv
test;People;02292;People/12-14f;People/12-14f/298.csv
test;People;02299;People/12-14f;People/12-14f/305.csv
test;People;02309;People/12-14f;People/12-14f/315.csv
test;People;02313;People/12-14f;People/12-14f/319.csv
test;People;02317;People/12-14f;People/12-14f/323.csv
test;People;02319;People/12-14f;People/12-14f/325.csv
test;People;02324;People/12-14f;People/12-14f/330.csv
test;People;02329;People/12-14f;People/12-14f/335.csv
test;People;02340;People/12-14f;People/12-14f/346.csv
test;People;02345;People/12-14f;People/12-14f/351.csv
test;People;02351;People/12-14f;People/12-14f/357.csv
test;People;02352;People/12-14f;People/12-14f/358.csv
test;People;02358;People/12-14f;People/12-14f/364.csv
test;People;02367;People/12-14f;People/12-14f/373.csv
test;People;02376;People/12-14i;People/12-14i/002.csv
test;People;02388;People/12-14i;People/12-14i/014.csv
test;People;02389;People/12-14i;People/12-14i/015.csv
test;People;02390;People/12-14i;People/12-14i/016.csv
test;People;02400;People/12-14i;People/12-14i/026.csv
test;People;02403;People/12-14i;People/12-14i/029.csv
test;People;02406;People/12-14i;People/12-14i/032.csv
test;People;02407;People/12-14i;People/12-14i/033.csv
test;People;02418;People/12-14i;People/12-14i/044.csv
test;People;02419;People/12-14i;People/12-14i/045.csv
test;People;02432;People/12-14i;People/12-14i/058.csv
test;People;02441;People/12-14i;People/12-14i/067.csv
test;People;02447;People/12-14i;People/12-14i/073.csv
test;People;02458;People/12-14i;People/12-14i/084.csv
test;People;02463;People/12-14i;People/12-14i/089.csv
test;People;02464;People/12-14i;People/12-14i/090.csv
test;People;02465;People/12-14i;People/12-14i/091.csv
test;People;02472;People/12-14i;People/12-14i/098.csv
test;People;02478;People/12-14i;People/12-14i/104.csv
test;People;02482;People/12-14i;People/12-14i/108.csv
test;People;02499;People/12-14i;People/12-14i/125.csv
test;People;02500;People/12-14i;People/12-14i/126.csv
test;People;02510;People/12-14i;People/12-14i/136.csv
test;People;02518;People/12-14i;People/12-14i/144.csv
test;People;02520;People/12-14i;People/12-14i/146.csv
test;People;02523;People/12-14i;People/12-14i/149.csv
test;People;02532;People/12-14i;People/12-14i/158.csv
test;People;02541;People/12-14i;People/12-14i/167.csv
test;People;02543;People/12-14i;People/12-14i/169.csv
test;People;02549;People/12-14i;People/12-14i/175.csv
test;People;02570;People/12-14i;People/12-14i/196.csv
test;People;02572;People/12-14i;People/12-14i/198.csv
test;People;02575;People/12-14i;People/12-14i/201.csv
test;People;02578;People/12-14i;People/12-14i/204.csv
test;People;02589;People/12-14i;People/12-14i/215.csv
test;People;02590;People/12-14i;People/12-14i/216.csv
test;People;02599;People/12-14i;People/12-14i/225.csv
test;People;02604;People/12-21f;People/12-21f/003.csv
test;People;02610;People/12-21f;People/12-21f/009.csv
test;People;02618;People/12-21f;People/12-21f/017.csv
test;People;02619;People/12-21f;People/12-21f/018.csv
test;People;02628;People/12-21f;People/12-21f/027.csv
test;People;02629;People/12-21f;People/12-21f/028.csv
test;People;02630;People/12-21f;People/12-21f/029.csv
test;People;02667;People/12-21f;People/12-21f/066.csv
test;People;02670;People/12-21f;People/12-21f/069.csv
test;People;02678;People/12-21f;People/12-21f/077.csv
test;People;02681;People/12-21f;People/12-21f/080.csv
test;People;02690;People/12-21f;People/12-21f/089.csv
test;People;02698;People/12-21f;People/12-21f/097.csv
test;People;02706;People/12-21f;People/12-21f/105.csv
test;People;02708;People/12-21f;People/12-21f/107.csv
test;People;02717;People/12-21f;People/12-21f/116.csv
test;People;02729;People/12-21f;People/12-21f/128.csv
test;People;02733;People/12-21f;People/12-21f/132.csv
test;People;02752;People/12-21f;People/12-21f/151.csv
test;People;02759;People/12-21f;People/12-21f/158.csv
test;People;02765;People/12-21f;People/12-21f/164.csv
test;People;02771;People/12-21f;People/12-21f/170.csv
test;People;02776;People/12-21f;People/12-21f/175.csv
test;People;02779;People/12-21f;People/12-21f/178.csv
test;People;02788;People/12-21f;People/12-21f/187.csv
test;People;02796;People/12-21f;People/12-21f/195.csv
test;People;02803;People/12-21f;People/12-21f/202.csv
test;People;02813;People/12-21f;People/12-21f/212.csv
test;People;02816;People/12-21f;People/12-21f/215.csv
test;People;02828;People/12-21f;People/12-21f/227.csv
test;People;02830;People/12-21f;People/12-21f/229.csv
test;People;02834;People/12-21f;People/12-21f/233.csv
test;People;02837;People/12-21f;People/12-21f/236.csv
test;People;02856;People/12-21f;People/12-21f/255.csv
test;People;02861;People/12-21i;People/12-21i/001.csv
test;People;02869;People/12-21i;People/12-21i/009.csv
test;People;02880;People/12-21i;People/12-21i/020.csv
test;People;02888;People/12-21i;People/12-21i/028.csv
test;People;02893;People/12-21i;People/12-21i/033.csv
test;People;02901;People/12-21i;People/12-21i/041.csv
test;People;02911;People/12-21i;People/12-21i/051.csv
test;People;02918;People/12-21i;People/12-21i/058.csv
test;People;02922;People/12-21i;People/12-21i/062.csv
test;People;02923;People/12-21i;People/12-21i/063.csv
test;People;02928;People/12-21i;People/12-21i/068.csv
test;People;02933;People/12-21i;People/12-21i/073.csv
test;People;02938;People/12-21i;People/12-21i/078.csv
test;People;02949;People/12-21i;People/12-21i/089.csv
test;People;02971;People/12-21i;People/12-21i/111.csv
test;People;02986;People/12-21i;People/12-21i/126.csv
test;People;02987;People/12-21i;People/12-21i/127.csv
test;People;02992;People/12-21i;People/12-21i/132.csv
test;People;02993;People/12-21i;People/12-21i/133.csv
test;People;02997;People/12-21i;People/12-21i/137.csv
test;People;02998;People/12-21i;People/12-21i/138.csv
test;People;03003;People/12-21i;People/12-21i/143.csv
test;People;03013;People/12-21i;People/12-21i/153.csv
test;People;03017;People/12-21i;People/12-21i/157.csv
test;People;03019;People/12-21i;People/12-21i/159.csv
test;People;03024;People/12-21i;People/12-21i/164.csv
test;People;03033;People/12-21i;People/12-21i/173.csv
test;People;03035;People/12-21i;People/12-21i/175.csv
test;People;03044;People/12-21i;People/12-21i/184.csv
test;People;03045;People/12-21i;People/12-21i/185.csv
test;People;03054;People/12-21i;People/12-21i/194.csv
test;People;03059;People/12-21i;People/12-21i/199.csv
test;People;03066;People/12-21i;People/12-21i/206.csv
test;People;03067;People/12-21i;People/12-21i/207.csv
test;People;03075;People/12-21i;People/12-21i/215.csv
test;People;03076;People/12-21i;People/12-21i/216.csv
test;People;03086;People/12-21i;People/12-21i/226.csv
test;People;03095;People/12-21i;People/12-21i/235.csv
test;People;03096;People/12-21i;People/12-21i/236.csv
test;People;03097;People/12-21i;People/12-21i/237.csv
test;People;03102;People/12-21i;People/12-21i/242.csv
test;People;03108;People/12-21i;People/12-21i/248.csv
test;People;03122;People/12-21i;People/12-21i/262.csv
test;People;03124;People/12-21i;People/12-21i/264.csv
test;People;03128;People/12-29f;People/12-29f/001.csv
test;People;03130;People/12-29f;People/12-29f/003.csv
test;People;03131;People/12-29f;People/12-29f/004.csv
test;People;03132;People/12-29f;People/12-29f/005.csv
test;People;03133;People/12-29f;People/12-29f/006.csv
test;People;03134;People/12-29f;People/12-29f/007.csv
test;People;03150;People/12-29f;People/12-29f/023.csv
test;People;03151;People/12-29f;People/12-29f/024.csv
test;People;03154;People/12-29f;People/12-29f/027.csv
test;People;03160;People/12-29f;People/12-29f/033.csv
test;People;03166;People/12-29f;People/12-29f/039.csv
test;People;03183;People/12-29f;People/12-29f/056.csv
test;People;03186;People/12-29f;People/12-29f/059.csv
test;People;03198;People/12-29f;People/12-29f/071.csv
test;People;03200;People/12-29f;People/12-29f/073.csv
test;People;03207;People/12-29f;People/12-29f/080.csv
test;People;03211;People/12-29f;People/12-29f/084.csv
test;People;03221;People/12-29f;People/12-29f/094.csv
test;People;03227;People/12-29f;People/12-29f/100.csv
test;People;03239;People/12-29f;People/12-29f/112.csv
test;People;03245;People/12-29f;People/12-29f/118.csv
test;People;03251;People/12-29f;People/12-29f/124.csv
test;People;03255;People/12-29f;People/12-29f/128.csv
test;People;03264;People/12-29f;People/12-29f/137.csv
test;People;03271;People/12-29f;People/12-29f/144.csv
test;People;03277;People/12-29f;People/12-29f/150.csv
test;People;03280;People/12-29f;People/12-29f/153.csv
test;People;03290;People/12-29f;People/12-29f/163.csv
test;People;03297;People/12-29f;People/12-29f/170.csv
test;People;03306;People/12-29f;People/12-29f/179.csv
test;People;03320;People/12-29f;People/12-29f/193.csv
test;People;03324;People/12-29f;People/12-29f/197.csv
test;People;03327;People/12-29f;People/12-29f/200.csv
test;People;03335;People/12-29f;People/12-29f/208.csv
test;People;03342;People/12-29f;People/12-29f/215.csv
test;People;03348;People/12-29f;People/12-29f/221.csv
test;People;03350;People/12-29f;People/12-29f/223.csv
test;People;03354;People/12-29f;People/12-29f/227.csv
test;People;03358;People/12-29i;People/12-29i/001.csv
test;People;03376;People/12-29i;People/12-29i/019.csv
test;People;03403;People/12-29i;People/12-29i/046.csv
test;People;03405;People/12-29i;People/12-29i/048.csv
test;People;03407;People/12-29i;People/12-29i/050.csv
test;People;03425;People/12-29i;People/12-29i/068.csv
test;People;03427;People/12-29i;People/12-29i/070.csv
test;People;03429;People/12-29i;People/12-29i/072.csv
test;People;03430;People/12-29i;People/12-29i/073.csv
test;People;03432;People/12-29i;People/12-29i/075.csv
test;People;03438;People/12-29i;People/12-29i/081.csv
test;People;03444;People/12-29i;People/12-29i/087.csv
test;People;03451;People/12-29i;People/12-29i/094.csv
test;People;03459;People/12-29i;People/12-29i/102.csv
test;People;03460;People/12-29i;People/12-29i/103.csv
test;People;03464;People/12-29i;People/12-29i/107.csv
test;People;03470;People/12-29i;People/12-29i/113.csv
test;People;03482;People/12-29i;People/12-29i/125.csv
test;People;03484;People/12-29i;People/12-29i/127.csv
test;People;03489;People/12-29i;People/12-29i/132.csv
test;People;03514;People/12-29i;People/12-29i/157.csv
test;People;03519;People/12-29i;People/12-29i/162.csv
test;People;03533;People/12-29i;People/12-29i/176.csv
test;People;03537;People/12-29i;People/12-29i/180.csv
test;People;03540;People/12-29i;People/12-29i/183.csv
test;People;03545;People/12-29i;People/12-29i/188.csv
test;People;03546;People/12-29i;People/12-29i/189.csv
test;People;03551;People/12-29i;People/12-29i/194.csv
test;People;03552;People/12-29i;People/12-29i/195.csv
test;People;03555;People/12-29i;People/12-29i/198.csv
test;People;03572;People/12-29i;People/12-29i/215.csv
test;People;03574;People/12-29i;People/12-29i/217.csv
test;People;03576;People/12-29i;People/12-29i/219.csv
test;People;03586;People/12-29i;People/12-29i/229.csv
test;People;03612;People/12-38f;People/12-38f/016.csv
test;People;03617;People/12-38f;People/12-38f/021.csv
test;People;03625;People/12-38f;People/12-38f/029.csv
test;People;03640;People/12-38f;People/12-38f/044.csv
test;People;03642;People/12-38f;People/12-38f/046.csv
test;People;03647;People/12-38f;People/12-38f/051.csv
test;People;03648;People/12-38f;People/12-38f/052.csv
test;People;03651;People/12-38f;People/12-38f/055.csv
test;People;03659;People/12-38f;People/12-38f/063.csv
test;People;03660;People/12-38f;People/12-38f/064.csv
test;People;03668;People/12-38f;People/12-38f/072.csv
test;People;03672;People/12-38f;People/12-38f/076.csv
test;People;03683;People/12-38f;People/12-38f/087.csv
test;People;03690;People/12-38f;People/12-38f/094.csv
test;People;03692;People/12-38f;People/12-38f/096.csv
test;People;03694;People/12-38f;People/12-38f/098.csv
test;People;03729;People/12-38f;People/12-38f/133.csv
test;People;03733;People/12-38f;People/12-38f/137.csv
test;People;03740;People/12-38f;People/12-38f/144.csv
test;People;03753;People/12-38f;People/12-38f/157.csv
test;People;03758;People/12-38f;People/12-38f/162.csv
test;People;03760;People/12-38f;People/12-38f/164.csv
test;People;03772;People/12-38f;People/12-38f/176.csv
test;People;03781;People/12-38f;People/12-38f/185.csv
test;People;03782;People/12-38f;People/12-38f/186.csv
test;People;03785;People/12-38f;People/12-38f/189.csv
test;People;03791;People/12-38f;People/12-38f/195.csv
test;People;03794;People/12-38f;People/12-38f/198.csv
test;People;03797;People/12-38f;People/12-38f/201.csv
test;People;03800;People/12-38f;People/12-38f/204.csv
test;People;03809;People/12-38f;People/12-38f/213.csv
test;People;03810;People/12-38f;People/12-38f/214.csv
test;People;03822;People/12-38i;People/12-38i/011.csv
test;People;03823;People/12-38i;People/12-38i/012.csv
test;People;03825;People/12-38i;People/12-38i/014.csv
test;People;03834;People/12-38i;People/12-38i/023.csv
test;People;03847;People/12-38i;People/12-38i/036.csv
test;People;03853;People/12-38i;People/12-38i/042.csv
test;People;03857;People/12-38i;People/12-38i/046.csv
test;People;03863;People/12-38i;People/12-38i/052.csv
test;People;03870;People/12-38i;People/12-38i/059.csv
test;People;03894;People/12-38i;People/12-38i/083.csv
test;People;03906;People/12-38i;People/12-38i/095.csv
test;People;03909;People/12-38i;People/12-38i/098.csv
test;People;03917;People/12-38i;People/12-38i/106.csv
test;People;03918;People/12-38i;People/12-38i/107.csv
test;People;03919;People/12-38i;People/12-38i/108.csv
test;People;03923;People/12-38i;People/12-38i/112.csv
test;People;03928;People/12-38i;People/12-38i/117.csv
test;People;03930;People/12-38i;People/12-38i/119.csv
test;People;03936;People/12-38i;People/12-38i/125.csv
test;People;03939;People/12-38i;People/12-38i/128.csv
test;People;03945;People/12-38i;People/12-38i/134.csv
test;People;03950;People/12-38i;People/12-38i/139.csv
test;People;03951;People/12-38i;People/12-38i/140.csv
test;People;03955;People/12-38i;People/12-38i/144.csv
test;People;03956;People/12-38i;People/12-38i/145.csv
test;People;03969;People/12-38i;People/12-38i/158.csv
test;People;03971;People/12-38i;People/12-38i/160.csv
test;People;03974;People/12-38i;People/12-38i/163.csv
test;People;03980;People/12-38i;People/12-38i/169.csv
test;People;03985;People/12-38i;People/12-38i/174.csv
test;People;03993;People/12-38i;People/12-38i/182.csv
test;People;04003;People/12-38i;People/12-38i/192.csv
test;People;04005;People/12-38i;People/12-38i/194.csv
test;People;04013;People/12-38i;People/12-38i/202.csv
test;People;04016;People/12-38i;People/12-38i/205.csv
test;People;04025;People/12-38i;People/12-38i/214.csv
test;People;04032;People/12-38i;People/12-38i/221.csv
test;People;04040;People/12-38i;People/12-38i/229.csv
test;People;04042;People/12-38i;People/12-38i/231.csv
test;People;04044;People/12-38i;People/12-38i/233.csv
test;People;04048;People/12-38i;People/12-38i/237.csv
test;People;04051;People/12-38i;People/12-38i/240.csv
test;People;04054;People/12-38i;People/12-38i/243.csv
test;People;04061;People/12-38i;People/12-38i/250.csv
test;People;04064;People/12-38i;People/12-38i/253.csv
test;People;04072;People/12-38i;People/12-38i/261.csv
test;People;04073;People/12-38i;People/12-38i/262.csv
test;People;04076;People/12-38i;People/12-38i/265.csv
test;People;04077;People/12-38i;People/12-38i/266.csv
test;People;04086;People/12-43f;People/12-43f/009.csv
test;People;04092;People/12-43f;People/12-43f/015.csv
test;People;04094;People/12-43f;People/12-43f/017.csv
test;People;04104;People/12-43f;People/12-43f/027.csv
test;People;04106;People/12-43f;People/12-43f/029.csv
test;People;04145;People/12-43f;People/12-43f/068.csv
test;People;04152;People/12-43f;People/12-43f/075.csv
test;People;04156;People/12-43f;People/12-43f/079.csv
test;People;04160;People/12-43f;People/12-43f/083.csv
test;People;04161;People/12-43f;People/12-43f/084.csv
test;People;04162;People/12-43f;People/12-43f/085.csv
test;People;04163;People/12-43f;People/12-43f/086.csv
test;People;04166;People/12-43f;People/12-43f/089.csv
test;People;04175;People/12-43f;People/12-43f/098.csv
test;People;04197;People/12-43f;People/12-43f/120.csv
test;People;04222;People/12-43f;People/12-43f/145.csv
test;People;04241;People/12-43f;People/12-43f/164.csv
test;People;04251;People/12-43f;People/12-43f/174.csv
test;People;04254;People/12-43f;People/12-43f/177.csv
test;People;04257;People/12-43f;People/12-43f/180.csv
test;People;04259;People/12-43f;People/12-43f/182.csv
test;People;04265;People/12-43f;People/12-43f/188.csv
test;People;04268;People/12-43f;People/12-43f/191.csv
test;People;04274;People/12-43f;People/12-43f/197.csv
test;People;04293;People/12-43f;People/12-43f/216.csv
test;People;04296;People/12-43f;People/12-43f/219.csv
test;People;04300;People/12-43f;People/12-43f/223.csv
test;People;04302;People/12-43f;People/12-43f/225.csv
test;People;04308;People/12-43f;People/12-43f/231.csv
test;People;04316;People/12-43f;People/12-43f/239.csv
test;People;04321;People/12-43f;People/12-43f/244.csv
test;People;04324;People/12-43f;People/12-43f/247.csv
test;People;04335;People/12-43f;People/12-43f/258.csv
test;People;04336;People/12-43f;People/12-43f/259.csv
test;People;04348;People/12-43f;People/12-43f/271.csv
test;People;04368;People/12-43i;People/12-43i/008.csv
test;People;04371;People/12-43i;People/12-43i/011.csv
test;People;04372;People/12-43i;People/12-43i/012.csv
test;People;04377;People/12-43i;People/12-43i/017.csv
test;People;04395;People/12-43i;People/12-43i/035.csv
test;People;04403;People/12-43i;People/12-43i/043.csv
test;People;04410;People/12-43i;People/12-43i/050.csv
test;People;04413;People/12-43i;People/12-43i/053.csv
test;People;04429;People/12-43i;People/12-43i/069.csv
test;People;04437;People/12-43i;People/12-43i/077.csv
test;People;04438;People/12-43i;People/12-43i/078.csv
test;People;04440;People/12-43i;People/12-43i/080.csv
test;People;04476;People/12-43i;People/12-43i/116.csv
test;People;04483;People/12-43i;People/12-43i/123.csv
test;People;04484;People/12-43i;People/12-43i/124.csv
test;People;04487;People/12-43i;People/12-43i/127.csv
test;People;04491;People/12-43i;People/12-43i/131.csv
test;People;04503;People/12-43i;People/12-43i/143.csv
test;People;04518;People/12-43i;People/12-43i/158.csv
test;People;04521;People/12-43i;People/12-43i/161.csv
test;People;04524;People/12-43i;People/12-43i/164.csv
test;People;04538;People/12-43i;People/12-43i/178.csv
test;People;04540;People/12-43i;People/12-43i/180.csv
test;People;04555;People/12-43i;People/12-43i/195.csv
test;People;04558;People/12-43i;People/12-43i/198.csv
test;People;04560;People/12-43i;People/12-43i/200.csv
test;People;04563;People/12-43i;People/12-43i/203.csv
test;People;04565;People/12-43i;People/12-43i/205.csv
test;People;04569;People/12-43i;People/12-43i/209.csv
test;People;04577;People/12-43i;People/12-43i/217.csv
test;People;04582;People/12-43i;People/12-43i/222.csv
test;People;04595;People/12-43i;People/12-43i/235.csv
test;People;04596;People/12-43i;People/12-43i/236.csv
test;People;04597;People/12-43i;People/12-43i/237.csv
test;People;04604;People/12-43i;People/12-43i/244.csv
test;People;04606;People/12-43i;People/12-43i/246.csv
test;People;04611;People/12-43i;People/12-43i/251.csv
test;People;04621;People/12-43i;People/12-43i/261.csv
test;People;04626;People/12-43i;People/12-43i/266.csv
test;People;04672;People/12-43i;People/12-43i/312.csv
test;People;04686;People/12-43i;People/12-43i/326.csv
test;People;04692;People/12-43i;People/12-43i/332.csv
test;People;04695;People/12-43i;People/12-43i/335.csv
test;People;04697;People/12-43i;People/12-43i/337.csv
test;People;04698;People/12-43i;People/12-43i/338.csv
test;People;04701;People/12-43i;People/12-43i/341.csv
test;People;04706;People/12-50f;People/12-50f/001.csv
test;People;04707;People/12-50f;People/12-50f/002.csv
test;People;04725;People/12-50f;People/12-50f/020.csv
test;People;04726;People/12-50f;People/12-50f/021.csv
test;People;04741;People/12-50f;People/12-50f/036.csv
test;People;04754;People/12-50f;People/12-50f/049.csv
test;People;04756;People/12-50f;People/12-50f/051.csv
test;People;04767;People/12-50f;People/12-50f/062.csv
test;People;04768;People/12-50f;People/12-50f/063.csv
test;People;04770;People/12-50f;People/12-50f/065.csv
test;People;04775;People/12-50f;People/12-50f/070.csv
test;People;04787;People/12-50f;People/12-50f/082.csv
test;People;04790;People/12-50f;People/12-50f/085.csv
test;People;04792;People/12-50f;People/12-50f/087.csv
test;People;04794;People/12-50f;People/12-50f/089.csv
test;People;04809;People/12-50f;People/12-50f/104.csv
test;People;04811;People/12-50f;People/12-50f/106.csv
test;People;04816;People/12-50f;People/12-50f/111.csv
test;People;04829;People/12-50f;People/12-50f/124.csv
test;People;04835;People/12-50f;People/12-50f/130.csv
test;People;04837;People/12-50f;People/12-50f/132.csv
test;People;04841;People/12-50f;People/12-50f/136.csv
test;People;04864;People/12-50f;People/12-50f/159.csv
test;People;04867;People/12-50f;People/12-50f/162.csv
test;People;04875;People/12-50f;People/12-50f/170.csv
test;People;04881;People/12-50f;People/12-50f/176.csv
test;People;04885;People/12-50f;People/12-50f/180.csv
test;People;04887;People/12-50f;People/12-50f/182.csv
test;People;04891;People/12-50f;People/12-50f/186.csv
test;People;04915;People/12-50f;People/12-50f/210.csv
test;People;04923;People/12-50f;People/12-50f/218.csv
test;People;04928;People/12-50f;People/12-50f/223.csv
test;People;04935;People/12-50f;People/12-50f/230.csv
test;People;04939;People/12-50f;People/12-50f/234.csv
test;People;04948;People/12-50f;People/12-50f/243.csv
test;People;04953;People/12-50f;People/12-50f/248.csv
test;People;04956;People/12-50f;People/12-50f/251.csv
test;People;04986;People/12-50f;People/12-50f/281.csv
test;People;04988;People/12-50f;People/12-50f/283.csv
test;People;04989;People/12-50f;People/12-50f/284.csv
test;People;04994;People/12-50f;People/12-50f/289.csv
test;People;04997;People/12-50f;People/12-50f/292.csv
test;People;04998;People/12-50f;People/12-50f/293.csv
test;People;04999;People/12-50f;People/12-50f/294.csv
test;People;05004;People/12-50f;People/12-50f/299.csv
test;People;05009;People/12-50f;People/12-50f/304.csv
test;People;05011;People/12-50f;People/12-50f/306.csv
test;People;05014;People/12-50f;People/12-50f/309.csv
test;People;05020;People/12-50f;People/12-50f/315.csv
test;People;05027;People/12-50f;People/12-50f/322.csv
test;People;05045;People/12-50f;People/12-50f/340.csv
test;People;05062;People/12-50f;People/12-50f/357.csv
test;People;05066;People/12-50f;People/12-50f/361.csv
test;People;05067;People/12-50f;People/12-50f/362.csv
test;People;05070;People/12-50f;People/12-50f/365.csv
test;People;05076;People/12-50f;People/12-50f/371.csv
test;People;05082;People/12-50f;People/12-50f/377.csv
test;People;05090;People/12-50i;People/12-50i/004.csv
test;People;05115;People/12-50i;People/12-50i/029.csv
test;People;05129;People/12-50i;People/12-50i/043.csv
test;People;05131;People/12-50i;People/12-50i/045.csv
test;People;05133;People/12-50i;People/12-50i/047.csv
test;People;05147;People/12-50i;People/12-50i/061.csv
test;People;05149;People/12-50i;People/12-50i/063.csv
test;People;05155;People/12-50i;People/12-50i/069.csv
test;People;05166;People/12-50i;People/12-50i/080.csv
test;People;05171;People/12-50i;People/12-50i/085.csv
test;People;05181;People/12-50i;People/12-50i/095.csv
test;People;05194;People/12-50i;People/12-50i/108.csv
test;People;05197;People/12-50i;People/12-50i/111.csv
test;People;05199;People/12-50i;People/12-50i/113.csv
test;People;05220;People/12-50i;People/12-50i/134.csv
test;People;05231;People/12-50i;People/12-50i/145.csv
test;People;05239;People/12-50i;People/12-50i/153.csv
test;People;05242;People/12-50i;People/12-50i/156.csv
test;People;05247;People/12-50i;People/12-50i/161.csv
test;People;05248;People/12-50i;People/12-50i/162.csv
test;People;05254;People/12-50i;People/12-50i/168.csv
test;People;05275;People/12-50i;People/12-50i/189.csv
test;People;05276;People/12-50i;People/12-50i/190.csv
test;People;05286;People/12-50i;People/12-50i/200.csv
test;People;05291;People/12-50i;People/12-50i/205.csv
test;People;05315;People/12-50i;People/12-50i/229.csv
test;People;05320;People/12-50i;People/12-50i/234.csv
test;People;05322;People/12-50i;People/12-50i/236.csv
test;People;05326;People/12-50i;People/12-50i/240.csv
test;People;05328;People/12-50i;People/12-50i/242.csv
test;People;05338;People/12-50i;People/12-50i/252.csv
test;People;05352;People/12-50i;People/12-50i/266.csv
test;People;05356;People/12-50i;People/12-50i/270.csv
test;People;05360;People/12-50i;People/12-50i/274.csv
test;People;05361;People/12-50i;People/12-50i/275.csv
test;People;05368;People/12-50i;People/12-50i/282.csv
test;People;05373;People/12-50i;People/12-50i/287.csv
test;People;05383;People/12-50i;People/12-50i/297.csv
test;People;05386;People/12-50i;People/12-50i/300.csv
test;People;05390;People/12-50i;People/12-50i/304.csv
test;People;05395;People/12-50i;People/12-50i/309.csv
test;People;05421;People/12-57f;People/12-57f/013.csv
test;People;05425;People/12-57f;People/12-57f/017.csv
test;People;05426;People/12-57f;People/12-57f/018.csv
test;People;05438;People/12-57f;People/12-57f/030.csv
test;People;05447;People/12-57f;People/12-57f/039.csv
test;People;05460;People/12-57f;People/12-57f/052.csv
test;People;05466;People/12-57f;People/12-57f/058.csv
test;People;05470;People/12-57f;People/12-57f/062.csv
test;People;05478;People/12-57f;People/12-57f/070.csv
test;People;05479;People/12-57f;People/12-57f/071.csv
test;People;05482;People/12-57f;People/12-57f/074.csv
test;People;05491;People/12-57f;People/12-57f/083.csv
test;People;05511;People/12-57f;People/12-57f/103.csv
test;People;05514;People/12-57f;People/12-57f/106.csv
test;People;05519;People/12-57f;People/12-57f/111.csv
test;People;05532;People/12-57f;People/12-57f/124.csv
test;People;05533;People/12-57f;People/12-57f/125.csv
test;People;05550;People/12-57f;People/12-57f/142.csv
test;People;05557;People/12-57f;People/12-57f/149.csv
test;People;05564;People/12-57f;People/12-57f/156.csv
test;People;05572;People/12-57f;People/12-57f/164.csv
test;People;05590;People/12-57f;People/12-57f/182.csv
test;People;05611;People/12-57f;People/12-57f/203.csv
test;People;05615;People/12-57f;People/12-57f/207.csv
test;People;05618;People/12-57f;People/12-57f/210.csv
test;People;05621;People/12-57f;People/12-57f/213.csv
test;People;05639;People/12-57f;People/12-57f/231.csv
test;People;05656;People/12-57f;People/12-57f/248.csv
test;People;05657;People/12-57f;People/12-57f/249.csv
test;People;05662;People/12-57f;People/12-57f/254.csv
test;People;05666;People/12-57f;People/12-57f/258.csv
test;People;05674;People/12-57f;People/12-57f/266.csv
test;People;05677;People/12-57f;People/12-57f/269.csv
test;People;05680;People/12-57f;People/12-57f/272.csv
test;People;05684;People/12-57f;People/12-57f/276.csv
test;People;05687;People/12-57f;People/12-57f/279.csv
test;People;05704;People/12-57f;People/12-57f/296.csv
test;People;05705;People/12-57f;People/12-57f/297.csv
test;People;05706;People/12-57f;People/12-57f/298.csv
test;People;05723;People/12-57f;People/12-57f/315.csv
test;People;05734;People/12-57f;People/12-57f/326.csv
test;People;05738;People/12-57f;People/12-57f/330.csv
test;People;05752;People/12-57f;People/12-57f/344.csv
test;People;05753;People/12-57f;People/12-57f/345.csv
test;People;05757;People/12-57f;People/12-57f/349.csv
test;People;05768;People/12-57f;People/12-57f/360.csv
test;People;05777;People/12-57f;People/12-57f/369.csv
test;People;05778;People/12-57f;People/12-57f/370.csv
test;People;05782;People/12-57f;People/12-57f/374.csv
test;People;05789;People/12-57i;People/12-57i/003.csv
test;People;05791;People/12-57i;People/12-57i/005.csv
test;People;05799;People/12-57i;People/12-57i/013.csv
test;People;05803;People/12-57i;People/12-57i/017.csv
test;People;05805;People/12-57i;People/12-57i/019.csv
test;People;05806;People/12-57i;People/12-57i/020.csv
test;People;05809;People/12-57i;People/12-57i/023.csv
test;People;05811;People/12-57i;People/12-57i/025.csv
test;People;05818;People/12-57i;People/12-57i/032.csv
test;People;05822;People/12-57i;People/12-57i/036.csv
test;People;05831;People/12-57i;People/12-57i/045.csv
test;People;05834;People/12-57i;People/12-57i/048.csv
test;People;05837;People/12-57i;People/12-57i/051.csv
test;People;05849;People/12-57i;People/12-57i/063.csv
test;People;05861;People/12-57i;People/12-57i/075.csv
test;People;05864;People/12-57i;People/12-57i/078.csv
test;People;05871;People/12-57i;People/12-57i/085.csv
test;People;05872;People/12-57i;People/12-57i/086.csv
test;People;05877;People/12-57i;People/12-57i/091.csv
test;People;05886;People/12-57i;People/12-57i/100.csv
test;People;05887;People/12-57i;People/12-57i/101.csv
test;People;05898;People/12-57i;People/12-57i/112.csv
test;People;05902;People/12-57i;People/12-57i/116.csv
test;People;05915;People/12-57i;People/12-57i/129.csv
test;People;05919;People/12-57i;People/12-57i/133.csv
test;People;05926;People/12-57i;People/12-57i/140.csv
test;People;05929;People/12-57i;People/12-57i/143.csv
test;People;05934;People/12-57i;People/12-57i/148.csv
test;People;05937;People/12-57i;People/12-57i/151.csv
test;People;05942;People/12-57i;People/12-57i/156.csv
test;People;05945;People/12-57i;People/12-57i/159.csv
test;People;05947;People/12-57i;People/12-57i/161.csv
test;People;05952;People/12-57i;People/12-57i/166.csv
test;People;05971;People/15-58;People/15-58/003.csv
test;People;05985;People/15-58;People/15-58/017.csv
test;People;06004;People/15-58;People/15-58/036.csv
test;People;06022;People/15-58;People/15-58/054.csv
test;People;06025;People/15-58;People/15-58/057.csv
test;People;06031;People/15-58;People/15-58/063.csv
test;People;06033;People/15-58;People/15-58/065.csv
test;People;06035;People/15-58;People/15-58/067.csv
test;People;06062;People/15-58;People/15-58/094.csv
test;People;06063;People/15-58;People/15-58/095.csv
test;People;06064;People/15-58;People/15-58/096.csv
test;People;06072;People/15-58i;People/15-58i/004.csv
test;People;06079;People/15-58i;People/15-58i/011.csv
test;People;06080;People/15-58i;People/15-58i/012.csv
test;People;06092;People/15-58i;People/15-58i/024.csv
test;People;06093;People/15-58i;People/15-58i/025.csv
test;People;06104;People/15-58i;People/15-58i/036.csv
test;People;06123;People/15-58i;People/15-58i/055.csv
test;People;06137;People/15-58i;People/15-58i/069.csv
test;People;06149;People/15-58i;People/15-58i/081.csv
test;People;06151;People/15-58i;People/15-58i/083.csv
test;People;06152;People/15-58i;People/15-58i/084.csv
test;People;06154;People/15-58i;People/15-58i/086.csv
test;People;06155;People/15-58i;People/15-58i/087.csv
test;People;06157;People/15-58i;People/15-58i/089.csv
test;People;06172;People/16-00;People/16-00/004.csv
test;People;06175;People/16-00;People/16-00/007.csv
test;People;06195;People/16-00;People/16-00/027.csv
test;People;06197;People/16-00;People/16-00/029.csv
test;People;06200;People/16-00;People/16-00/032.csv
test;People;06204;People/16-00;People/16-00/036.csv
test;People;06207;People/16-00;People/16-00/039.csv
test;People;06214;People/16-00;People/16-00/046.csv
test;People;06226;People/16-00;People/16-00/058.csv
test;People;06228;People/16-00;People/16-00/060.csv
test;People;06239;People/16-00;People/16-00/071.csv
test;People;06242;People/16-00;People/16-00/074.csv
test;People;06245;People/16-00;People/16-00/077.csv
test;People;06248;People/16-00;People/16-00/080.csv
test;People;06250;People/16-00;People/16-00/082.csv
test;People;06251;People/16-00;People/16-00/083.csv
test;People;06253;People/16-00;People/16-00/085.csv
test;People;06255;People/16-00;People/16-00/087.csv
test;People;06261;People/16-00;People/16-00/093.csv
test;People;06268;People/16-00;People/16-00/100.csv
test;People;06272;People/16-00;People/16-00/104.csv
test;People;06273;People/16-00;People/16-00/105.csv
test;People;06278;People/16-00;People/16-00/110.csv
test;People;06280;People/16-00;People/16-00/112.csv
test;People;06287;People/16-00;People/16-00/119.csv
test;People;06299;People/16-00;People/16-00/131.csv
test;People;06300;People/16-00;People/16-00/132.csv
test;People;06301;People/16-00;People/16-00/133.csv
test;People;06305;People/16-00;People/16-00/137.csv
test;People;06306;People/16-00i;People/16-00i/001.csv
test;People;06313;People/16-00i;People/16-00i/008.csv
test;People;06322;People/16-00i;People/16-00i/017.csv
test;People;06324;People/16-00i;People/16-00i/019.csv
test;People;06327;People/16-00i;People/16-00i/022.csv
test;People;06329;People/16-00i;People/16-00i/024.csv
test;People;06352;People/16-00i;People/16-00i/047.csv
test;People;06353;People/16-00i;People/16-00i/048.csv
test;People;06365;People/16-00i;People/16-00i/060.csv
test;People;06369;People/16-00i;People/16-00i/064.csv
test;People;06378;People/16-00i;People/16-00i/073.csv
test;People;06379;People/16-00i;People/16-00i/074.csv
test;People;06382;People/16-00i;People/16-00i/077.csv
test;People;06388;People/16-00i;People/16-00i/083.csv
test;People;06389;People/16-00i;People/16-00i/084.csv
test;People;06399;People/16-00i;People/16-00i/094.csv
test;People;06416;People/16-00i;People/16-00i/111.csv
test;People;06425;People/16-00i;People/16-00i/120.csv
test;People;06426;People/16-00i;People/16-00i/121.csv
test;People;06429;People/16-00i;People/16-00i/124.csv
test;People;06435;People/16-00i;People/16-00i/130.csv
test;People;06436;People/16-00i;People/16-00i/131.csv
test;People;06437;People/16-00i;People/16-00i/132.csv
test;People;06443;People/16-06;People/16-06/001.csv
test;People;06446;People/16-06;People/16-06/004.csv
test;People;06449;People/16-06;People/16-06/007.csv
test;People;06453;People/16-06;People/16-06/011.csv
test;People;06455;People/16-06;People/16-06/013.csv
test;People;06460;People/16-06;People/16-06/018.csv
test;People;06461;People/16-06;People/16-06/019.csv
test;People;06465;People/16-06;People/16-06/023.csv
test;People;06469;People/16-06;People/16-06/027.csv
test;People;06470;People/16-06;People/16-06/028.csv
test;People;06475;People/16-06;People/16-06/033.csv
test;People;06486;People/16-06;People/16-06/044.csv
test;People;06494;People/16-06;People/16-06/052.csv
test;People;06495;People/16-06;People/16-06/053.csv
test;People;06497;People/16-06;People/16-06/055.csv
test;People;06501;People/16-06;People/16-06/059.csv
test;People;06514;People/16-06;People/16-06/072.csv
test;People;06515;People/16-06;People/16-06/073.csv
test;People;06516;People/16-06;People/16-06/074.csv
test;People;06534;People/16-06;People/16-06/092.csv
test;People;06539;People/16-06;People/16-06/097.csv
test;People;06541;People/16-06;People/16-06/099.csv
test;People;06547;People/16-06;People/16-06/105.csv
test;People;06548;People/16-06;People/16-06/106.csv
test;People;06553;People/16-06;People/16-06/111.csv
test;People;06563;People/16-06;People/16-06/121.csv
test;People;06573;People/16-06i;People/16-06i/002.csv
test;People;06579;People/16-06i;People/16-06i/008.csv
test;People;06583;People/16-06i;People/16-06i/012.csv
test;People;06593;People/16-06i;People/16-06i/022.csv
test;People;06596;People/16-06i;People/16-06i/025.csv
test;People;06614;People/16-06i;People/16-06i/043.csv
test;People;06620;People/16-06i;People/16-06i/049.csv
test;People;06624;People/16-06i;People/16-06i/053.csv
test;People;06643;People/16-06i;People/16-06i/072.csv
test;People;06644;People/16-06i;People/16-06i/073.csv
test;People;06649;People/16-06i;People/16-06i/078.csv
test;People;06662;People/16-06i;People/16-06i/091.csv
test;People;06663;People/16-06i;People/16-06i/092.csv
test;People;06664;People/16-06i;People/16-06i/093.csv
test;People;06665;People/16-06i;People/16-06i/094.csv
test;People;06671;People/16-06i;People/16-06i/100.csv
test;People;06681;People/16-06i;People/16-06i/110.csv
test;People;06683;People/16-06i;People/16-06i/112.csv
test;People;06686;People/16-06i;People/16-06i/115.csv
test;People;06695;People/16-06i;People/16-06i/124.csv
train;Cars;00001;Cars/13-13;Cars/13-13/001.csv
train;Cars;00002;Cars/13-13;Cars/13-13/002.csv
train;Cars;00003;Cars/13-13;Cars/13-13/003.csv
train;Cars;00004;Cars/13-13;Cars/13-13/004.csv
train;Cars;00005;Cars/13-13;Cars/13-13/005.csv
train;Cars;00006;Cars/13-13;Cars/13-13/006.csv
train;Cars;00007;Cars/13-13;Cars/13-13/007.csv
train;Cars;00008;Cars/13-13;Cars/13-13/008.csv
train;Cars;00010;Cars/13-13;Cars/13-13/010.csv
train;Cars;00011;Cars/13-13;Cars/13-13/011.csv
train;Cars;00012;Cars/13-13;Cars/13-13/012.csv
train;Cars;00014;Cars/13-13;Cars/13-13/014.csv
train;Cars;00015;Cars/13-13;Cars/13-13/015.csv
train;Cars;00017;Cars/13-13;Cars/13-13/017.csv
train;Cars;00019;Cars/13-13;Cars/13-13/019.csv
train;Cars;00021;Cars/13-13;Cars/13-13/021.csv
train;Cars;00022;Cars/13-13;Cars/13-13/022.csv
train;Cars;00023;Cars/13-13;Cars/13-13/023.csv
train;Cars;00025;Cars/13-13;Cars/13-13/025.csv
train;Cars;00026;Cars/13-13;Cars/13-13/026.csv
train;Cars;00028;Cars/13-13;Cars/13-13/028.csv
train;Cars;00029;Cars/13-13;Cars/13-13/029.csv
train;Cars;00032;Cars/13-13;Cars/13-13/032.csv
train;Cars;00033;Cars/13-13;Cars/13-13/033.csv
train;Cars;00035;Cars/13-13;Cars/13-13/035.csv
train;Cars;00036;Cars/13-13;Cars/13-13/036.csv
train;Cars;00037;Cars/13-13;Cars/13-13/037.csv
train;Cars;00039;Cars/13-13;Cars/13-13/039.csv
train;Cars;00040;Cars/13-13;Cars/13-13/040.csv
train;Cars;00041;Cars/13-13;Cars/13-13/041.csv
train;Cars;00042;Cars/13-13;Cars/13-13/042.csv
train;Cars;00043;Cars/13-13;Cars/13-13/043.csv
train;Cars;00047;Cars/13-13;Cars/13-13/047.csv
train;Cars;00049;Cars/13-13;Cars/13-13/049.csv
train;Cars;00050;Cars/13-13;Cars/13-13/050.csv
train;Cars;00051;Cars/13-13;Cars/13-13/051.csv
train;Cars;00053;Cars/13-13;Cars/13-13/053.csv
train;Cars;00054;Cars/13-13;Cars/13-13/054.csv
train;Cars;00055;Cars/13-13;Cars/13-13/055.csv
train;Cars;00056;Cars/13-13;Cars/13-13/056.csv
train;Cars;00057;Cars/13-13;Cars/13-13/057.csv
train;Cars;00058;Cars/13-13;Cars/13-13/058.csv
train;Cars;00059;Cars/13-13;Cars/13-13/059.csv
train;Cars;00060;Cars/13-13;Cars/13-13/060.csv
train;Cars;00061;Cars/13-13;Cars/13-13/061.csv
train;Cars;00065;Cars/13-13;Cars/13-13/065.csv
train;Cars;00067;Cars/13-13;Cars/13-13/067.csv
train;Cars;00068;Cars/13-13;Cars/13-13/068.csv
train;Cars;00073;Cars/13-13;Cars/13-13/073.csv
train;Cars;00074;Cars/13-13;Cars/13-13/074.csv
train;Cars;00075;Cars/13-13;Cars/13-13/075.csv
train;Cars;00077;Cars/13-13;Cars/13-13/077.csv
train;Cars;00078;Cars/13-13;Cars/13-13/078.csv
train;Cars;00079;Cars/13-13;Cars/13-13/079.csv
train;Cars;00082;Cars/13-13;Cars/13-13/082.csv
train;Cars;00083;Cars/13-13;Cars/13-13/083.csv
train;Cars;00084;Cars/13-13;Cars/13-13/084.csv
train;Cars;00086;Cars/13-13;Cars/13-13/086.csv
train;Cars;00087;Cars/13-13;Cars/13-13/087.csv
train;Cars;00088;Cars/13-13;Cars/13-13/088.csv
train;Cars;00090;Cars/13-13;Cars/13-13/090.csv
train;Cars;00092;Cars/13-13;Cars/13-13/092.csv
train;Cars;00093;Cars/13-13;Cars/13-13/093.csv
train;Cars;00095;Cars/13-13;Cars/13-13/095.csv
train;Cars;00098;Cars/13-13;Cars/13-13/098.csv
train;Cars;00099;Cars/13-13;Cars/13-13/099.csv
train;Cars;00105;Cars/13-13;Cars/13-13/105.csv
train;Cars;00106;Cars/13-13;Cars/13-13/106.csv
train;Cars;00112;Cars/13-13;Cars/13-13/112.csv
train;Cars;00113;Cars/13-13;Cars/13-13/113.csv
train;Cars;00114;Cars/13-13;Cars/13-13/114.csv
train;Cars;00115;Cars/13-13;Cars/13-13/115.csv
train;Cars;00116;Cars/13-13;Cars/13-13/116.csv
train;Cars;00117;Cars/13-13;Cars/13-13/117.csv
train;Cars;00118;Cars/13-13;Cars/13-13/118.csv
train;Cars;00119;Cars/13-13;Cars/13-13/119.csv
train;Cars;00120;Cars/13-13;Cars/13-13/120.csv
train;Cars;00124;Cars/13-13;Cars/13-13/124.csv
train;Cars;00125;Cars/13-13;Cars/13-13/125.csv
train;Cars;00126;Cars/13-13;Cars/13-13/126.csv
train;Cars;00127;Cars/13-13;Cars/13-13/127.csv
train;Cars;00128;Cars/13-13;Cars/13-13/128.csv
train;Cars;00129;Cars/13-13;Cars/13-13/129.csv
train;Cars;00130;Cars/13-13;Cars/13-13/130.csv
train;Cars;00131;Cars/13-13;Cars/13-13/131.csv
train;Cars;00132;Cars/13-13;Cars/13-13/132.csv
train;Cars;00134;Cars/13-13;Cars/13-13/134.csv
train;Cars;00137;Cars/13-13;Cars/13-13/137.csv
train;Cars;00138;Cars/13-13;Cars/13-13/138.csv
train;Cars;00139;Cars/13-13;Cars/13-13/139.csv
train;Cars;00141;Cars/13-13;Cars/13-13/141.csv
train;Cars;00142;Cars/13-13;Cars/13-13/142.csv
train;Cars;00144;Cars/13-13;Cars/13-13/144.csv
train;Cars;00146;Cars/13-13;Cars/13-13/146.csv
train;Cars;00147;Cars/13-13;Cars/13-13/147.csv
train;Cars;00148;Cars/13-13;Cars/13-13/148.csv
train;Cars;00149;Cars/13-13;Cars/13-13/149.csv
train;Cars;00153;Cars/13-13;Cars/13-13/153.csv
train;Cars;00154;Cars/13-13;Cars/13-13/154.csv
train;Cars;00155;Cars/13-13;Cars/13-13/155.csv
train;Cars;00156;Cars/13-13;Cars/13-13/156.csv
train;Cars;00159;Cars/13-13;Cars/13-13/159.csv
train;Cars;00160;Cars/13-13;Cars/13-13/160.csv
train;Cars;00161;Cars/13-13;Cars/13-13/161.csv
train;Cars;00162;Cars/13-13;Cars/13-13/162.csv
train;Cars;00163;Cars/13-13;Cars/13-13/163.csv
train;Cars;00164;Cars/13-13;Cars/13-13/164.csv
train;Cars;00165;Cars/13-13;Cars/13-13/165.csv
train;Cars;00166;Cars/13-13;Cars/13-13/166.csv
train;Cars;00170;Cars/13-13;Cars/13-13/170.csv
train;Cars;00171;Cars/13-13;Cars/13-13/171.csv
train;Cars;00172;Cars/13-13;Cars/13-13/172.csv
train;Cars;00173;Cars/13-13;Cars/13-13/173.csv
train;Cars;00174;Cars/13-13;Cars/13-13/174.csv
train;Cars;00177;Cars/13-13;Cars/13-13/177.csv
train;Cars;00179;Cars/13-13;Cars/13-13/179.csv
train;Cars;00181;Cars/13-13;Cars/13-13/181.csv
train;Cars;00183;Cars/13-13;Cars/13-13/183.csv
train;Cars;00186;Cars/13-13;Cars/13-13/186.csv
train;Cars;00187;Cars/13-13;Cars/13-13/187.csv
train;Cars;00188;Cars/13-13;Cars/13-13/188.csv
train;Cars;00189;Cars/13-13;Cars/13-13/189.csv
train;Cars;00190;Cars/13-13;Cars/13-13/190.csv
train;Cars;00191;Cars/13-13;Cars/13-13/191.csv
train;Cars;00194;Cars/13-13;Cars/13-13/194.csv
train;Cars;00195;Cars/13-13;Cars/13-13/195.csv
train;Cars;00198;Cars/13-13;Cars/13-13/198.csv
train;Cars;00199;Cars/13-13;Cars/13-13/199.csv
train;Cars;00201;Cars/13-13;Cars/13-13/201.csv
train;Cars;00202;Cars/13-13;Cars/13-13/202.csv
train;Cars;00203;Cars/13-13;Cars/13-13/203.csv
train;Cars;00205;Cars/13-13;Cars/13-13/205.csv
train;Cars;00206;Cars/13-13;Cars/13-13/206.csv
train;Cars;00207;Cars/13-13;Cars/13-13/207.csv
train;Cars;00208;Cars/13-13;Cars/13-13/208.csv
train;Cars;00210;Cars/13-13;Cars/13-13/210.csv
train;Cars;00212;Cars/13-13;Cars/13-13/212.csv
train;Cars;00213;Cars/13-13;Cars/13-13/213.csv
train;Cars;00214;Cars/13-13;Cars/13-13/214.csv
train;Cars;00216;Cars/13-13;Cars/13-13/216.csv
train;Cars;00217;Cars/13-13;Cars/13-13/217.csv
train;Cars;00221;Cars/13-13;Cars/13-13/221.csv
train;Cars;00223;Cars/13-13;Cars/13-13/223.csv
train;Cars;00224;Cars/13-13;Cars/13-13/224.csv
train;Cars;00225;Cars/13-13;Cars/13-13/225.csv
train;Cars;00226;Cars/13-13;Cars/13-13/226.csv
train;Cars;00227;Cars/13-13;Cars/13-13/227.csv
train;Cars;00232;Cars/13-13;Cars/13-13/232.csv
train;Cars;00233;Cars/13-13;Cars/13-13/233.csv
train;Cars;00235;Cars/13-13;Cars/13-13/235.csv
train;Cars;00236;Cars/13-13;Cars/13-13/236.csv
train;Cars;00237;Cars/13-13;Cars/13-13/237.csv
train;Cars;00238;Cars/13-13;Cars/13-13/238.csv
train;Cars;00242;Cars/13-13;Cars/13-13/242.csv
train;Cars;00243;Cars/13-13;Cars/13-13/243.csv
train;Cars;00244;Cars/13-13;Cars/13-13/244.csv
train;Cars;00245;Cars/13-13;Cars/13-13/245.csv
train;Cars;00247;Cars/13-13;Cars/13-13/247.csv
train;Cars;00248;Cars/13-13;Cars/13-13/248.csv
train;Cars;00250;Cars/13-13;Cars/13-13/250.csv
train;Cars;00251;Cars/13-13;Cars/13-13/251.csv
train;Cars;00254;Cars/13-13;Cars/13-13/254.csv
train;Cars;00256;Cars/13-13;Cars/13-13/256.csv
train;Cars;00257;Cars/13-13;Cars/13-13/257.csv
train;Cars;00259;Cars/13-13;Cars/13-13/259.csv
train;Cars;00261;Cars/13-13;Cars/13-13/261.csv
train;Cars;00262;Cars/13-13;Cars/13-13/262.csv
train;Cars;00263;Cars/13-13;Cars/13-13/263.csv
train;Cars;00265;Cars/13-13;Cars/13-13/265.csv
train;Cars;00266;Cars/13-13;Cars/13-13/266.csv
train;Cars;00267;Cars/13-13;Cars/13-13/267.csv
train;Cars;00268;Cars/13-13;Cars/13-13/268.csv
train;Cars;00269;Cars/13-13;Cars/13-13/269.csv
train;Cars;00270;Cars/13-13;Cars/13-13/270.csv
train;Cars;00271;Cars/13-13;Cars/13-13/271.csv
train;Cars;00272;Cars/13-13;Cars/13-13/272.csv
train;Cars;00274;Cars/13-13;Cars/13-13/274.csv
train;Cars;00276;Cars/13-13;Cars/13-13/276.csv
train;Cars;00277;Cars/13-13;Cars/13-13/277.csv
train;Cars;00278;Cars/13-13;Cars/13-13/278.csv
train;Cars;00279;Cars/13-13;Cars/13-13/279.csv
train;Cars;00281;Cars/13-13;Cars/13-13/281.csv
train;Cars;00282;Cars/13-13;Cars/13-13/282.csv
train;Cars;00283;Cars/13-13;Cars/13-13/283.csv
train;Cars;00285;Cars/13-13;Cars/13-13/285.csv
train;Cars;00286;Cars/13-13;Cars/13-13/286.csv
train;Cars;00289;Cars/13-13;Cars/13-13/289.csv
train;Cars;00290;Cars/13-13;Cars/13-13/290.csv
train;Cars;00295;Cars/13-13;Cars/13-13/295.csv
train;Cars;00300;Cars/13-13;Cars/13-13/300.csv
train;Cars;00301;Cars/13-13;Cars/13-13/301.csv
train;Cars;00302;Cars/13-13;Cars/13-13/302.csv
train;Cars;00303;Cars/13-13;Cars/13-13/303.csv
train;Cars;00304;Cars/13-13;Cars/13-13/304.csv
train;Cars;00305;Cars/13-13;Cars/13-13/305.csv
train;Cars;00306;Cars/13-13;Cars/13-13/306.csv
train;Cars;00307;Cars/13-13;Cars/13-13/307.csv
train;Cars;00308;Cars/13-13;Cars/13-13/308.csv
train;Cars;00310;Cars/13-13;Cars/13-13/310.csv
train;Cars;00311;Cars/13-13;Cars/13-13/311.csv
train;Cars;00312;Cars/13-13;Cars/13-13/312.csv
train;Cars;00314;Cars/13-13;Cars/13-13/314.csv
train;Cars;00315;Cars/13-13;Cars/13-13/315.csv
train;Cars;00317;Cars/13-13;Cars/13-13/317.csv
train;Cars;00318;Cars/13-13;Cars/13-13/318.csv
train;Cars;00321;Cars/13-13;Cars/13-13/321.csv
train;Cars;00322;Cars/13-13;Cars/13-13/322.csv
train;Cars;00324;Cars/13-13;Cars/13-13/324.csv
train;Cars;00327;Cars/13-13;Cars/13-13/327.csv
train;Cars;00328;Cars/13-13;Cars/13-13/328.csv
train;Cars;00329;Cars/13-13;Cars/13-13/329.csv
train;Cars;00330;Cars/13-13;Cars/13-13/330.csv
train;Cars;00331;Cars/13-13;Cars/13-13/331.csv
train;Cars;00332;Cars/13-13;Cars/13-13/332.csv
train;Cars;00333;Cars/13-13;Cars/13-13/333.csv
train;Cars;00336;Cars/13-13;Cars/13-13/336.csv
train;Cars;00338;Cars/13-13p;Cars/13-13p/001.csv
train;Cars;00339;Cars/13-13p;Cars/13-13p/002.csv
train;Cars;00341;Cars/13-13p;Cars/13-13p/004.csv
train;Cars;00342;Cars/13-13p;Cars/13-13p/005.csv
train;Cars;00343;Cars/13-13p;Cars/13-13p/006.csv
train;Cars;00344;Cars/13-13p;Cars/13-13p/007.csv
train;Cars;00345;Cars/13-13p;Cars/13-13p/008.csv
train;Cars;00346;Cars/13-13p;Cars/13-13p/009.csv
train;Cars;00348;Cars/13-13p;Cars/13-13p/011.csv
train;Cars;00349;Cars/13-13p;Cars/13-13p/012.csv
train;Cars;00350;Cars/13-13p;Cars/13-13p/013.csv
train;Cars;00353;Cars/13-13p;Cars/13-13p/016.csv
train;Cars;00354;Cars/13-13p;Cars/13-13p/017.csv
train;Cars;00356;Cars/13-13p;Cars/13-13p/019.csv
train;Cars;00357;Cars/13-13p;Cars/13-13p/020.csv
train;Cars;00358;Cars/13-13p;Cars/13-13p/021.csv
train;Cars;00359;Cars/13-13p;Cars/13-13p/022.csv
train;Cars;00360;Cars/13-13p;Cars/13-13p/023.csv
train;Cars;00361;Cars/13-13p;Cars/13-13p/024.csv
train;Cars;00362;Cars/13-13p;Cars/13-13p/025.csv
train;Cars;00363;Cars/13-13p;Cars/13-13p/026.csv
train;Cars;00364;Cars/13-13p;Cars/13-13p/027.csv
train;Cars;00365;Cars/13-13p;Cars/13-13p/028.csv
train;Cars;00366;Cars/13-13p;Cars/13-13p/029.csv
train;Cars;00370;Cars/13-13p;Cars/13-13p/033.csv
train;Cars;00371;Cars/13-13p;Cars/13-13p/034.csv
train;Cars;00373;Cars/13-13p;Cars/13-13p/036.csv
train;Cars;00375;Cars/13-13p;Cars/13-13p/038.csv
train;Cars;00376;Cars/13-13p;Cars/13-13p/039.csv
train;Cars;00378;Cars/13-13p;Cars/13-13p/041.csv
train;Cars;00380;Cars/13-13p;Cars/13-13p/043.csv
train;Cars;00381;Cars/13-13p;Cars/13-13p/044.csv
train;Cars;00383;Cars/13-13p;Cars/13-13p/046.csv
train;Cars;00384;Cars/13-13p;Cars/13-13p/047.csv
train;Cars;00385;Cars/13-13p;Cars/13-13p/048.csv
train;Cars;00386;Cars/13-13p;Cars/13-13p/049.csv
train;Cars;00387;Cars/13-13p;Cars/13-13p/050.csv
train;Cars;00389;Cars/13-13p;Cars/13-13p/052.csv
train;Cars;00390;Cars/13-13p;Cars/13-13p/053.csv
train;Cars;00391;Cars/13-13p;Cars/13-13p/054.csv
train;Cars;00392;Cars/13-13p;Cars/13-13p/055.csv
train;Cars;00393;Cars/13-13p;Cars/13-13p/056.csv
train;Cars;00395;Cars/13-13p;Cars/13-13p/058.csv
train;Cars;00396;Cars/13-13p;Cars/13-13p/059.csv
train;Cars;00397;Cars/13-13p;Cars/13-13p/060.csv
train;Cars;00398;Cars/13-13p;Cars/13-13p/061.csv
train;Cars;00399;Cars/13-13p;Cars/13-13p/062.csv
train;Cars;00400;Cars/13-13p;Cars/13-13p/063.csv
train;Cars;00401;Cars/13-13p;Cars/13-13p/064.csv
train;Cars;00403;Cars/13-13p;Cars/13-13p/066.csv
train;Cars;00404;Cars/13-13p;Cars/13-13p/067.csv
train;Cars;00405;Cars/13-13p;Cars/13-13p/068.csv
train;Cars;00406;Cars/13-13p;Cars/13-13p/069.csv
train;Cars;00407;Cars/13-13p;Cars/13-13p/070.csv
train;Cars;00408;Cars/13-13p;Cars/13-13p/071.csv
train;Cars;00410;Cars/13-13p;Cars/13-13p/073.csv
train;Cars;00413;Cars/13-13p;Cars/13-13p/076.csv
train;Cars;00414;Cars/13-13p;Cars/13-13p/077.csv
train;Cars;00418;Cars/13-13p;Cars/13-13p/081.csv
train;Cars;00420;Cars/13-13p;Cars/13-13p/083.csv
train;Cars;00421;Cars/13-13p;Cars/13-13p/084.csv
train;Cars;00422;Cars/13-13p;Cars/13-13p/085.csv
train;Cars;00424;Cars/13-13p;Cars/13-13p/087.csv
train;Cars;00425;Cars/13-13p;Cars/13-13p/088.csv
train;Cars;00428;Cars/13-13p;Cars/13-13p/091.csv
train;Cars;00431;Cars/13-13p;Cars/13-13p/094.csv
train;Cars;00432;Cars/13-13p;Cars/13-13p/095.csv
train;Cars;00433;Cars/13-13p;Cars/13-13p/096.csv
train;Cars;00434;Cars/13-13p;Cars/13-13p/097.csv
train;Cars;00435;Cars/13-13p;Cars/13-13p/098.csv
train;Cars;00436;Cars/13-13p;Cars/13-13p/099.csv
train;Cars;00437;Cars/13-13p;Cars/13-13p/100.csv
train;Cars;00441;Cars/13-13p;Cars/13-13p/104.csv
train;Cars;00442;Cars/13-13p;Cars/13-13p/105.csv
train;Cars;00443;Cars/13-13p;Cars/13-13p/106.csv
train;Cars;00445;Cars/13-13p;Cars/13-13p/108.csv
train;Cars;00446;Cars/13-13p;Cars/13-13p/109.csv
train;Cars;00447;Cars/13-13p;Cars/13-13p/110.csv
train;Cars;00449;Cars/13-13p;Cars/13-13p/112.csv
train;Cars;00450;Cars/13-13p;Cars/13-13p/113.csv
train;Cars;00453;Cars/13-13p;Cars/13-13p/116.csv
train;Cars;00455;Cars/13-13p;Cars/13-13p/118.csv
train;Cars;00456;Cars/13-13p;Cars/13-13p/119.csv
train;Cars;00457;Cars/13-13p;Cars/13-13p/120.csv
train;Cars;00459;Cars/13-13p;Cars/13-13p/122.csv
train;Cars;00460;Cars/13-13p;Cars/13-13p/123.csv
train;Cars;00461;Cars/13-13p;Cars/13-13p/124.csv
train;Cars;00462;Cars/13-13p;Cars/13-13p/125.csv
train;Cars;00463;Cars/13-13p;Cars/13-13p/126.csv
train;Cars;00465;Cars/13-13p;Cars/13-13p/128.csv
train;Cars;00467;Cars/13-13p;Cars/13-13p/130.csv
train;Cars;00468;Cars/13-13p;Cars/13-13p/131.csv
train;Cars;00470;Cars/13-13p;Cars/13-13p/133.csv
train;Cars;00471;Cars/13-13p;Cars/13-13p/134.csv
train;Cars;00475;Cars/13-13p;Cars/13-13p/138.csv
train;Cars;00476;Cars/13-13p;Cars/13-13p/139.csv
train;Cars;00478;Cars/13-13p;Cars/13-13p/141.csv
train;Cars;00481;Cars/13-13p;Cars/13-13p/144.csv
train;Cars;00482;Cars/13-13p;Cars/13-13p/145.csv
train;Cars;00483;Cars/13-13p;Cars/13-13p/146.csv
train;Cars;00484;Cars/13-13p;Cars/13-13p/147.csv
train;Cars;00485;Cars/13-13p;Cars/13-13p/148.csv
train;Cars;00488;Cars/13-13p;Cars/13-13p/151.csv
train;Cars;00489;Cars/13-13p;Cars/13-13p/152.csv
train;Cars;00490;Cars/13-13p;Cars/13-13p/153.csv
train;Cars;00491;Cars/13-13p;Cars/13-13p/154.csv
train;Cars;00493;Cars/13-13p;Cars/13-13p/156.csv
train;Cars;00494;Cars/13-13p;Cars/13-13p/157.csv
train;Cars;00495;Cars/13-13p;Cars/13-13p/158.csv
train;Cars;00496;Cars/13-13p;Cars/13-13p/159.csv
train;Cars;00497;Cars/13-13p;Cars/13-13p/160.csv
train;Cars;00500;Cars/13-13p;Cars/13-13p/163.csv
train;Cars;00501;Cars/13-13p;Cars/13-13p/164.csv
train;Cars;00503;Cars/13-13p;Cars/13-13p/166.csv
train;Cars;00504;Cars/13-13p;Cars/13-13p/167.csv
train;Cars;00505;Cars/13-13p;Cars/13-13p/168.csv
train;Cars;00510;Cars/13-13p;Cars/13-13p/173.csv
train;Cars;00511;Cars/13-13p;Cars/13-13p/174.csv
train;Cars;00513;Cars/13-13p;Cars/13-13p/176.csv
train;Cars;00514;Cars/13-13p;Cars/13-13p/177.csv
train;Cars;00515;Cars/13-13p;Cars/13-13p/178.csv
train;Cars;00516;Cars/13-13p;Cars/13-13p/179.csv
train;Cars;00517;Cars/13-13p;Cars/13-13p/180.csv
train;Cars;00520;Cars/13-13p;Cars/13-13p/183.csv
train;Cars;00521;Cars/13-13p;Cars/13-13p/184.csv
train;Cars;00522;Cars/13-13p;Cars/13-13p/185.csv
train;Cars;00523;Cars/13-13p;Cars/13-13p/186.csv
train;Cars;00524;Cars/13-13p;Cars/13-13p/187.csv
train;Cars;00525;Cars/13-13p;Cars/13-13p/188.csv
train;Cars;00526;Cars/13-13p;Cars/13-13p/189.csv
train;Cars;00527;Cars/13-13p;Cars/13-13p/190.csv
train;Cars;00529;Cars/13-13p;Cars/13-13p/192.csv
train;Cars;00530;Cars/13-13p;Cars/13-13p/193.csv
train;Cars;00532;Cars/13-13p;Cars/13-13p/195.csv
train;Cars;00533;Cars/13-13p;Cars/13-13p/196.csv
train;Cars;00536;Cars/13-13p;Cars/13-13p/199.csv
train;Cars;00537;Cars/13-13p;Cars/13-13p/200.csv
train;Cars;00538;Cars/13-13p;Cars/13-13p/201.csv
train;Cars;00540;Cars/13-13p;Cars/13-13p/203.csv
train;Cars;00541;Cars/13-13p;Cars/13-13p/204.csv
train;Cars;00542;Cars/13-13p;Cars/13-13p/205.csv
train;Cars;00543;Cars/13-13p;Cars/13-13p/206.csv
train;Cars;00546;Cars/13-13p;Cars/13-13p/209.csv
train;Cars;00547;Cars/13-13p;Cars/13-13p/210.csv
train;Cars;00548;Cars/13-13p;Cars/13-13p/211.csv
train;Cars;00551;Cars/13-13p;Cars/13-13p/214.csv
train;Cars;00552;Cars/13-13p;Cars/13-13p/215.csv
train;Cars;00553;Cars/13-13p;Cars/13-13p/216.csv
train;Cars;00555;Cars/13-13p;Cars/13-13p/218.csv
train;Cars;00557;Cars/13-13p;Cars/13-13p/220.csv
train;Cars;00558;Cars/13-13p;Cars/13-13p/221.csv
train;Cars;00559;Cars/13-13p;Cars/13-13p/222.csv
train;Cars;00560;Cars/13-13p;Cars/13-13p/223.csv
train;Cars;00561;Cars/13-13p;Cars/13-13p/224.csv
train;Cars;00563;Cars/13-13p;Cars/13-13p/226.csv
train;Cars;00564;Cars/13-13p;Cars/13-13p/227.csv
train;Cars;00566;Cars/13-13p;Cars/13-13p/229.csv
train;Cars;00570;Cars/13-13p;Cars/13-13p/233.csv
train;Cars;00571;Cars/13-13p;Cars/13-13p/234.csv
train;Cars;00572;Cars/13-13p;Cars/13-13p/235.csv
train;Cars;00573;Cars/13-13p;Cars/13-13p/236.csv
train;Cars;00574;Cars/13-13p;Cars/13-13p/237.csv
train;Cars;00575;Cars/13-13p;Cars/13-13p/238.csv
train;Cars;00576;Cars/13-13p;Cars/13-13p/239.csv
train;Cars;00579;Cars/13-13p;Cars/13-13p/242.csv
train;Cars;00580;Cars/13-13p;Cars/13-13p/243.csv
train;Cars;00581;Cars/13-13p;Cars/13-13p/244.csv
train;Cars;00582;Cars/13-19;Cars/13-19/001.csv
train;Cars;00584;Cars/13-19;Cars/13-19/003.csv
train;Cars;00588;Cars/13-19;Cars/13-19/007.csv
train;Cars;00589;Cars/13-19;Cars/13-19/008.csv
train;Cars;00591;Cars/13-19;Cars/13-19/010.csv
train;Cars;00592;Cars/13-19;Cars/13-19/011.csv
train;Cars;00593;Cars/13-19;Cars/13-19/012.csv
train;Cars;00594;Cars/13-19;Cars/13-19/013.csv
train;Cars;00596;Cars/13-19;Cars/13-19/015.csv
train;Cars;00598;Cars/13-19;Cars/13-19/017.csv
train;Cars;00601;Cars/13-19;Cars/13-19/020.csv
train;Cars;00602;Cars/13-19;Cars/13-19/021.csv
train;Cars;00604;Cars/13-19;Cars/13-19/023.csv
train;Cars;00605;Cars/13-19;Cars/13-19/024.csv
train;Cars;00607;Cars/13-19;Cars/13-19/026.csv
train;Cars;00608;Cars/13-19;Cars/13-19/027.csv
train;Cars;00609;Cars/13-19;Cars/13-19/028.csv
train;Cars;00610;Cars/13-19;Cars/13-19/029.csv
train;Cars;00611;Cars/13-19;Cars/13-19/030.csv
train;Cars;00613;Cars/13-19;Cars/13-19/032.csv
train;Cars;00615;Cars/13-19;Cars/13-19/034.csv
train;Cars;00616;Cars/13-19;Cars/13-19/035.csv
train;Cars;00617;Cars/13-19;Cars/13-19/036.csv
train;Cars;00618;Cars/13-19;Cars/13-19/037.csv
train;Cars;00619;Cars/13-19;Cars/13-19/038.csv
train;Cars;00620;Cars/13-19;Cars/13-19/039.csv
train;Cars;00624;Cars/13-19;Cars/13-19/043.csv
train;Cars;00628;Cars/13-19;Cars/13-19/047.csv
train;Cars;00629;Cars/13-19;Cars/13-19/048.csv
train;Cars;00630;Cars/13-19;Cars/13-19/049.csv
train;Cars;00631;Cars/13-19;Cars/13-19/050.csv
train;Cars;00632;Cars/13-19;Cars/13-19/051.csv
train;Cars;00633;Cars/13-19;Cars/13-19/052.csv
train;Cars;00635;Cars/13-19;Cars/13-19/054.csv
train;Cars;00636;Cars/13-19;Cars/13-19/055.csv
train;Cars;00637;Cars/13-19;Cars/13-19/056.csv
train;Cars;00638;Cars/13-19;Cars/13-19/057.csv
train;Cars;00639;Cars/13-19;Cars/13-19/058.csv
train;Cars;00640;Cars/13-19;Cars/13-19/059.csv
train;Cars;00641;Cars/13-19;Cars/13-19/060.csv
train;Cars;00642;Cars/13-19;Cars/13-19/061.csv
train;Cars;00644;Cars/13-19;Cars/13-19/063.csv
train;Cars;00646;Cars/13-19;Cars/13-19/065.csv
train;Cars;00647;Cars/13-19;Cars/13-19/066.csv
train;Cars;00648;Cars/13-19;Cars/13-19/067.csv
train;Cars;00649;Cars/13-19;Cars/13-19/068.csv
train;Cars;00650;Cars/13-19;Cars/13-19/069.csv
train;Cars;00651;Cars/13-19;Cars/13-19/070.csv
train;Cars;00652;Cars/13-19;Cars/13-19/071.csv
train;Cars;00657;Cars/13-19;Cars/13-19/076.csv
train;Cars;00659;Cars/13-19;Cars/13-19/078.csv
train;Cars;00660;Cars/13-19;Cars/13-19/079.csv
train;Cars;00661;Cars/13-19;Cars/13-19/080.csv
train;Cars;00662;Cars/13-19;Cars/13-19/081.csv
train;Cars;00663;Cars/13-19;Cars/13-19/082.csv
train;Cars;00664;Cars/13-19;Cars/13-19/083.csv
train;Cars;00665;Cars/13-19;Cars/13-19/084.csv
train;Cars;00666;Cars/13-19;Cars/13-19/085.csv
train;Cars;00667;Cars/13-19;Cars/13-19/086.csv
train;Cars;00668;Cars/13-19;Cars/13-19/087.csv
train;Cars;00670;Cars/13-19;Cars/13-19/089.csv
train;Cars;00672;Cars/13-19;Cars/13-19/091.csv
train;Cars;00673;Cars/13-19;Cars/13-19/092.csv
train;Cars;00674;Cars/13-19;Cars/13-19/093.csv
train;Cars;00675;Cars/13-19;Cars/13-19/094.csv
train;Cars;00676;Cars/13-19;Cars/13-19/095.csv
train;Cars;00679;Cars/13-19;Cars/13-19/098.csv
train;Cars;00680;Cars/13-19;Cars/13-19/099.csv
train;Cars;00681;Cars/13-19;Cars/13-19/100.csv
train;Cars;00683;Cars/13-19;Cars/13-19/102.csv
train;Cars;00685;Cars/13-19;Cars/13-19/104.csv
train;Cars;00686;Cars/13-19;Cars/13-19/105.csv
train;Cars;00687;Cars/13-19;Cars/13-19/106.csv
train;Cars;00688;Cars/13-19;Cars/13-19/107.csv
train;Cars;00689;Cars/13-19;Cars/13-19/108.csv
train;Cars;00690;Cars/13-19;Cars/13-19/109.csv
train;Cars;00693;Cars/13-19;Cars/13-19/112.csv
train;Cars;00695;Cars/13-19;Cars/13-19/114.csv
train;Cars;00696;Cars/13-19;Cars/13-19/115.csv
train;Cars;00698;Cars/13-23;Cars/13-23/001.csv
train;Cars;00699;Cars/13-23;Cars/13-23/002.csv
train;Cars;00700;Cars/13-23;Cars/13-23/003.csv
train;Cars;00701;Cars/13-23;Cars/13-23/004.csv
train;Cars;00702;Cars/13-23;Cars/13-23/005.csv
train;Cars;00703;Cars/13-23;Cars/13-23/006.csv
train;Cars;00704;Cars/13-23;Cars/13-23/007.csv
train;Cars;00705;Cars/13-23;Cars/13-23/008.csv
train;Cars;00707;Cars/13-23;Cars/13-23/010.csv
train;Cars;00708;Cars/13-23;Cars/13-23/011.csv
train;Cars;00709;Cars/13-23;Cars/13-23/012.csv
train;Cars;00710;Cars/13-23;Cars/13-23/013.csv
train;Cars;00711;Cars/13-23;Cars/13-23/014.csv
train;Cars;00714;Cars/13-23;Cars/13-23/017.csv
train;Cars;00715;Cars/13-23;Cars/13-23/018.csv
train;Cars;00716;Cars/13-23;Cars/13-23/019.csv
train;Cars;00717;Cars/13-23;Cars/13-23/020.csv
train;Cars;00718;Cars/13-23;Cars/13-23/021.csv
train;Cars;00720;Cars/13-23;Cars/13-23/023.csv
train;Cars;00723;Cars/13-23;Cars/13-23/026.csv
train;Cars;00724;Cars/13-23;Cars/13-23/027.csv
train;Cars;00726;Cars/13-23;Cars/13-23/029.csv
train;Cars;00727;Cars/13-23;Cars/13-23/030.csv
train;Cars;00728;Cars/13-23;Cars/13-23/031.csv
train;Cars;00729;Cars/13-23;Cars/13-23/032.csv
train;Cars;00730;Cars/13-23;Cars/13-23/033.csv
train;Cars;00733;Cars/13-23;Cars/13-23/036.csv
train;Cars;00736;Cars/13-23;Cars/13-23/039.csv
train;Cars;00739;Cars/13-23;Cars/13-23/042.csv
train;Cars;00740;Cars/13-23;Cars/13-23/043.csv
train;Cars;00741;Cars/13-23;Cars/13-23/044.csv
train;Cars;00742;Cars/13-23;Cars/13-23/045.csv
train;Cars;00744;Cars/13-23;Cars/13-23/047.csv
train;Cars;00750;Cars/13-23;Cars/13-23/053.csv
train;Cars;00751;Cars/13-23;Cars/13-23/054.csv
train;Cars;00753;Cars/13-23;Cars/13-23/056.csv
train;Cars;00754;Cars/13-23;Cars/13-23/057.csv
train;Cars;00755;Cars/13-23;Cars/13-23/058.csv
train;Cars;00759;Cars/13-23;Cars/13-23/062.csv
train;Cars;00761;Cars/13-23;Cars/13-23/064.csv
train;Cars;00762;Cars/13-23;Cars/13-23/065.csv
train;Cars;00763;Cars/13-23;Cars/13-23/066.csv
train;Cars;00767;Cars/13-23;Cars/13-23/070.csv
train;Cars;00768;Cars/13-23;Cars/13-23/071.csv
train;Cars;00769;Cars/13-23;Cars/13-23/072.csv
train;Cars;00770;Cars/13-23;Cars/13-23/073.csv
train;Cars;00771;Cars/13-23;Cars/13-23/074.csv
train;Cars;00772;Cars/13-23;Cars/13-23/075.csv
train;Cars;00773;Cars/13-23;Cars/13-23/076.csv
train;Cars;00774;Cars/13-23;Cars/13-23/077.csv
train;Cars;00775;Cars/13-23;Cars/13-23/078.csv
train;Cars;00776;Cars/13-23;Cars/13-23/079.csv
train;Cars;00779;Cars/13-23;Cars/13-23/082.csv
train;Cars;00780;Cars/13-23;Cars/13-23/083.csv
train;Cars;00781;Cars/13-23;Cars/13-23/084.csv
train;Cars;00782;Cars/13-23;Cars/13-23/085.csv
train;Cars;00783;Cars/13-23;Cars/13-23/086.csv
train;Cars;00785;Cars/13-23;Cars/13-23/088.csv
train;Cars;00786;Cars/13-23;Cars/13-23/089.csv
train;Cars;00787;Cars/13-23;Cars/13-23/090.csv
train;Cars;00789;Cars/13-23;Cars/13-23/092.csv
train;Cars;00790;Cars/13-23;Cars/13-23/093.csv
train;Cars;00791;Cars/13-23;Cars/13-23/094.csv
train;Cars;00792;Cars/13-23;Cars/13-23/095.csv
train;Cars;00793;Cars/13-23;Cars/13-23/096.csv
train;Cars;00794;Cars/13-23;Cars/13-23/097.csv
train;Cars;00796;Cars/13-23;Cars/13-23/099.csv
train;Cars;00797;Cars/13-23;Cars/13-23/100.csv
train;Cars;00798;Cars/13-23;Cars/13-23/101.csv
train;Cars;00800;Cars/13-23;Cars/13-23/103.csv
train;Cars;00802;Cars/13-23;Cars/13-23/105.csv
train;Cars;00805;Cars/13-23;Cars/13-23/108.csv
train;Cars;00807;Cars/13-23;Cars/13-23/110.csv
train;Cars;00814;Cars/13-23;Cars/13-23/117.csv
train;Cars;00815;Cars/13-23;Cars/13-23/118.csv
train;Cars;00816;Cars/13-23;Cars/13-23/119.csv
train;Cars;00817;Cars/13-23;Cars/13-23/120.csv
train;Cars;00818;Cars/13-23;Cars/13-23/121.csv
train;Cars;00819;Cars/13-23;Cars/13-23/122.csv
train;Cars;00820;Cars/13-23;Cars/13-23/123.csv
train;Cars;00821;Cars/13-23;Cars/13-23/124.csv
train;Cars;00822;Cars/13-23;Cars/13-23/125.csv
train;Cars;00823;Cars/13-23;Cars/13-23/126.csv
train;Cars;00824;Cars/13-23;Cars/13-23/127.csv
train;Cars;00825;Cars/13-23;Cars/13-23/128.csv
train;Cars;00826;Cars/13-23;Cars/13-23/129.csv
train;Cars;00827;Cars/13-23;Cars/13-23/130.csv
train;Cars;00828;Cars/13-23;Cars/13-23/131.csv
train;Cars;00831;Cars/13-23;Cars/13-23/134.csv
train;Cars;00833;Cars/13-23;Cars/13-23/136.csv
train;Cars;00835;Cars/13-23;Cars/13-23/138.csv
train;Cars;00836;Cars/13-23;Cars/13-23/139.csv
train;Cars;00837;Cars/13-23;Cars/13-23/140.csv
train;Cars;00838;Cars/13-23;Cars/13-23/141.csv
train;Cars;00840;Cars/13-23;Cars/13-23/143.csv
train;Cars;00841;Cars/13-23;Cars/13-23/144.csv
train;Cars;00844;Cars/13-23;Cars/13-23/147.csv
train;Cars;00845;Cars/13-23;Cars/13-23/148.csv
train;Cars;00846;Cars/13-23;Cars/13-23/149.csv
train;Cars;00847;Cars/13-23;Cars/13-23/150.csv
train;Cars;00848;Cars/13-23;Cars/13-23/151.csv
train;Cars;00850;Cars/13-23;Cars/13-23/153.csv
train;Cars;00851;Cars/13-23;Cars/13-23/154.csv
train;Cars;00852;Cars/13-23;Cars/13-23/155.csv
train;Cars;00853;Cars/13-23;Cars/13-23/156.csv
train;Cars;00854;Cars/13-23;Cars/13-23/157.csv
train;Cars;00855;Cars/13-23;Cars/13-23/158.csv
train;Cars;00856;Cars/13-23;Cars/13-23/159.csv
train;Cars;00859;Cars/13-23;Cars/13-23/162.csv
train;Cars;00861;Cars/13-23;Cars/13-23/164.csv
train;Cars;00862;Cars/13-23;Cars/13-23/165.csv
train;Cars;00863;Cars/13-23;Cars/13-23/166.csv
train;Cars;00864;Cars/13-23;Cars/13-23/167.csv
train;Cars;00867;Cars/13-23;Cars/13-23/170.csv
train;Cars;00868;Cars/13-23;Cars/13-23/171.csv
train;Cars;00869;Cars/13-23;Cars/13-23/172.csv
train;Cars;00870;Cars/13-23;Cars/13-23/173.csv
train;Cars;00871;Cars/13-23;Cars/13-23/174.csv
train;Cars;00872;Cars/13-23;Cars/13-23/175.csv
train;Cars;00873;Cars/13-23;Cars/13-23/176.csv
train;Cars;00874;Cars/13-23;Cars/13-23/177.csv
train;Cars;00875;Cars/13-23;Cars/13-23/178.csv
train;Cars;00876;Cars/13-23;Cars/13-23/179.csv
train;Cars;00877;Cars/13-23;Cars/13-23/180.csv
train;Cars;00879;Cars/13-23;Cars/13-23/182.csv
train;Cars;00881;Cars/13-23;Cars/13-23/184.csv
train;Cars;00883;Cars/13-23;Cars/13-23/186.csv
train;Cars;00884;Cars/13-23;Cars/13-23/187.csv
train;Cars;00885;Cars/13-23;Cars/13-23/188.csv
train;Cars;00886;Cars/13-23;Cars/13-23/189.csv
train;Cars;00887;Cars/13-23;Cars/13-23/190.csv
train;Cars;00889;Cars/13-23;Cars/13-23/192.csv
train;Cars;00891;Cars/13-23;Cars/13-23/194.csv
train;Cars;00892;Cars/13-23;Cars/13-23/195.csv
train;Cars;00893;Cars/13-23;Cars/13-23/196.csv
train;Cars;00895;Cars/13-23;Cars/13-23/198.csv
train;Cars;00896;Cars/13-23;Cars/13-23/199.csv
train;Cars;00900;Cars/13-23;Cars/13-23/203.csv
train;Cars;00901;Cars/13-23;Cars/13-23/204.csv
train;Cars;00902;Cars/13-23;Cars/13-23/205.csv
train;Cars;00903;Cars/13-23;Cars/13-23/206.csv
train;Cars;00905;Cars/13-23;Cars/13-23/208.csv
train;Cars;00906;Cars/13-23;Cars/13-23/209.csv
train;Cars;00907;Cars/13-23;Cars/13-23/210.csv
train;Cars;00909;Cars/13-23;Cars/13-23/212.csv
train;Cars;00910;Cars/13-23;Cars/13-23/213.csv
train;Cars;00911;Cars/13-23;Cars/13-23/214.csv
train;Cars;00913;Cars/13-23;Cars/13-23/216.csv
train;Cars;00914;Cars/13-23;Cars/13-23/217.csv
train;Cars;00915;Cars/13-23;Cars/13-23/218.csv
train;Cars;00917;Cars/13-23;Cars/13-23/220.csv
train;Cars;00918;Cars/13-23;Cars/13-23/221.csv
train;Cars;00919;Cars/13-23;Cars/13-23/222.csv
train;Cars;00920;Cars/13-23;Cars/13-23/223.csv
train;Cars;00921;Cars/13-23;Cars/13-23/224.csv
train;Cars;00922;Cars/13-23;Cars/13-23/225.csv
train;Cars;00923;Cars/13-23;Cars/13-23/226.csv
train;Cars;00924;Cars/13-23;Cars/13-23/227.csv
train;Cars;00925;Cars/13-23;Cars/13-23/228.csv
train;Cars;00929;Cars/13-23;Cars/13-23/232.csv
train;Cars;00930;Cars/13-23;Cars/13-23/233.csv
train;Cars;00931;Cars/13-23;Cars/13-23/234.csv
train;Cars;00934;Cars/13-23;Cars/13-23/237.csv
train;Cars;00935;Cars/13-23;Cars/13-23/238.csv
train;Cars;00936;Cars/13-23;Cars/13-23/239.csv
train;Cars;00937;Cars/13-23;Cars/13-23/240.csv
train;Cars;00938;Cars/13-23;Cars/13-23/241.csv
train;Cars;00939;Cars/13-23;Cars/13-23/242.csv
train;Cars;00940;Cars/13-23;Cars/13-23/243.csv
train;Cars;00941;Cars/13-23;Cars/13-23/244.csv
train;Cars;00942;Cars/13-23;Cars/13-23/245.csv
train;Cars;00943;Cars/13-23;Cars/13-23/246.csv
train;Cars;00944;Cars/13-23;Cars/13-23/247.csv
train;Cars;00946;Cars/13-23;Cars/13-23/249.csv
train;Cars;00947;Cars/13-23;Cars/13-23/250.csv
train;Cars;00948;Cars/13-23;Cars/13-23/251.csv
train;Cars;00949;Cars/13-23;Cars/13-23/252.csv
train;Cars;00951;Cars/13-23;Cars/13-23/254.csv
train;Cars;00952;Cars/13-23;Cars/13-23/255.csv
train;Cars;00954;Cars/13-23;Cars/13-23/257.csv
train;Cars;00955;Cars/13-23;Cars/13-23/258.csv
train;Cars;00956;Cars/13-23;Cars/13-23/259.csv
train;Cars;00957;Cars/13-23;Cars/13-23/260.csv
train;Cars;00959;Cars/13-23;Cars/13-23/262.csv
train;Cars;00960;Cars/13-23;Cars/13-23/263.csv
train;Cars;00961;Cars/13-23;Cars/13-23/264.csv
train;Cars;00962;Cars/13-23;Cars/13-23/265.csv
train;Cars;00963;Cars/13-23;Cars/13-23/266.csv
train;Cars;00964;Cars/13-23;Cars/13-23/267.csv
train;Cars;00966;Cars/13-23;Cars/13-23/269.csv
train;Cars;00967;Cars/13-23;Cars/13-23/270.csv
train;Cars;00968;Cars/13-23;Cars/13-23/271.csv
train;Cars;00969;Cars/13-23;Cars/13-23/272.csv
train;Cars;00971;Cars/13-23;Cars/13-23/274.csv
train;Cars;00972;Cars/13-23;Cars/13-23/275.csv
train;Cars;00973;Cars/13-23;Cars/13-23/276.csv
train;Cars;00974;Cars/13-23;Cars/13-23/277.csv
train;Cars;00975;Cars/13-23;Cars/13-23/278.csv
train;Cars;00976;Cars/13-23;Cars/13-23/279.csv
train;Cars;00977;Cars/13-23;Cars/13-23/280.csv
train;Cars;00980;Cars/13-23;Cars/13-23/283.csv
train;Cars;00981;Cars/13-23;Cars/13-23/284.csv
train;Cars;00982;Cars/13-23;Cars/13-23/285.csv
train;Cars;00983;Cars/13-23;Cars/13-23/286.csv
train;Cars;00984;Cars/13-23;Cars/13-23/287.csv
train;Cars;00985;Cars/13-23;Cars/13-23/288.csv
train;Cars;00986;Cars/13-23;Cars/13-23/289.csv
train;Cars;00987;Cars/13-23;Cars/13-23/290.csv
train;Cars;00988;Cars/13-23;Cars/13-23/291.csv
train;Cars;00989;Cars/13-23;Cars/13-23/292.csv
train;Cars;00990;Cars/13-23;Cars/13-23/293.csv
train;Cars;00991;Cars/13-23;Cars/13-23/294.csv
train;Cars;00992;Cars/13-23;Cars/13-23/295.csv
train;Cars;00993;Cars/13-23;Cars/13-23/296.csv
train;Cars;00994;Cars/13-23;Cars/13-23/297.csv
train;Cars;00996;Cars/13-23;Cars/13-23/299.csv
train;Cars;00998;Cars/13-23;Cars/13-23/301.csv
train;Cars;00999;Cars/13-23;Cars/13-23/302.csv
train;Cars;01001;Cars/13-23;Cars/13-23/304.csv
train;Cars;01004;Cars/13-23;Cars/13-23/307.csv
train;Cars;01005;Cars/13-23;Cars/13-23/308.csv
train;Cars;01006;Cars/13-23;Cars/13-23/309.csv
train;Cars;01007;Cars/13-23;Cars/13-23/310.csv
train;Cars;01008;Cars/13-23;Cars/13-23/311.csv
train;Cars;01009;Cars/13-23;Cars/13-23/312.csv
train;Cars;01010;Cars/13-23;Cars/13-23/313.csv
train;Cars;01012;Cars/13-23;Cars/13-23/315.csv
train;Cars;01013;Cars/13-23;Cars/13-23/316.csv
train;Cars;01014;Cars/13-23;Cars/13-23/317.csv
train;Cars;01015;Cars/13-23;Cars/13-23/318.csv
train;Cars;01016;Cars/13-23;Cars/13-23/319.csv
train;Cars;01017;Cars/13-23;Cars/13-23/320.csv
train;Cars;01018;Cars/13-23;Cars/13-23/321.csv
train;Cars;01020;Cars/13-23;Cars/13-23/323.csv
train;Cars;01022;Cars/13-23p;Cars/13-23p/001.csv
train;Cars;01024;Cars/13-23p;Cars/13-23p/003.csv
train;Cars;01027;Cars/13-23p;Cars/13-23p/006.csv
train;Cars;01028;Cars/13-23p;Cars/13-23p/007.csv
train;Cars;01029;Cars/13-23p;Cars/13-23p/008.csv
train;Cars;01032;Cars/13-23p;Cars/13-23p/011.csv
train;Cars;01036;Cars/13-23p;Cars/13-23p/015.csv
train;Cars;01037;Cars/13-23p;Cars/13-23p/016.csv
train;Cars;01038;Cars/13-23p;Cars/13-23p/017.csv
train;Cars;01041;Cars/13-23p;Cars/13-23p/020.csv
train;Cars;01043;Cars/13-23p;Cars/13-23p/022.csv
train;Cars;01044;Cars/13-23p;Cars/13-23p/023.csv
train;Cars;01046;Cars/13-23p;Cars/13-23p/025.csv
train;Cars;01049;Cars/13-23p;Cars/13-23p/028.csv
train;Cars;01051;Cars/13-23p;Cars/13-23p/030.csv
train;Cars;01052;Cars/13-23p;Cars/13-23p/031.csv
train;Cars;01054;Cars/13-23p;Cars/13-23p/033.csv
train;Cars;01055;Cars/13-23p;Cars/13-23p/034.csv
train;Cars;01059;Cars/13-23p;Cars/13-23p/038.csv
train;Cars;01060;Cars/13-23p;Cars/13-23p/039.csv
train;Cars;01061;Cars/13-23p;Cars/13-23p/040.csv
train;Cars;01062;Cars/13-23p;Cars/13-23p/041.csv
train;Cars;01063;Cars/13-23p;Cars/13-23p/042.csv
train;Cars;01064;Cars/13-23p;Cars/13-23p/043.csv
train;Cars;01065;Cars/13-23p;Cars/13-23p/044.csv
train;Cars;01066;Cars/13-23p;Cars/13-23p/045.csv
train;Cars;01067;Cars/13-23p;Cars/13-23p/046.csv
train;Cars;01068;Cars/13-23p;Cars/13-23p/047.csv
train;Cars;01070;Cars/13-23p;Cars/13-23p/049.csv
train;Cars;01071;Cars/13-23p;Cars/13-23p/050.csv
train;Cars;01073;Cars/13-23p;Cars/13-23p/052.csv
train;Cars;01077;Cars/13-23p;Cars/13-23p/056.csv
train;Cars;01078;Cars/13-23p;Cars/13-23p/057.csv
train;Cars;01079;Cars/13-23p;Cars/13-23p/058.csv
train;Cars;01080;Cars/13-23p;Cars/13-23p/059.csv
train;Cars;01081;Cars/13-23p;Cars/13-23p/060.csv
train;Cars;01082;Cars/13-23p;Cars/13-23p/061.csv
train;Cars;01083;Cars/13-23p;Cars/13-23p/062.csv
train;Cars;01084;Cars/13-23p;Cars/13-23p/063.csv
train;Cars;01086;Cars/13-23p;Cars/13-23p/065.csv
train;Cars;01089;Cars/13-23p;Cars/13-23p/068.csv
train;Cars;01090;Cars/13-23p;Cars/13-23p/069.csv
train;Cars;01092;Cars/13-23p;Cars/13-23p/071.csv
train;Cars;01093;Cars/13-23p;Cars/13-23p/072.csv
train;Cars;01094;Cars/13-23p;Cars/13-23p/073.csv
train;Cars;01099;Cars/13-23p;Cars/13-23p/078.csv
train;Cars;01100;Cars/13-23p;Cars/13-23p/079.csv
train;Cars;01101;Cars/13-23p;Cars/13-23p/080.csv
train;Cars;01103;Cars/13-23p;Cars/13-23p/082.csv
train;Cars;01105;Cars/13-23p;Cars/13-23p/084.csv
train;Cars;01106;Cars/13-23p;Cars/13-23p/085.csv
train;Cars;01107;Cars/13-23p;Cars/13-23p/086.csv
train;Cars;01108;Cars/13-23p;Cars/13-23p/087.csv
train;Cars;01109;Cars/13-23p;Cars/13-23p/088.csv
train;Cars;01111;Cars/13-23p;Cars/13-23p/090.csv
train;Cars;01112;Cars/13-23p;Cars/13-23p/091.csv
train;Cars;01113;Cars/13-23p;Cars/13-23p/092.csv
train;Cars;01114;Cars/13-23p;Cars/13-23p/093.csv
train;Cars;01115;Cars/13-23p;Cars/13-23p/094.csv
train;Cars;01117;Cars/13-23p;Cars/13-23p/096.csv
train;Cars;01119;Cars/13-23p;Cars/13-23p/098.csv
train;Cars;01121;Cars/13-23p;Cars/13-23p/100.csv
train;Cars;01123;Cars/13-23p;Cars/13-23p/102.csv
train;Cars;01124;Cars/13-23p;Cars/13-23p/103.csv
train;Cars;01125;Cars/13-23p;Cars/13-23p/104.csv
train;Cars;01126;Cars/13-23p;Cars/13-23p/105.csv
train;Cars;01128;Cars/13-23p;Cars/13-23p/107.csv
train;Cars;01131;Cars/13-23p;Cars/13-23p/110.csv
train;Cars;01132;Cars/13-23p;Cars/13-23p/111.csv
train;Cars;01133;Cars/13-23p;Cars/13-23p/112.csv
train;Cars;01134;Cars/13-23p;Cars/13-23p/113.csv
train;Cars;01135;Cars/13-23p;Cars/13-23p/114.csv
train;Cars;01136;Cars/13-23p;Cars/13-23p/115.csv
train;Cars;01137;Cars/13-23p;Cars/13-23p/116.csv
train;Cars;01138;Cars/13-23p;Cars/13-23p/117.csv
train;Cars;01139;Cars/13-23p;Cars/13-23p/118.csv
train;Cars;01140;Cars/13-23p;Cars/13-23p/119.csv
train;Cars;01141;Cars/13-23p;Cars/13-23p/120.csv
train;Cars;01142;Cars/13-23p;Cars/13-23p/121.csv
train;Cars;01143;Cars/13-23p;Cars/13-23p/122.csv
train;Cars;01144;Cars/13-23p;Cars/13-23p/123.csv
train;Cars;01146;Cars/13-23p;Cars/13-23p/125.csv
train;Cars;01147;Cars/13-23p;Cars/13-23p/126.csv
train;Cars;01148;Cars/13-23p;Cars/13-23p/127.csv
train;Cars;01149;Cars/13-23p;Cars/13-23p/128.csv
train;Cars;01151;Cars/13-23p;Cars/13-23p/130.csv
train;Cars;01153;Cars/13-23p;Cars/13-23p/132.csv
train;Cars;01154;Cars/13-23p;Cars/13-23p/133.csv
train;Cars;01155;Cars/13-23p;Cars/13-23p/134.csv
train;Cars;01156;Cars/13-23p;Cars/13-23p/135.csv
train;Cars;01157;Cars/13-23p;Cars/13-23p/136.csv
train;Cars;01160;Cars/13-23p;Cars/13-23p/139.csv
train;Cars;01161;Cars/13-23p;Cars/13-23p/140.csv
train;Cars;01163;Cars/13-23p;Cars/13-23p/142.csv
train;Cars;01165;Cars/13-23p;Cars/13-23p/144.csv
train;Cars;01166;Cars/13-23p;Cars/13-23p/145.csv
train;Cars;01167;Cars/13-23p;Cars/13-23p/146.csv
train;Cars;01168;Cars/13-23p;Cars/13-23p/147.csv
train;Cars;01170;Cars/13-23p;Cars/13-23p/149.csv
train;Cars;01171;Cars/13-23p;Cars/13-23p/150.csv
train;Cars;01172;Cars/13-23p;Cars/13-23p/151.csv
train;Cars;01178;Cars/13-23p;Cars/13-23p/157.csv
train;Cars;01179;Cars/13-23p;Cars/13-23p/158.csv
train;Cars;01180;Cars/13-23p;Cars/13-23p/159.csv
train;Cars;01181;Cars/13-23p;Cars/13-23p/160.csv
train;Cars;01183;Cars/13-23p;Cars/13-23p/162.csv
train;Cars;01185;Cars/13-23p;Cars/13-23p/164.csv
train;Cars;01186;Cars/13-23p;Cars/13-23p/165.csv
train;Cars;01188;Cars/13-23p;Cars/13-23p/167.csv
train;Cars;01191;Cars/13-23p;Cars/13-23p/170.csv
train;Cars;01192;Cars/13-23p;Cars/13-23p/171.csv
train;Cars;01193;Cars/13-23p;Cars/13-23p/172.csv
train;Cars;01196;Cars/13-23p;Cars/13-23p/175.csv
train;Cars;01197;Cars/13-23p;Cars/13-23p/176.csv
train;Cars;01199;Cars/13-23p;Cars/13-23p/178.csv
train;Cars;01202;Cars/13-23p;Cars/13-23p/181.csv
train;Cars;01203;Cars/13-23p;Cars/13-23p/182.csv
train;Cars;01204;Cars/13-23p;Cars/13-23p/183.csv
train;Cars;01205;Cars/13-23p;Cars/13-23p/184.csv
train;Cars;01206;Cars/13-23p;Cars/13-23p/185.csv
train;Cars;01207;Cars/13-23p;Cars/13-23p/186.csv
train;Cars;01208;Cars/13-23p;Cars/13-23p/187.csv
train;Cars;01209;Cars/13-23p;Cars/13-23p/188.csv
train;Cars;01214;Cars/13-23p;Cars/13-23p/193.csv
train;Cars;01215;Cars/13-23p;Cars/13-23p/194.csv
train;Cars;01217;Cars/13-23p;Cars/13-23p/196.csv
train;Cars;01218;Cars/13-23p;Cars/13-23p/197.csv
train;Cars;01219;Cars/13-23p;Cars/13-23p/198.csv
train;Cars;01226;Cars/13-23p;Cars/13-23p/205.csv
train;Cars;01227;Cars/13-23p;Cars/13-23p/206.csv
train;Cars;01228;Cars/13-23p;Cars/13-23p/207.csv
train;Cars;01229;Cars/13-23p;Cars/13-23p/208.csv
train;Cars;01230;Cars/13-23p;Cars/13-23p/209.csv
train;Cars;01233;Cars/13-23p;Cars/13-23p/212.csv
train;Cars;01234;Cars/13-23p;Cars/13-23p/213.csv
train;Cars;01235;Cars/13-23p;Cars/13-23p/214.csv
train;Cars;01237;Cars/13-23p;Cars/13-23p/216.csv
train;Cars;01238;Cars/13-23p;Cars/13-23p/217.csv
train;Cars;01239;Cars/13-23p;Cars/13-23p/218.csv
train;Cars;01240;Cars/13-23p;Cars/13-23p/219.csv
train;Cars;01241;Cars/13-23p;Cars/13-23p/220.csv
train;Cars;01242;Cars/13-23p;Cars/13-23p/221.csv
train;Cars;01244;Cars/13-23p;Cars/13-23p/223.csv
train;Cars;01246;Cars/13-23p;Cars/13-23p/225.csv
train;Cars;01247;Cars/13-23p;Cars/13-23p/226.csv
train;Cars;01248;Cars/13-23p;Cars/13-23p/227.csv
train;Cars;01249;Cars/13-23p;Cars/13-23p/228.csv
train;Cars;01250;Cars/13-23p;Cars/13-23p/229.csv
train;Cars;01251;Cars/13-23p;Cars/13-23p/230.csv
train;Cars;01252;Cars/13-23p;Cars/13-23p/231.csv
train;Cars;01253;Cars/13-23p;Cars/13-23p/232.csv
train;Cars;01255;Cars/13-23p;Cars/13-23p/234.csv
train;Cars;01257;Cars/13-23p;Cars/13-23p/236.csv
train;Cars;01258;Cars/13-23p;Cars/13-23p/237.csv
train;Cars;01259;Cars/13-23p;Cars/13-23p/238.csv
train;Cars;01260;Cars/13-23p;Cars/13-23p/239.csv
train;Cars;01263;Cars/13-23p;Cars/13-23p/242.csv
train;Cars;01265;Cars/13-23p;Cars/13-23p/244.csv
train;Cars;01266;Cars/13-23p;Cars/13-23p/245.csv
train;Cars;01267;Cars/13-23p;Cars/13-23p/246.csv
train;Cars;01268;Cars/13-23p;Cars/13-23p/247.csv
train;Cars;01270;Cars/13-23p;Cars/13-23p/249.csv
train;Cars;01271;Cars/13-23p;Cars/13-23p/250.csv
train;Cars;01272;Cars/13-23p;Cars/13-23p/251.csv
train;Cars;01274;Cars/13-23p;Cars/13-23p/253.csv
train;Cars;01275;Cars/13-23p;Cars/13-23p/254.csv
train;Cars;01276;Cars/13-23p;Cars/13-23p/255.csv
train;Cars;01277;Cars/13-23p;Cars/13-23p/256.csv
train;Cars;01278;Cars/13-23p;Cars/13-23p/257.csv
train;Cars;01279;Cars/13-23p;Cars/13-23p/258.csv
train;Cars;01280;Cars/13-23p;Cars/13-23p/259.csv
train;Cars;01281;Cars/13-23p;Cars/13-23p/260.csv
train;Cars;01283;Cars/13-23p;Cars/13-23p/262.csv
train;Cars;01284;Cars/13-23p;Cars/13-23p/263.csv
train;Cars;01285;Cars/13-23p;Cars/13-23p/264.csv
train;Cars;01286;Cars/13-23p;Cars/13-23p/265.csv
train;Cars;01287;Cars/13-23p;Cars/13-23p/266.csv
train;Cars;01289;Cars/13-23p;Cars/13-23p/268.csv
train;Cars;01290;Cars/13-23p;Cars/13-23p/269.csv
train;Cars;01291;Cars/13-23p;Cars/13-23p/270.csv
train;Cars;01292;Cars/13-23p;Cars/13-23p/271.csv
train;Cars;01297;Cars/13-23p;Cars/13-23p/276.csv
train;Cars;01299;Cars/13-23p;Cars/13-23p/278.csv
train;Cars;01300;Cars/13-23p;Cars/13-23p/279.csv
train;Cars;01301;Cars/13-23p;Cars/13-23p/280.csv
train;Cars;01302;Cars/13-23p;Cars/13-23p/281.csv
train;Cars;01304;Cars/13-23p;Cars/13-23p/283.csv
train;Cars;01305;Cars/13-23p;Cars/13-23p/284.csv
train;Cars;01307;Cars/13-23p;Cars/13-23p/286.csv
train;Cars;01308;Cars/13-23p;Cars/13-23p/287.csv
train;Cars;01309;Cars/13-23p;Cars/13-23p/288.csv
train;Cars;01310;Cars/13-23p;Cars/13-23p/289.csv
train;Cars;01311;Cars/13-23p;Cars/13-23p/290.csv
train;Cars;01312;Cars/13-23p;Cars/13-23p/291.csv
train;Cars;01313;Cars/13-23p;Cars/13-23p/292.csv
train;Cars;01314;Cars/13-23p;Cars/13-23p/293.csv
train;Cars;01315;Cars/13-23p;Cars/13-23p/294.csv
train;Cars;01317;Cars/13-23p;Cars/13-23p/296.csv
train;Cars;01318;Cars/13-23p;Cars/13-23p/297.csv
train;Cars;01319;Cars/13-23p;Cars/13-23p/298.csv
train;Cars;01321;Cars/13-23p;Cars/13-23p/300.csv
train;Cars;01325;Cars/13-29;Cars/13-29/003.csv
train;Cars;01326;Cars/13-29;Cars/13-29/004.csv
train;Cars;01327;Cars/13-29;Cars/13-29/005.csv
train;Cars;01328;Cars/13-29;Cars/13-29/006.csv
train;Cars;01330;Cars/13-29;Cars/13-29/008.csv
train;Cars;01332;Cars/13-29;Cars/13-29/010.csv
train;Cars;01333;Cars/13-29;Cars/13-29/011.csv
train;Cars;01334;Cars/13-29;Cars/13-29/012.csv
train;Cars;01337;Cars/13-29;Cars/13-29/015.csv
train;Cars;01338;Cars/13-29;Cars/13-29/016.csv
train;Cars;01340;Cars/13-29;Cars/13-29/018.csv
train;Cars;01341;Cars/13-29;Cars/13-29/019.csv
train;Cars;01342;Cars/13-29;Cars/13-29/020.csv
train;Cars;01343;Cars/13-29;Cars/13-29/021.csv
train;Cars;01344;Cars/13-29;Cars/13-29/022.csv
train;Cars;01347;Cars/13-29;Cars/13-29/025.csv
train;Cars;01348;Cars/13-29;Cars/13-29/026.csv
train;Cars;01349;Cars/13-29;Cars/13-29/027.csv
train;Cars;01350;Cars/13-29;Cars/13-29/028.csv
train;Cars;01353;Cars/13-29;Cars/13-29/031.csv
train;Cars;01354;Cars/13-29;Cars/13-29/032.csv
train;Cars;01355;Cars/13-29;Cars/13-29/033.csv
train;Cars;01356;Cars/13-29;Cars/13-29/034.csv
train;Cars;01357;Cars/13-29;Cars/13-29/035.csv
train;Cars;01358;Cars/13-29;Cars/13-29/036.csv
train;Cars;01359;Cars/13-29;Cars/13-29/037.csv
train;Cars;01360;Cars/13-29;Cars/13-29/038.csv
train;Cars;01364;Cars/13-29;Cars/13-29/042.csv
train;Cars;01365;Cars/13-29;Cars/13-29/043.csv
train;Cars;01366;Cars/13-29;Cars/13-29/044.csv
train;Cars;01367;Cars/13-29;Cars/13-29/045.csv
train;Cars;01368;Cars/13-29;Cars/13-29/046.csv
train;Cars;01369;Cars/13-29;Cars/13-29/047.csv
train;Cars;01370;Cars/13-29;Cars/13-29/048.csv
train;Cars;01373;Cars/13-29;Cars/13-29/051.csv
train;Cars;01374;Cars/13-29;Cars/13-29/052.csv
train;Cars;01376;Cars/13-29;Cars/13-29/054.csv
train;Cars;01377;Cars/13-29;Cars/13-29/055.csv
train;Cars;01378;Cars/13-29;Cars/13-29/056.csv
train;Cars;01379;Cars/13-29;Cars/13-29/057.csv
train;Cars;01381;Cars/13-29;Cars/13-29/059.csv
train;Cars;01382;Cars/13-29;Cars/13-29/060.csv
train;Cars;01383;Cars/13-29;Cars/13-29/061.csv
train;Cars;01385;Cars/13-29;Cars/13-29/063.csv
train;Cars;01386;Cars/13-29;Cars/13-29/064.csv
train;Cars;01387;Cars/13-29;Cars/13-29/065.csv
train;Cars;01388;Cars/13-29;Cars/13-29/066.csv
train;Cars;01389;Cars/13-29;Cars/13-29/067.csv
train;Cars;01390;Cars/13-29;Cars/13-29/068.csv
train;Cars;01391;Cars/13-29;Cars/13-29/069.csv
train;Cars;01392;Cars/13-29;Cars/13-29/070.csv
train;Cars;01395;Cars/13-29;Cars/13-29/073.csv
train;Cars;01396;Cars/13-29;Cars/13-29/074.csv
train;Cars;01397;Cars/13-29;Cars/13-29/075.csv
train;Cars;01399;Cars/13-29;Cars/13-29/077.csv
train;Cars;01400;Cars/13-29;Cars/13-29/078.csv
train;Cars;01402;Cars/13-29;Cars/13-29/080.csv
train;Cars;01403;Cars/13-29;Cars/13-29/081.csv
train;Cars;01404;Cars/13-29;Cars/13-29/082.csv
train;Cars;01405;Cars/13-29;Cars/13-29/083.csv
train;Cars;01406;Cars/13-29;Cars/13-29/084.csv
train;Cars;01409;Cars/13-29;Cars/13-29/087.csv
train;Cars;01410;Cars/13-29;Cars/13-29/088.csv
train;Cars;01414;Cars/13-29;Cars/13-29/092.csv
train;Cars;01415;Cars/13-29;Cars/13-29/093.csv
train;Cars;01416;Cars/13-29;Cars/13-29/094.csv
train;Cars;01417;Cars/13-29;Cars/13-29/095.csv
train;Cars;01418;Cars/13-29;Cars/13-29/096.csv
train;Cars;01419;Cars/13-29;Cars/13-29/097.csv
train;Cars;01423;Cars/13-29;Cars/13-29/101.csv
train;Cars;01424;Cars/13-29;Cars/13-29/102.csv
train;Cars;01425;Cars/13-29;Cars/13-29/103.csv
train;Cars;01428;Cars/13-29;Cars/13-29/106.csv
train;Cars;01429;Cars/13-29;Cars/13-29/107.csv
train;Cars;01430;Cars/13-29;Cars/13-29/108.csv
train;Cars;01431;Cars/13-29;Cars/13-29/109.csv
train;Cars;01432;Cars/13-29;Cars/13-29/110.csv
train;Cars;01435;Cars/13-29;Cars/13-29/113.csv
train;Cars;01436;Cars/13-29;Cars/13-29/114.csv
train;Cars;01440;Cars/13-29;Cars/13-29/118.csv
train;Cars;01441;Cars/13-29;Cars/13-29/119.csv
train;Cars;01442;Cars/13-29;Cars/13-29/120.csv
train;Cars;01443;Cars/13-29;Cars/13-29/121.csv
train;Cars;01444;Cars/13-29;Cars/13-29/122.csv
train;Cars;01445;Cars/13-29;Cars/13-29/123.csv
train;Cars;01446;Cars/13-29;Cars/13-29/124.csv
train;Cars;01447;Cars/13-29;Cars/13-29/125.csv
train;Cars;01448;Cars/13-29;Cars/13-29/126.csv
train;Cars;01450;Cars/13-29;Cars/13-29/128.csv
train;Cars;01451;Cars/13-29;Cars/13-29/129.csv
train;Cars;01452;Cars/13-29;Cars/13-29/130.csv
train;Cars;01453;Cars/13-29;Cars/13-29/131.csv
train;Cars;01454;Cars/13-29;Cars/13-29/132.csv
train;Cars;01456;Cars/13-29;Cars/13-29/134.csv
train;Cars;01458;Cars/13-29;Cars/13-29/136.csv
train;Cars;01459;Cars/13-29;Cars/13-29/137.csv
train;Cars;01460;Cars/13-29;Cars/13-29/138.csv
train;Cars;01461;Cars/13-29;Cars/13-29/139.csv
train;Cars;01462;Cars/13-29;Cars/13-29/140.csv
train;Cars;01463;Cars/13-29;Cars/13-29/141.csv
train;Cars;01464;Cars/13-29;Cars/13-29/142.csv
train;Cars;01465;Cars/13-29;Cars/13-29/143.csv
train;Cars;01466;Cars/13-29;Cars/13-29/144.csv
train;Cars;01467;Cars/13-29;Cars/13-29/145.csv
train;Cars;01470;Cars/13-29;Cars/13-29/148.csv
train;Cars;01471;Cars/13-29;Cars/13-29/149.csv
train;Cars;01473;Cars/13-29;Cars/13-29/151.csv
train;Cars;01474;Cars/13-29;Cars/13-29/152.csv
train;Cars;01475;Cars/13-29;Cars/13-29/153.csv
train;Cars;01476;Cars/13-29;Cars/13-29/154.csv
train;Cars;01479;Cars/13-29;Cars/13-29/157.csv
train;Cars;01480;Cars/13-29;Cars/13-29/158.csv
train;Cars;01482;Cars/13-29;Cars/13-29/160.csv
train;Cars;01483;Cars/13-29;Cars/13-29/161.csv
train;Cars;01485;Cars/13-29;Cars/13-29/163.csv
train;Cars;01487;Cars/13-29;Cars/13-29/165.csv
train;Cars;01490;Cars/13-29;Cars/13-29/168.csv
train;Cars;01491;Cars/13-29;Cars/13-29/169.csv
train;Cars;01493;Cars/13-29;Cars/13-29/171.csv
train;Cars;01494;Cars/13-29;Cars/13-29/172.csv
train;Cars;01495;Cars/13-29;Cars/13-29/173.csv
train;Cars;01496;Cars/13-29;Cars/13-29/174.csv
train;Cars;01497;Cars/13-29;Cars/13-29/175.csv
train;Cars;01498;Cars/13-29;Cars/13-29/176.csv
train;Cars;01501;Cars/13-29;Cars/13-29/179.csv
train;Cars;01503;Cars/13-29;Cars/13-29/181.csv
train;Cars;01504;Cars/13-29;Cars/13-29/182.csv
train;Cars;01507;Cars/13-29;Cars/13-29/185.csv
train;Cars;01509;Cars/13-29;Cars/13-29/187.csv
train;Cars;01511;Cars/13-29;Cars/13-29/189.csv
train;Cars;01512;Cars/13-29;Cars/13-29/190.csv
train;Cars;01516;Cars/13-29;Cars/13-29/194.csv
train;Cars;01517;Cars/13-29;Cars/13-29/195.csv
train;Cars;01518;Cars/13-29;Cars/13-29/196.csv
train;Cars;01519;Cars/13-29;Cars/13-29/197.csv
train;Cars;01520;Cars/13-29;Cars/13-29/198.csv
train;Cars;01522;Cars/13-29;Cars/13-29/200.csv
train;Cars;01523;Cars/13-29;Cars/13-29/201.csv
train;Cars;01524;Cars/13-29;Cars/13-29/202.csv
train;Cars;01525;Cars/13-29;Cars/13-29/203.csv
train;Cars;01526;Cars/13-29;Cars/13-29/204.csv
train;Cars;01528;Cars/13-29;Cars/13-29/206.csv
train;Cars;01529;Cars/13-29;Cars/13-29/207.csv
train;Cars;01530;Cars/13-29;Cars/13-29/208.csv
train;Cars;01531;Cars/13-29;Cars/13-29/209.csv
train;Cars;01532;Cars/13-29;Cars/13-29/210.csv
train;Cars;01533;Cars/13-29;Cars/13-29/211.csv
train;Cars;01535;Cars/13-29;Cars/13-29/213.csv
train;Cars;01536;Cars/13-29;Cars/13-29/214.csv
train;Cars;01538;Cars/13-29;Cars/13-29/216.csv
train;Cars;01539;Cars/13-29;Cars/13-29/217.csv
train;Cars;01541;Cars/13-29;Cars/13-29/219.csv
train;Cars;01542;Cars/13-29;Cars/13-29/220.csv
train;Cars;01543;Cars/13-29;Cars/13-29/221.csv
train;Cars;01547;Cars/13-29;Cars/13-29/225.csv
train;Cars;01548;Cars/13-29;Cars/13-29/226.csv
train;Cars;01549;Cars/13-29;Cars/13-29/227.csv
train;Cars;01550;Cars/13-29;Cars/13-29/228.csv
train;Cars;01552;Cars/13-29;Cars/13-29/230.csv
train;Cars;01553;Cars/13-29;Cars/13-29/231.csv
train;Cars;01556;Cars/13-29;Cars/13-29/234.csv
train;Cars;01557;Cars/13-29;Cars/13-29/235.csv
train;Cars;01560;Cars/13-29;Cars/13-29/238.csv
train;Cars;01561;Cars/13-29;Cars/13-29/239.csv
train;Cars;01564;Cars/13-29;Cars/13-29/242.csv
train;Cars;01566;Cars/13-29;Cars/13-29/244.csv
train;Cars;01568;Cars/13-29;Cars/13-29/246.csv
train;Cars;01569;Cars/13-29;Cars/13-29/247.csv
train;Cars;01571;Cars/13-29;Cars/13-29/249.csv
train;Cars;01572;Cars/13-29;Cars/13-29/250.csv
train;Cars;01573;Cars/13-29;Cars/13-29/251.csv
train;Cars;01574;Cars/13-29;Cars/13-29/252.csv
train;Cars;01575;Cars/13-29;Cars/13-29/253.csv
train;Cars;01576;Cars/13-29;Cars/13-29/254.csv
train;Cars;01577;Cars/13-29;Cars/13-29/255.csv
train;Cars;01578;Cars/13-29;Cars/13-29/256.csv
train;Cars;01580;Cars/13-29;Cars/13-29/258.csv
train;Cars;01582;Cars/13-29;Cars/13-29/260.csv
train;Cars;01583;Cars/13-29;Cars/13-29/261.csv
train;Cars;01584;Cars/13-29;Cars/13-29/262.csv
train;Cars;01585;Cars/13-29;Cars/13-29/263.csv
train;Cars;01586;Cars/13-29;Cars/13-29/264.csv
train;Cars;01588;Cars/13-29;Cars/13-29/266.csv
train;Cars;01589;Cars/13-29;Cars/13-29/267.csv
train;Cars;01590;Cars/13-29;Cars/13-29/268.csv
train;Cars;01591;Cars/13-29;Cars/13-29/269.csv
train;Cars;01592;Cars/13-29;Cars/13-29/270.csv
train;Cars;01593;Cars/13-29;Cars/13-29/271.csv
train;Cars;01595;Cars/13-29;Cars/13-29/273.csv
train;Cars;01597;Cars/13-29;Cars/13-29/275.csv
train;Cars;01598;Cars/13-29;Cars/13-29/276.csv
train;Cars;01602;Cars/13-29;Cars/13-29/280.csv
train;Cars;01603;Cars/13-29;Cars/13-29/281.csv
train;Cars;01604;Cars/13-29;Cars/13-29/282.csv
train;Cars;01605;Cars/13-29;Cars/13-29/283.csv
train;Cars;01606;Cars/13-29;Cars/13-29/284.csv
train;Cars;01608;Cars/13-29;Cars/13-29/286.csv
train;Cars;01609;Cars/13-29;Cars/13-29/287.csv
train;Cars;01611;Cars/13-29;Cars/13-29/289.csv
train;Cars;01614;Cars/13-29;Cars/13-29/292.csv
train;Cars;01620;Cars/13-29;Cars/13-29/298.csv
train;Cars;01622;Cars/13-29;Cars/13-29/300.csv
train;Cars;01623;Cars/13-29;Cars/13-29/301.csv
train;Cars;01624;Cars/13-29;Cars/13-29/302.csv
train;Cars;01625;Cars/13-29;Cars/13-29/303.csv
train;Cars;01626;Cars/13-29;Cars/13-29/304.csv
train;Cars;01627;Cars/13-29;Cars/13-29/305.csv
train;Cars;01628;Cars/13-29;Cars/13-29/306.csv
train;Cars;01629;Cars/13-29;Cars/13-29/307.csv
train;Cars;01630;Cars/13-29;Cars/13-29/308.csv
train;Cars;01632;Cars/13-29;Cars/13-29/310.csv
train;Cars;01634;Cars/13-29;Cars/13-29/312.csv
train;Cars;01635;Cars/13-29;Cars/13-29/313.csv
train;Cars;01636;Cars/13-29;Cars/13-29/314.csv
train;Cars;01637;Cars/13-29;Cars/13-29/315.csv
train;Cars;01638;Cars/13-29;Cars/13-29/316.csv
train;Cars;01639;Cars/13-29;Cars/13-29/317.csv
train;Cars;01640;Cars/13-29;Cars/13-29/318.csv
train;Cars;01641;Cars/13-29;Cars/13-29/319.csv
train;Cars;01642;Cars/13-29;Cars/13-29/320.csv
train;Cars;01643;Cars/13-29;Cars/13-29/321.csv
train;Cars;01645;Cars/13-38;Cars/13-38/002.csv
train;Cars;01646;Cars/13-38;Cars/13-38/003.csv
train;Cars;01647;Cars/13-38;Cars/13-38/004.csv
train;Cars;01649;Cars/13-38;Cars/13-38/006.csv
train;Cars;01650;Cars/13-38;Cars/13-38/007.csv
train;Cars;01652;Cars/13-38;Cars/13-38/009.csv
train;Cars;01654;Cars/13-38;Cars/13-38/011.csv
train;Cars;01656;Cars/13-38;Cars/13-38/013.csv
train;Cars;01657;Cars/13-38;Cars/13-38/014.csv
train;Cars;01659;Cars/13-38;Cars/13-38/016.csv
train;Cars;01660;Cars/13-38;Cars/13-38/017.csv
train;Cars;01661;Cars/13-38;Cars/13-38/018.csv
train;Cars;01662;Cars/13-38;Cars/13-38/019.csv
train;Cars;01664;Cars/13-38;Cars/13-38/021.csv
train;Cars;01665;Cars/13-38;Cars/13-38/022.csv
train;Cars;01668;Cars/13-38;Cars/13-38/025.csv
train;Cars;01669;Cars/13-38;Cars/13-38/026.csv
train;Cars;01672;Cars/13-38;Cars/13-38/029.csv
train;Cars;01674;Cars/13-38;Cars/13-38/031.csv
train;Cars;01675;Cars/13-38;Cars/13-38/032.csv
train;Cars;01676;Cars/13-38;Cars/13-38/033.csv
train;Cars;01677;Cars/13-38;Cars/13-38/034.csv
train;Cars;01678;Cars/13-38;Cars/13-38/035.csv
train;Cars;01679;Cars/13-38;Cars/13-38/036.csv
train;Cars;01680;Cars/13-38;Cars/13-38/037.csv
train;Cars;01681;Cars/13-38;Cars/13-38/038.csv
train;Cars;01682;Cars/13-38;Cars/13-38/039.csv
train;Cars;01683;Cars/13-38;Cars/13-38/040.csv
train;Cars;01684;Cars/13-38;Cars/13-38/041.csv
train;Cars;01686;Cars/13-38;Cars/13-38/043.csv
train;Cars;01687;Cars/13-38;Cars/13-38/044.csv
train;Cars;01688;Cars/13-38;Cars/13-38/045.csv
train;Cars;01689;Cars/13-38;Cars/13-38/046.csv
train;Cars;01690;Cars/13-38;Cars/13-38/047.csv
train;Cars;01691;Cars/13-38;Cars/13-38/048.csv
train;Cars;01692;Cars/13-38;Cars/13-38/049.csv
train;Cars;01693;Cars/13-38;Cars/13-38/050.csv
train;Cars;01694;Cars/13-38;Cars/13-38/051.csv
train;Cars;01696;Cars/13-38;Cars/13-38/053.csv
train;Cars;01697;Cars/13-38;Cars/13-38/054.csv
train;Cars;01698;Cars/13-38;Cars/13-38/055.csv
train;Cars;01699;Cars/13-38;Cars/13-38/056.csv
train;Cars;01702;Cars/13-38;Cars/13-38/059.csv
train;Cars;01705;Cars/13-38;Cars/13-38/062.csv
train;Cars;01706;Cars/13-38;Cars/13-38/063.csv
train;Cars;01707;Cars/13-38;Cars/13-38/064.csv
train;Cars;01708;Cars/13-38;Cars/13-38/065.csv
train;Cars;01709;Cars/13-38;Cars/13-38/066.csv
train;Cars;01710;Cars/13-38;Cars/13-38/067.csv
train;Cars;01711;Cars/13-38;Cars/13-38/068.csv
train;Cars;01712;Cars/13-38;Cars/13-38/069.csv
train;Cars;01713;Cars/13-38;Cars/13-38/070.csv
train;Cars;01714;Cars/13-38;Cars/13-38/071.csv
train;Cars;01715;Cars/13-38;Cars/13-38/072.csv
train;Cars;01716;Cars/13-38;Cars/13-38/073.csv
train;Cars;01717;Cars/13-38;Cars/13-38/074.csv
train;Cars;01720;Cars/13-38;Cars/13-38/077.csv
train;Cars;01723;Cars/13-38;Cars/13-38/080.csv
train;Cars;01724;Cars/13-38;Cars/13-38/081.csv
train;Cars;01725;Cars/13-38;Cars/13-38/082.csv
train;Cars;01726;Cars/13-38;Cars/13-38/083.csv
train;Cars;01728;Cars/13-38;Cars/13-38/085.csv
train;Cars;01732;Cars/13-38;Cars/13-38/089.csv
train;Cars;01734;Cars/13-38;Cars/13-38/091.csv
train;Cars;01735;Cars/13-38;Cars/13-38/092.csv
train;Cars;01736;Cars/13-38;Cars/13-38/093.csv
train;Cars;01737;Cars/13-38;Cars/13-38/094.csv
train;Cars;01739;Cars/13-38;Cars/13-38/096.csv
train;Cars;01740;Cars/13-38;Cars/13-38/097.csv
train;Cars;01743;Cars/13-38;Cars/13-38/100.csv
train;Cars;01745;Cars/13-38;Cars/13-38/102.csv
train;Cars;01747;Cars/13-38;Cars/13-38/104.csv
train;Cars;01749;Cars/13-38;Cars/13-38/106.csv
train;Cars;01750;Cars/13-38;Cars/13-38/107.csv
train;Cars;01751;Cars/13-38;Cars/13-38/108.csv
train;Cars;01752;Cars/13-38;Cars/13-38/109.csv
train;Cars;01754;Cars/13-38;Cars/13-38/111.csv
train;Cars;01755;Cars/13-38;Cars/13-38/112.csv
train;Cars;01758;Cars/13-38;Cars/13-38/115.csv
train;Cars;01759;Cars/13-38;Cars/13-38/116.csv
train;Cars;01760;Cars/13-38;Cars/13-38/117.csv
train;Cars;01762;Cars/13-38;Cars/13-38/119.csv
train;Cars;01763;Cars/13-38;Cars/13-38/120.csv
train;Cars;01764;Cars/13-38;Cars/13-38/121.csv
train;Cars;01765;Cars/13-38;Cars/13-38/122.csv
train;Cars;01767;Cars/13-38;Cars/13-38/124.csv
train;Cars;01768;Cars/13-38;Cars/13-38/125.csv
train;Cars;01769;Cars/13-38;Cars/13-38/126.csv
train;Cars;01772;Cars/13-38;Cars/13-38/129.csv
train;Cars;01773;Cars/13-38;Cars/13-38/130.csv
train;Cars;01775;Cars/13-38;Cars/13-38/132.csv
train;Cars;01776;Cars/13-38;Cars/13-38/133.csv
train;Cars;01777;Cars/13-38;Cars/13-38/134.csv
train;Cars;01779;Cars/13-38;Cars/13-38/136.csv
train;Cars;01782;Cars/13-38;Cars/13-38/139.csv
train;Cars;01784;Cars/13-38;Cars/13-38/141.csv
train;Cars;01785;Cars/13-38;Cars/13-38/142.csv
train;Cars;01786;Cars/13-38;Cars/13-38/143.csv
train;Cars;01788;Cars/13-38;Cars/13-38/145.csv
train;Cars;01791;Cars/13-38;Cars/13-38/148.csv
train;Cars;01792;Cars/13-38;Cars/13-38/149.csv
train;Cars;01793;Cars/13-38;Cars/13-38/150.csv
train;Cars;01794;Cars/13-38;Cars/13-38/151.csv
train;Cars;01795;Cars/13-38;Cars/13-38/152.csv
train;Cars;01796;Cars/13-38;Cars/13-38/153.csv
train;Cars;01797;Cars/13-38;Cars/13-38/154.csv
train;Cars;01798;Cars/13-38;Cars/13-38/155.csv
train;Cars;01799;Cars/13-38;Cars/13-38/156.csv
train;Cars;01800;Cars/13-38;Cars/13-38/157.csv
train;Cars;01801;Cars/13-38;Cars/13-38/158.csv
train;Cars;01802;Cars/13-38;Cars/13-38/159.csv
train;Cars;01803;Cars/13-38;Cars/13-38/160.csv
train;Cars;01805;Cars/13-38;Cars/13-38/162.csv
train;Cars;01806;Cars/13-38;Cars/13-38/163.csv
train;Cars;01807;Cars/13-38;Cars/13-38/164.csv
train;Cars;01809;Cars/13-38;Cars/13-38/166.csv
train;Cars;01810;Cars/13-38;Cars/13-38/167.csv
train;Cars;01811;Cars/13-38;Cars/13-38/168.csv
train;Cars;01812;Cars/13-38;Cars/13-38/169.csv
train;Cars;01813;Cars/13-38;Cars/13-38/170.csv
train;Cars;01815;Cars/13-38;Cars/13-38/172.csv
train;Cars;01816;Cars/13-38;Cars/13-38/173.csv
train;Cars;01817;Cars/13-38;Cars/13-38/174.csv
train;Cars;01820;Cars/13-38;Cars/13-38/177.csv
train;Cars;01822;Cars/13-38;Cars/13-38/179.csv
train;Cars;01824;Cars/13-38;Cars/13-38/181.csv
train;Cars;01825;Cars/13-38;Cars/13-38/182.csv
train;Cars;01826;Cars/13-38;Cars/13-38/183.csv
train;Cars;01827;Cars/13-38;Cars/13-38/184.csv
train;Cars;01828;Cars/13-38;Cars/13-38/185.csv
train;Cars;01829;Cars/13-38;Cars/13-38/186.csv
train;Cars;01830;Cars/13-38;Cars/13-38/187.csv
train;Cars;01831;Cars/13-38;Cars/13-38/188.csv
train;Cars;01834;Cars/13-38;Cars/13-38/191.csv
train;Cars;01835;Cars/13-38;Cars/13-38/192.csv
train;Cars;01837;Cars/13-38;Cars/13-38/194.csv
train;Cars;01839;Cars/13-38;Cars/13-38/196.csv
train;Cars;01840;Cars/13-38;Cars/13-38/197.csv
train;Cars;01841;Cars/13-38;Cars/13-38/198.csv
train;Cars;01842;Cars/13-38;Cars/13-38/199.csv
train;Cars;01843;Cars/13-38;Cars/13-38/200.csv
train;Cars;01844;Cars/13-38;Cars/13-38/201.csv
train;Cars;01846;Cars/13-38;Cars/13-38/203.csv
train;Cars;01847;Cars/13-38;Cars/13-38/204.csv
train;Cars;01848;Cars/13-38;Cars/13-38/205.csv
train;Cars;01849;Cars/13-38;Cars/13-38/206.csv
train;Cars;01851;Cars/13-38;Cars/13-38/208.csv
train;Cars;01852;Cars/13-38;Cars/13-38/209.csv
train;Cars;01853;Cars/13-38;Cars/13-38/210.csv
train;Cars;01854;Cars/13-38;Cars/13-38/211.csv
train;Cars;01855;Cars/13-38;Cars/13-38/212.csv
train;Cars;01856;Cars/13-38;Cars/13-38/213.csv
train;Cars;01857;Cars/13-38;Cars/13-38/214.csv
train;Cars;01858;Cars/13-38;Cars/13-38/215.csv
train;Cars;01859;Cars/13-38;Cars/13-38/216.csv
train;Cars;01862;Cars/13-38;Cars/13-38/219.csv
train;Cars;01864;Cars/13-38;Cars/13-38/221.csv
train;Cars;01866;Cars/13-38;Cars/13-38/223.csv
train;Cars;01867;Cars/13-38;Cars/13-38/224.csv
train;Cars;01869;Cars/13-38;Cars/13-38/226.csv
train;Cars;01876;Cars/13-38;Cars/13-38/233.csv
train;Cars;01878;Cars/13-38;Cars/13-38/235.csv
train;Cars;01879;Cars/13-38;Cars/13-38/236.csv
train;Cars;01881;Cars/13-38;Cars/13-38/238.csv
train;Cars;01883;Cars/13-38;Cars/13-38/240.csv
train;Cars;01885;Cars/13-38;Cars/13-38/242.csv
train;Cars;01886;Cars/13-38;Cars/13-38/243.csv
train;Cars;01888;Cars/13-38;Cars/13-38/245.csv
train;Cars;01890;Cars/13-38;Cars/13-38/247.csv
train;Cars;01891;Cars/13-38;Cars/13-38/248.csv
train;Cars;01893;Cars/13-38;Cars/13-38/250.csv
train;Cars;01896;Cars/13-38;Cars/13-38/253.csv
train;Cars;01897;Cars/13-38;Cars/13-38/254.csv
train;Cars;01899;Cars/13-38;Cars/13-38/256.csv
train;Cars;01900;Cars/13-38;Cars/13-38/257.csv
train;Cars;01901;Cars/13-38;Cars/13-38/258.csv
train;Cars;01902;Cars/13-38;Cars/13-38/259.csv
train;Cars;01904;Cars/13-38;Cars/13-38/261.csv
train;Cars;01905;Cars/13-38;Cars/13-38/262.csv
train;Cars;01906;Cars/13-38;Cars/13-38/263.csv
train;Cars;01907;Cars/13-38;Cars/13-38/264.csv
train;Cars;01909;Cars/13-38;Cars/13-38/266.csv
train;Cars;01910;Cars/13-38;Cars/13-38/267.csv
train;Cars;01911;Cars/13-38;Cars/13-38/268.csv
train;Cars;01912;Cars/13-38;Cars/13-38/269.csv
train;Cars;01914;Cars/13-38;Cars/13-38/271.csv
train;Cars;01915;Cars/13-38;Cars/13-38/272.csv
train;Cars;01916;Cars/13-38;Cars/13-38/273.csv
train;Cars;01917;Cars/13-38;Cars/13-38/274.csv
train;Cars;01918;Cars/13-38;Cars/13-38/275.csv
train;Cars;01921;Cars/13-38;Cars/13-38/278.csv
train;Cars;01922;Cars/13-38;Cars/13-38/279.csv
train;Cars;01923;Cars/13-38;Cars/13-38/280.csv
train;Cars;01924;Cars/13-38;Cars/13-38/281.csv
train;Cars;01926;Cars/13-38;Cars/13-38/283.csv
train;Cars;01928;Cars/13-38;Cars/13-38/285.csv
train;Cars;01929;Cars/13-38;Cars/13-38/286.csv
train;Cars;01930;Cars/13-38;Cars/13-38/287.csv
train;Cars;01931;Cars/13-38;Cars/13-38/288.csv
train;Cars;01932;Cars/13-38;Cars/13-38/289.csv
train;Cars;01933;Cars/13-38;Cars/13-38/290.csv
train;Cars;01934;Cars/13-38;Cars/13-38/291.csv
train;Cars;01936;Cars/13-38;Cars/13-38/293.csv
train;Cars;01937;Cars/13-38;Cars/13-38/294.csv
train;Cars;01938;Cars/13-38;Cars/13-38/295.csv
train;Cars;01939;Cars/13-38;Cars/13-38/296.csv
train;Cars;01940;Cars/13-38;Cars/13-38/297.csv
train;Cars;01941;Cars/13-38;Cars/13-38/298.csv
train;Cars;01944;Cars/13-38;Cars/13-38/301.csv
train;Cars;01945;Cars/13-38;Cars/13-38/302.csv
train;Cars;01946;Cars/13-38;Cars/13-38/303.csv
train;Cars;01947;Cars/13-38;Cars/13-38/304.csv
train;Cars;01948;Cars/13-38;Cars/13-38/305.csv
train;Cars;01949;Cars/13-38;Cars/13-38/306.csv
train;Cars;01950;Cars/13-38;Cars/13-38/307.csv
train;Cars;01951;Cars/13-38;Cars/13-38/308.csv
train;Cars;01953;Cars/13-38;Cars/13-38/310.csv
train;Cars;01954;Cars/13-38;Cars/13-38/311.csv
train;Cars;01956;Cars/13-38;Cars/13-38/313.csv
train;Cars;01957;Cars/13-38;Cars/13-38/314.csv
train;Cars;01959;Cars/13-38;Cars/13-38/316.csv
train;Cars;01960;Cars/13-38;Cars/13-38/317.csv
train;Cars;01961;Cars/13-44;Cars/13-44/001.csv
train;Cars;01964;Cars/13-44;Cars/13-44/004.csv
train;Cars;01968;Cars/13-44;Cars/13-44/008.csv
train;Cars;01969;Cars/13-44;Cars/13-44/009.csv
train;Cars;01970;Cars/13-44;Cars/13-44/010.csv
train;Cars;01971;Cars/13-44;Cars/13-44/011.csv
train;Cars;01973;Cars/13-44;Cars/13-44/013.csv
train;Cars;01975;Cars/13-44;Cars/13-44/015.csv
train;Cars;01976;Cars/13-44;Cars/13-44/016.csv
train;Cars;01977;Cars/13-44;Cars/13-44/017.csv
train;Cars;01978;Cars/13-44;Cars/13-44/018.csv
train;Cars;01980;Cars/13-44;Cars/13-44/020.csv
train;Cars;01981;Cars/13-44;Cars/13-44/021.csv
train;Cars;01982;Cars/13-44;Cars/13-44/022.csv
train;Cars;01983;Cars/13-44;Cars/13-44/023.csv
train;Cars;01985;Cars/13-44;Cars/13-44/025.csv
train;Cars;01986;Cars/13-44;Cars/13-44/026.csv
train;Cars;01987;Cars/13-44;Cars/13-44/027.csv
train;Cars;01988;Cars/13-44;Cars/13-44/028.csv
train;Cars;01990;Cars/13-44;Cars/13-44/030.csv
train;Cars;01991;Cars/13-44;Cars/13-44/031.csv
train;Cars;01992;Cars/13-44;Cars/13-44/032.csv
train;Cars;01994;Cars/13-44;Cars/13-44/034.csv
train;Cars;01995;Cars/13-44;Cars/13-44/035.csv
train;Cars;01996;Cars/13-44;Cars/13-44/036.csv
train;Cars;01997;Cars/13-44;Cars/13-44/037.csv
train;Cars;01998;Cars/13-44;Cars/13-44/038.csv
train;Cars;01999;Cars/13-44;Cars/13-44/039.csv
train;Cars;02000;Cars/13-44;Cars/13-44/040.csv
train;Cars;02001;Cars/13-44;Cars/13-44/041.csv
train;Cars;02002;Cars/13-44;Cars/13-44/042.csv
train;Cars;02003;Cars/13-44;Cars/13-44/043.csv
train;Cars;02004;Cars/13-44;Cars/13-44/044.csv
train;Cars;02006;Cars/13-44;Cars/13-44/046.csv
train;Cars;02007;Cars/13-44;Cars/13-44/047.csv
train;Cars;02008;Cars/13-44;Cars/13-44/048.csv
train;Cars;02009;Cars/13-44;Cars/13-44/049.csv
train;Cars;02010;Cars/13-44;Cars/13-44/050.csv
train;Cars;02011;Cars/13-44;Cars/13-44/051.csv
train;Cars;02012;Cars/13-44;Cars/13-44/052.csv
train;Cars;02013;Cars/13-44;Cars/13-44/053.csv
train;Cars;02014;Cars/13-44;Cars/13-44/054.csv
train;Cars;02015;Cars/13-44;Cars/13-44/055.csv
train;Cars;02016;Cars/13-44;Cars/13-44/056.csv
train;Cars;02017;Cars/13-44;Cars/13-44/057.csv
train;Cars;02018;Cars/13-44;Cars/13-44/058.csv
train;Cars;02019;Cars/13-44;Cars/13-44/059.csv
train;Cars;02020;Cars/13-44;Cars/13-44/060.csv
train;Cars;02021;Cars/13-44;Cars/13-44/061.csv
train;Cars;02022;Cars/13-44;Cars/13-44/062.csv
train;Cars;02023;Cars/13-44;Cars/13-44/063.csv
train;Cars;02024;Cars/13-44;Cars/13-44/064.csv
train;Cars;02025;Cars/13-44;Cars/13-44/065.csv
train;Cars;02027;Cars/13-44;Cars/13-44/067.csv
train;Cars;02028;Cars/13-44;Cars/13-44/068.csv
train;Cars;02029;Cars/13-44;Cars/13-44/069.csv
train;Cars;02031;Cars/13-44;Cars/13-44/071.csv
train;Cars;02033;Cars/13-44;Cars/13-44/073.csv
train;Cars;02034;Cars/13-44;Cars/13-44/074.csv
train;Cars;02036;Cars/13-44;Cars/13-44/076.csv
train;Cars;02037;Cars/13-44;Cars/13-44/077.csv
train;Cars;02038;Cars/13-44;Cars/13-44/078.csv
train;Cars;02039;Cars/13-44;Cars/13-44/079.csv
train;Cars;02040;Cars/13-44;Cars/13-44/080.csv
train;Cars;02041;Cars/13-44;Cars/13-44/081.csv
train;Cars;02042;Cars/13-44;Cars/13-44/082.csv
train;Cars;02043;Cars/13-44;Cars/13-44/083.csv
train;Cars;02044;Cars/13-44;Cars/13-44/084.csv
train;Cars;02045;Cars/13-44;Cars/13-44/085.csv
train;Cars;02047;Cars/13-44;Cars/13-44/087.csv
train;Cars;02048;Cars/13-44;Cars/13-44/088.csv
train;Cars;02049;Cars/13-44;Cars/13-44/089.csv
train;Cars;02050;Cars/13-44;Cars/13-44/090.csv
train;Cars;02051;Cars/13-44;Cars/13-44/091.csv
train;Cars;02052;Cars/13-44;Cars/13-44/092.csv
train;Cars;02055;Cars/13-44;Cars/13-44/095.csv
train;Cars;02056;Cars/13-44;Cars/13-44/096.csv
train;Cars;02057;Cars/13-44;Cars/13-44/097.csv
train;Cars;02059;Cars/13-44;Cars/13-44/099.csv
train;Cars;02060;Cars/13-44;Cars/13-44/100.csv
train;Cars;02061;Cars/13-44;Cars/13-44/101.csv
train;Cars;02062;Cars/13-44;Cars/13-44/102.csv
train;Cars;02063;Cars/13-44;Cars/13-44/103.csv
train;Cars;02065;Cars/13-44;Cars/13-44/105.csv
train;Cars;02066;Cars/13-44;Cars/13-44/106.csv
train;Cars;02067;Cars/13-44;Cars/13-44/107.csv
train;Cars;02069;Cars/13-44;Cars/13-44/109.csv
train;Cars;02070;Cars/13-44;Cars/13-44/110.csv
train;Cars;02071;Cars/13-44;Cars/13-44/111.csv
train;Cars;02072;Cars/13-44;Cars/13-44/112.csv
train;Cars;02074;Cars/13-44;Cars/13-44/114.csv
train;Cars;02075;Cars/13-44;Cars/13-44/115.csv
train;Cars;02076;Cars/13-44;Cars/13-44/116.csv
train;Cars;02077;Cars/13-44;Cars/13-44/117.csv
train;Cars;02078;Cars/13-44;Cars/13-44/118.csv
train;Cars;02079;Cars/13-44;Cars/13-44/119.csv
train;Cars;02080;Cars/13-44;Cars/13-44/120.csv
train;Cars;02082;Cars/13-44;Cars/13-44/122.csv
train;Cars;02083;Cars/13-44;Cars/13-44/123.csv
train;Cars;02085;Cars/13-44;Cars/13-44/125.csv
train;Cars;02086;Cars/13-44;Cars/13-44/126.csv
train;Cars;02089;Cars/13-44;Cars/13-44/129.csv
train;Cars;02090;Cars/13-44;Cars/13-44/130.csv
train;Cars;02091;Cars/13-44;Cars/13-44/131.csv
train;Cars;02093;Cars/13-44;Cars/13-44/133.csv
train;Cars;02097;Cars/13-44;Cars/13-44/137.csv
train;Cars;02098;Cars/13-44;Cars/13-44/138.csv
train;Cars;02099;Cars/13-44;Cars/13-44/139.csv
train;Cars;02101;Cars/13-44;Cars/13-44/141.csv
train;Cars;02102;Cars/13-44;Cars/13-44/142.csv
train;Cars;02103;Cars/13-44;Cars/13-44/143.csv
train;Cars;02104;Cars/13-44;Cars/13-44/144.csv
train;Cars;02105;Cars/13-44;Cars/13-44/145.csv
train;Cars;02106;Cars/13-44;Cars/13-44/146.csv
train;Cars;02107;Cars/13-44;Cars/13-44/147.csv
train;Cars;02109;Cars/13-44;Cars/13-44/149.csv
train;Cars;02110;Cars/13-44;Cars/13-44/150.csv
train;Cars;02112;Cars/13-44;Cars/13-44/152.csv
train;Cars;02113;Cars/13-44;Cars/13-44/153.csv
train;Cars;02114;Cars/13-44;Cars/13-44/154.csv
train;Cars;02116;Cars/13-44;Cars/13-44/156.csv
train;Cars;02117;Cars/13-44;Cars/13-44/157.csv
train;Cars;02121;Cars/13-44;Cars/13-44/161.csv
train;Cars;02123;Cars/13-44;Cars/13-44/163.csv
train;Cars;02124;Cars/13-44;Cars/13-44/164.csv
train;Cars;02125;Cars/13-44;Cars/13-44/165.csv
train;Cars;02126;Cars/13-44;Cars/13-44/166.csv
train;Cars;02127;Cars/13-44;Cars/13-44/167.csv
train;Cars;02129;Cars/13-44;Cars/13-44/169.csv
train;Cars;02130;Cars/13-44;Cars/13-44/170.csv
train;Cars;02131;Cars/13-44;Cars/13-44/171.csv
train;Cars;02132;Cars/13-44;Cars/13-44/172.csv
train;Cars;02133;Cars/13-44;Cars/13-44/173.csv
train;Cars;02134;Cars/13-44;Cars/13-44/174.csv
train;Cars;02135;Cars/13-44;Cars/13-44/175.csv
train;Cars;02137;Cars/13-44;Cars/13-44/177.csv
train;Cars;02138;Cars/13-44;Cars/13-44/178.csv
train;Cars;02140;Cars/13-44;Cars/13-44/180.csv
train;Cars;02141;Cars/13-44;Cars/13-44/181.csv
train;Cars;02142;Cars/13-44;Cars/13-44/182.csv
train;Cars;02144;Cars/13-44;Cars/13-44/184.csv
train;Cars;02148;Cars/13-44;Cars/13-44/188.csv
train;Cars;02149;Cars/13-44;Cars/13-44/189.csv
train;Cars;02150;Cars/13-44;Cars/13-44/190.csv
train;Cars;02151;Cars/13-44;Cars/13-44/191.csv
train;Cars;02152;Cars/13-44;Cars/13-44/192.csv
train;Cars;02153;Cars/13-44;Cars/13-44/193.csv
train;Cars;02156;Cars/13-44;Cars/13-44/196.csv
train;Cars;02157;Cars/13-44;Cars/13-44/197.csv
train;Cars;02159;Cars/13-44;Cars/13-44/199.csv
train;Cars;02160;Cars/13-44;Cars/13-44/200.csv
train;Cars;02161;Cars/13-44;Cars/13-44/201.csv
train;Cars;02162;Cars/13-44;Cars/13-44/202.csv
train;Cars;02163;Cars/13-44;Cars/13-44/203.csv
train;Cars;02166;Cars/13-44;Cars/13-44/206.csv
train;Cars;02167;Cars/13-44;Cars/13-44/207.csv
train;Cars;02170;Cars/13-44;Cars/13-44/210.csv
train;Cars;02172;Cars/13-44;Cars/13-44/212.csv
train;Cars;02173;Cars/13-44;Cars/13-44/213.csv
train;Cars;02174;Cars/13-44;Cars/13-44/214.csv
train;Cars;02175;Cars/13-44;Cars/13-44/215.csv
train;Cars;02176;Cars/13-44;Cars/13-44/216.csv
train;Cars;02177;Cars/13-44;Cars/13-44/217.csv
train;Cars;02178;Cars/13-44;Cars/13-44/218.csv
train;Cars;02179;Cars/13-44;Cars/13-44/219.csv
train;Cars;02180;Cars/13-44;Cars/13-44/220.csv
train;Cars;02181;Cars/13-44;Cars/13-44/221.csv
train;Cars;02184;Cars/13-44;Cars/13-44/224.csv
train;Cars;02185;Cars/13-44;Cars/13-44/225.csv
train;Cars;02186;Cars/13-44;Cars/13-44/226.csv
train;Cars;02187;Cars/13-44;Cars/13-44/227.csv
train;Cars;02188;Cars/13-44;Cars/13-44/228.csv
train;Cars;02189;Cars/13-44;Cars/13-44/229.csv
train;Cars;02190;Cars/13-44;Cars/13-44/230.csv
train;Cars;02191;Cars/13-44;Cars/13-44/231.csv
train;Cars;02193;Cars/13-44;Cars/13-44/233.csv
train;Cars;02194;Cars/13-44;Cars/13-44/234.csv
train;Cars;02195;Cars/13-44;Cars/13-44/235.csv
train;Cars;02197;Cars/13-44;Cars/13-44/237.csv
train;Cars;02199;Cars/13-44;Cars/13-44/239.csv
train;Cars;02200;Cars/13-44;Cars/13-44/240.csv
train;Cars;02201;Cars/13-44;Cars/13-44/241.csv
train;Cars;02203;Cars/13-44;Cars/13-44/243.csv
train;Cars;02204;Cars/13-44;Cars/13-44/244.csv
train;Cars;02205;Cars/13-44;Cars/13-44/245.csv
train;Cars;02206;Cars/13-44;Cars/13-44/246.csv
train;Cars;02207;Cars/13-44;Cars/13-44/247.csv
train;Cars;02208;Cars/13-44;Cars/13-44/248.csv
train;Cars;02209;Cars/13-44;Cars/13-44/249.csv
train;Cars;02212;Cars/13-44;Cars/13-44/252.csv
train;Cars;02213;Cars/13-44;Cars/13-44/253.csv
train;Cars;02215;Cars/13-44;Cars/13-44/255.csv
train;Cars;02217;Cars/13-44;Cars/13-44/257.csv
train;Cars;02218;Cars/13-44;Cars/13-44/258.csv
train;Cars;02220;Cars/13-44;Cars/13-44/260.csv
train;Cars;02221;Cars/13-44;Cars/13-44/261.csv
train;Cars;02222;Cars/13-44;Cars/13-44/262.csv
train;Cars;02225;Cars/13-44;Cars/13-44/265.csv
train;Cars;02231;Cars/13-44;Cars/13-44/271.csv
train;Cars;02232;Cars/13-44;Cars/13-44/272.csv
train;Cars;02233;Cars/13-44;Cars/13-44/273.csv
train;Cars;02235;Cars/13-44;Cars/13-44/275.csv
train;Cars;02236;Cars/13-44;Cars/13-44/276.csv
train;Cars;02238;Cars/13-44;Cars/13-44/278.csv
train;Cars;02239;Cars/13-44;Cars/13-44/279.csv
train;Cars;02240;Cars/13-44;Cars/13-44/280.csv
train;Cars;02241;Cars/13-44;Cars/13-44/281.csv
train;Cars;02242;Cars/13-44;Cars/13-44/282.csv
train;Cars;02243;Cars/13-44;Cars/13-44/283.csv
train;Cars;02244;Cars/13-44;Cars/13-44/284.csv
train;Cars;02247;Cars/13-44;Cars/13-44/287.csv
train;Cars;02248;Cars/13-44;Cars/13-44/288.csv
train;Cars;02249;Cars/13-44;Cars/13-44/289.csv
train;Cars;02250;Cars/13-44;Cars/13-44/290.csv
train;Cars;02251;Cars/13-44;Cars/13-44/291.csv
train;Cars;02252;Cars/13-44;Cars/13-44/292.csv
train;Cars;02254;Cars/13-44;Cars/13-44/294.csv
train;Cars;02256;Cars/13-44;Cars/13-44/296.csv
train;Cars;02257;Cars/13-44;Cars/13-44/297.csv
train;Cars;02258;Cars/13-44;Cars/13-44/298.csv
train;Cars;02259;Cars/13-44;Cars/13-44/299.csv
train;Cars;02261;Cars/13-44;Cars/13-44/301.csv
train;Cars;02262;Cars/13-44;Cars/13-44/302.csv
train;Cars;02263;Cars/13-44;Cars/13-44/303.csv
train;Cars;02266;Cars/13-44;Cars/13-44/306.csv
train;Cars;02267;Cars/13-44;Cars/13-44/307.csv
train;Cars;02268;Cars/13-44;Cars/13-44/308.csv
train;Cars;02270;Cars/13-44;Cars/13-44/310.csv
train;Cars;02271;Cars/13-44;Cars/13-44/311.csv
train;Cars;02272;Cars/13-44;Cars/13-44/312.csv
train;Cars;02274;Cars/13-44;Cars/13-44/314.csv
train;Cars;02275;Cars/13-44;Cars/13-44/315.csv
train;Cars;02279;Cars/13-44;Cars/13-44/319.csv
train;Cars;02280;Cars/13-44;Cars/13-44/320.csv
train;Cars;02281;Cars/13-44;Cars/13-44/321.csv
train;Cars;02282;Cars/13-44;Cars/13-44/322.csv
train;Cars;02283;Cars/13-44;Cars/13-44/323.csv
train;Cars;02284;Cars/13-44;Cars/13-44/324.csv
train;Cars;02285;Cars/13-44;Cars/13-44/325.csv
train;Cars;02286;Cars/13-44;Cars/13-44/326.csv
train;Cars;02287;Cars/13-44;Cars/13-44/327.csv
train;Cars;02290;Cars/13-44;Cars/13-44/330.csv
train;Cars;02291;Cars/13-44;Cars/13-44/331.csv
train;Cars;02294;Cars/13-44;Cars/13-44/334.csv
train;Cars;02295;Cars/13-44;Cars/13-44/335.csv
train;Cars;02296;Cars/13-44;Cars/13-44/336.csv
train;Cars;02297;Cars/13-44;Cars/13-44/337.csv
train;Cars;02298;Cars/13-44;Cars/13-44/338.csv
train;Cars;02299;Cars/13-44;Cars/13-44/339.csv
train;Cars;02301;Cars/13-44;Cars/13-44/341.csv
train;Cars;02302;Cars/13-44;Cars/13-44/342.csv
train;Cars;02306;Cars/13-44;Cars/13-44/346.csv
train;Cars;02308;Cars/13-44;Cars/13-44/348.csv
train;Cars;02309;Cars/13-44;Cars/13-44/349.csv
train;Cars;02310;Cars/13-44;Cars/13-44/350.csv
train;Cars;02311;Cars/13-44;Cars/13-44/351.csv
train;Cars;02313;Cars/13-44;Cars/13-44/353.csv
train;Cars;02316;Cars/13-44;Cars/13-44/356.csv
train;Cars;02320;Cars/13-44;Cars/13-44/360.csv
train;Cars;02321;Cars/13-44;Cars/13-44/361.csv
train;Cars;02323;Cars/13-44;Cars/13-44/363.csv
train;Cars;02324;Cars/13-44;Cars/13-44/364.csv
train;Cars;02325;Cars/13-44;Cars/13-44/365.csv
train;Cars;02326;Cars/13-44;Cars/13-44/366.csv
train;Cars;02327;Cars/13-44;Cars/13-44/367.csv
train;Cars;02328;Cars/13-44;Cars/13-44/368.csv
train;Cars;02331;Cars/13-44;Cars/13-44/371.csv
train;Cars;02332;Cars/13-44;Cars/13-44/372.csv
train;Cars;02333;Cars/13-44;Cars/13-44/373.csv
train;Cars;02334;Cars/13-44;Cars/13-44/374.csv
train;Cars;02335;Cars/13-44;Cars/13-44/375.csv
train;Cars;02336;Cars/13-44;Cars/13-44/376.csv
train;Cars;02337;Cars/13-44;Cars/13-44/377.csv
train;Cars;02339;Cars/13-44;Cars/13-44/379.csv
train;Cars;02341;Cars/13-44;Cars/13-44/381.csv
train;Cars;02344;Cars/13-44;Cars/13-44/384.csv
train;Cars;02346;Cars/13-44;Cars/13-44/386.csv
train;Cars;02350;Cars/13-44;Cars/13-44/390.csv
train;Cars;02353;Cars/13-44;Cars/13-44/393.csv
train;Cars;02354;Cars/13-44;Cars/13-44/394.csv
train;Cars;02355;Cars/13-44;Cars/13-44/395.csv
train;Cars;02356;Cars/13-44;Cars/13-44/396.csv
train;Cars;02357;Cars/13-44;Cars/13-44/397.csv
train;Cars;02359;Cars/13-44;Cars/13-44/399.csv
train;Cars;02360;Cars/13-44;Cars/13-44/400.csv
train;Cars;02361;Cars/13-49;Cars/13-49/001.csv
train;Cars;02362;Cars/13-49;Cars/13-49/002.csv
train;Cars;02363;Cars/13-49;Cars/13-49/003.csv
train;Cars;02364;Cars/13-49;Cars/13-49/004.csv
train;Cars;02366;Cars/13-49;Cars/13-49/006.csv
train;Cars;02368;Cars/13-49;Cars/13-49/008.csv
train;Cars;02369;Cars/13-49;Cars/13-49/009.csv
train;Cars;02370;Cars/13-49;Cars/13-49/010.csv
train;Cars;02372;Cars/13-49;Cars/13-49/012.csv
train;Cars;02373;Cars/13-49;Cars/13-49/013.csv
train;Cars;02375;Cars/13-49;Cars/13-49/015.csv
train;Cars;02376;Cars/13-49;Cars/13-49/016.csv
train;Cars;02377;Cars/13-49;Cars/13-49/017.csv
train;Cars;02379;Cars/13-49;Cars/13-49/019.csv
train;Cars;02380;Cars/13-49;Cars/13-49/020.csv
train;Cars;02382;Cars/13-49;Cars/13-49/022.csv
train;Cars;02383;Cars/13-49;Cars/13-49/023.csv
train;Cars;02384;Cars/13-49;Cars/13-49/024.csv
train;Cars;02385;Cars/13-49;Cars/13-49/025.csv
train;Cars;02386;Cars/13-49;Cars/13-49/026.csv
train;Cars;02387;Cars/13-49;Cars/13-49/027.csv
train;Cars;02391;Cars/13-49;Cars/13-49/031.csv
train;Cars;02392;Cars/13-49;Cars/13-49/032.csv
train;Cars;02393;Cars/13-49;Cars/13-49/033.csv
train;Cars;02394;Cars/13-49;Cars/13-49/034.csv
train;Cars;02395;Cars/13-49;Cars/13-49/035.csv
train;Cars;02396;Cars/13-49;Cars/13-49/036.csv
train;Cars;02397;Cars/13-49;Cars/13-49/037.csv
train;Cars;02398;Cars/13-49;Cars/13-49/038.csv
train;Cars;02399;Cars/13-49;Cars/13-49/039.csv
train;Cars;02400;Cars/13-49;Cars/13-49/040.csv
train;Cars;02401;Cars/13-49;Cars/13-49/041.csv
train;Cars;02402;Cars/13-49;Cars/13-49/042.csv
train;Cars;02404;Cars/13-49;Cars/13-49/044.csv
train;Cars;02405;Cars/13-49;Cars/13-49/045.csv
train;Cars;02408;Cars/13-49;Cars/13-49/048.csv
train;Cars;02409;Cars/13-49;Cars/13-49/049.csv
train;Cars;02412;Cars/13-49;Cars/13-49/052.csv
train;Cars;02414;Cars/13-49;Cars/13-49/054.csv
train;Cars;02416;Cars/13-49;Cars/13-49/056.csv
train;Cars;02418;Cars/13-49;Cars/13-49/058.csv
train;Cars;02420;Cars/13-49;Cars/13-49/060.csv
train;Cars;02422;Cars/13-49;Cars/13-49/062.csv
train;Cars;02424;Cars/13-49;Cars/13-49/064.csv
train;Cars;02425;Cars/13-49;Cars/13-49/065.csv
train;Cars;02426;Cars/13-49;Cars/13-49/066.csv
train;Cars;02427;Cars/13-49;Cars/13-49/067.csv
train;Cars;02428;Cars/13-49;Cars/13-49/068.csv
train;Cars;02429;Cars/13-49;Cars/13-49/069.csv
train;Cars;02430;Cars/13-49;Cars/13-49/070.csv
train;Cars;02431;Cars/13-49;Cars/13-49/071.csv
train;Cars;02432;Cars/13-49;Cars/13-49/072.csv
train;Cars;02434;Cars/13-49;Cars/13-49/074.csv
train;Cars;02435;Cars/13-49;Cars/13-49/075.csv
train;Cars;02436;Cars/13-49;Cars/13-49/076.csv
train;Cars;02439;Cars/13-49;Cars/13-49/079.csv
train;Cars;02440;Cars/13-49;Cars/13-49/080.csv
train;Cars;02441;Cars/13-49;Cars/13-49/081.csv
train;Cars;02442;Cars/13-49;Cars/13-49/082.csv
train;Cars;02443;Cars/13-49;Cars/13-49/083.csv
train;Cars;02444;Cars/13-49;Cars/13-49/084.csv
train;Cars;02445;Cars/13-49;Cars/13-49/085.csv
train;Cars;02446;Cars/13-49;Cars/13-49/086.csv
train;Cars;02447;Cars/13-49;Cars/13-49/087.csv
train;Cars;02449;Cars/13-49;Cars/13-49/089.csv
train;Cars;02450;Cars/13-49;Cars/13-49/090.csv
train;Cars;02452;Cars/13-49;Cars/13-49/092.csv
train;Cars;02453;Cars/13-49;Cars/13-49/093.csv
train;Cars;02454;Cars/13-49;Cars/13-49/094.csv
train;Cars;02455;Cars/13-49;Cars/13-49/095.csv
train;Cars;02456;Cars/13-49;Cars/13-49/096.csv
train;Cars;02460;Cars/13-49;Cars/13-49/100.csv
train;Cars;02461;Cars/13-49;Cars/13-49/101.csv
train;Cars;02462;Cars/13-49;Cars/13-49/102.csv
train;Cars;02467;Cars/13-49;Cars/13-49/107.csv
train;Cars;02468;Cars/13-49;Cars/13-49/108.csv
train;Cars;02469;Cars/13-49;Cars/13-49/109.csv
train;Cars;02470;Cars/13-49;Cars/13-49/110.csv
train;Cars;02471;Cars/13-49;Cars/13-49/111.csv
train;Cars;02473;Cars/13-49;Cars/13-49/113.csv
train;Cars;02474;Cars/13-49;Cars/13-49/114.csv
train;Cars;02475;Cars/13-49;Cars/13-49/115.csv
train;Cars;02476;Cars/13-49;Cars/13-49/116.csv
train;Cars;02478;Cars/13-49;Cars/13-49/118.csv
train;Cars;02479;Cars/13-49;Cars/13-49/119.csv
train;Cars;02480;Cars/13-49;Cars/13-49/120.csv
train;Cars;02482;Cars/13-49;Cars/13-49/122.csv
train;Cars;02483;Cars/13-49;Cars/13-49/123.csv
train;Cars;02484;Cars/13-49;Cars/13-49/124.csv
train;Cars;02485;Cars/13-49;Cars/13-49/125.csv
train;Cars;02486;Cars/13-49;Cars/13-49/126.csv
train;Cars;02490;Cars/13-49;Cars/13-49/130.csv
train;Cars;02491;Cars/13-49;Cars/13-49/131.csv
train;Cars;02492;Cars/13-49;Cars/13-49/132.csv
train;Cars;02493;Cars/13-49;Cars/13-49/133.csv
train;Cars;02494;Cars/13-49;Cars/13-49/134.csv
train;Cars;02495;Cars/13-49;Cars/13-49/135.csv
train;Cars;02496;Cars/13-49;Cars/13-49/136.csv
train;Cars;02497;Cars/13-49;Cars/13-49/137.csv
train;Cars;02499;Cars/13-49;Cars/13-49/139.csv
train;Cars;02501;Cars/13-49;Cars/13-49/141.csv
train;Cars;02502;Cars/13-49;Cars/13-49/142.csv
train;Cars;02503;Cars/13-49;Cars/13-49/143.csv
train;Cars;02504;Cars/13-49;Cars/13-49/144.csv
train;Cars;02505;Cars/13-49;Cars/13-49/145.csv
train;Cars;02507;Cars/13-49;Cars/13-49/147.csv
train;Cars;02508;Cars/13-49;Cars/13-49/148.csv
train;Cars;02509;Cars/13-49;Cars/13-49/149.csv
train;Cars;02511;Cars/13-49;Cars/13-49/151.csv
train;Cars;02512;Cars/13-49;Cars/13-49/152.csv
train;Cars;02513;Cars/13-49;Cars/13-49/153.csv
train;Cars;02514;Cars/13-49;Cars/13-49/154.csv
train;Cars;02515;Cars/13-49;Cars/13-49/155.csv
train;Cars;02516;Cars/13-49;Cars/13-49/156.csv
train;Cars;02521;Cars/13-49;Cars/13-49/161.csv
train;Cars;02523;Cars/13-49;Cars/13-49/163.csv
train;Cars;02524;Cars/13-49;Cars/13-49/164.csv
train;Cars;02525;Cars/13-49;Cars/13-49/165.csv
train;Cars;02528;Cars/13-49;Cars/13-49/168.csv
train;Cars;02529;Cars/13-49;Cars/13-49/169.csv
train;Cars;02530;Cars/13-49;Cars/13-49/170.csv
train;Cars;02531;Cars/13-49;Cars/13-49/171.csv
train;Cars;02533;Cars/13-49;Cars/13-49/173.csv
train;Cars;02534;Cars/13-49;Cars/13-49/174.csv
train;Cars;02537;Cars/13-49;Cars/13-49/177.csv
train;Cars;02538;Cars/13-49;Cars/13-49/178.csv
train;Cars;02539;Cars/13-49;Cars/13-49/179.csv
train;Cars;02540;Cars/13-49;Cars/13-49/180.csv
train;Cars;02541;Cars/13-49;Cars/13-49/181.csv
train;Cars;02542;Cars/13-49;Cars/13-49/182.csv
train;Cars;02543;Cars/13-49;Cars/13-49/183.csv
train;Cars;02545;Cars/13-49;Cars/13-49/185.csv
train;Cars;02546;Cars/13-49;Cars/13-49/186.csv
train;Cars;02547;Cars/13-49;Cars/13-49/187.csv
train;Cars;02548;Cars/13-49;Cars/13-49/188.csv
train;Cars;02549;Cars/13-49;Cars/13-49/189.csv
train;Cars;02552;Cars/13-49;Cars/13-49/192.csv
train;Cars;02553;Cars/13-49;Cars/13-49/193.csv
train;Cars;02554;Cars/13-49;Cars/13-49/194.csv
train;Cars;02556;Cars/13-49;Cars/13-49/196.csv
train;Cars;02557;Cars/13-49;Cars/13-49/197.csv
train;Cars;02558;Cars/13-49;Cars/13-49/198.csv
train;Cars;02559;Cars/13-49;Cars/13-49/199.csv
train;Cars;02561;Cars/13-49;Cars/13-49/201.csv
train;Cars;02562;Cars/13-49;Cars/13-49/202.csv
train;Cars;02563;Cars/13-49;Cars/13-49/203.csv
train;Cars;02564;Cars/13-49;Cars/13-49/204.csv
train;Cars;02565;Cars/13-49;Cars/13-49/205.csv
train;Cars;02566;Cars/13-49;Cars/13-49/206.csv
train;Cars;02567;Cars/13-49;Cars/13-49/207.csv
train;Cars;02568;Cars/13-49;Cars/13-49/208.csv
train;Cars;02569;Cars/13-49;Cars/13-49/209.csv
train;Cars;02572;Cars/13-49;Cars/13-49/212.csv
train;Cars;02574;Cars/13-49;Cars/13-49/214.csv
train;Cars;02578;Cars/13-49;Cars/13-49/218.csv
train;Cars;02579;Cars/13-49;Cars/13-49/219.csv
train;Cars;02580;Cars/13-49;Cars/13-49/220.csv
train;Cars;02581;Cars/13-49;Cars/13-49/221.csv
train;Cars;02582;Cars/13-49;Cars/13-49/222.csv
train;Cars;02583;Cars/13-49;Cars/13-49/223.csv
train;Cars;02584;Cars/13-49;Cars/13-49/224.csv
train;Cars;02586;Cars/13-49;Cars/13-49/226.csv
train;Cars;02588;Cars/13-49;Cars/13-49/228.csv
train;Cars;02589;Cars/13-49;Cars/13-49/229.csv
train;Cars;02591;Cars/13-49;Cars/13-49/231.csv
train;Cars;02592;Cars/13-49;Cars/13-49/232.csv
train;Cars;02594;Cars/13-49;Cars/13-49/234.csv
train;Cars;02596;Cars/13-49;Cars/13-49/236.csv
train;Cars;02598;Cars/13-49;Cars/13-49/238.csv
train;Cars;02599;Cars/13-49;Cars/13-49/239.csv
train;Cars;02600;Cars/13-49;Cars/13-49/240.csv
train;Cars;02602;Cars/13-49;Cars/13-49/242.csv
train;Cars;02605;Cars/13-49;Cars/13-49/245.csv
train;Cars;02606;Cars/13-49;Cars/13-49/246.csv
train;Cars;02607;Cars/13-49;Cars/13-49/247.csv
train;Cars;02608;Cars/13-49;Cars/13-49/248.csv
train;Cars;02609;Cars/13-49;Cars/13-49/249.csv
train;Cars;02610;Cars/13-49;Cars/13-49/250.csv
train;Cars;02611;Cars/13-49;Cars/13-49/251.csv
train;Cars;02613;Cars/13-49;Cars/13-49/253.csv
train;Cars;02614;Cars/13-49;Cars/13-49/254.csv
train;Cars;02615;Cars/13-49;Cars/13-49/255.csv
train;Cars;02617;Cars/13-49;Cars/13-49/257.csv
train;Cars;02622;Cars/13-49;Cars/13-49/262.csv
train;Cars;02623;Cars/13-49;Cars/13-49/263.csv
train;Cars;02625;Cars/13-49;Cars/13-49/265.csv
train;Cars;02626;Cars/13-49;Cars/13-49/266.csv
train;Cars;02627;Cars/13-49;Cars/13-49/267.csv
train;Cars;02628;Cars/13-49;Cars/13-49/268.csv
train;Cars;02629;Cars/13-49;Cars/13-49/269.csv
train;Cars;02630;Cars/13-49;Cars/13-49/270.csv
train;Cars;02631;Cars/13-49;Cars/13-49/271.csv
train;Cars;02632;Cars/13-49;Cars/13-49/272.csv
train;Cars;02633;Cars/13-49;Cars/13-49/273.csv
train;Cars;02634;Cars/13-49;Cars/13-49/274.csv
train;Cars;02635;Cars/13-49;Cars/13-49/275.csv
train;Cars;02636;Cars/13-49;Cars/13-49/276.csv
train;Cars;02637;Cars/13-49;Cars/13-49/277.csv
train;Cars;02638;Cars/13-49;Cars/13-49/278.csv
train;Cars;02640;Cars/13-49;Cars/13-49/280.csv
train;Cars;02642;Cars/13-49;Cars/13-49/282.csv
train;Cars;02644;Cars/13-49;Cars/13-49/284.csv
train;Cars;02646;Cars/13-49;Cars/13-49/286.csv
train;Cars;02649;Cars/13-49;Cars/13-49/289.csv
train;Cars;02650;Cars/13-49;Cars/13-49/290.csv
train;Cars;02652;Cars/13-49;Cars/13-49/292.csv
train;Cars;02653;Cars/13-49;Cars/13-49/293.csv
train;Cars;02654;Cars/13-49;Cars/13-49/294.csv
train;Cars;02657;Cars/13-49;Cars/13-49/297.csv
train;Cars;02658;Cars/13-49;Cars/13-49/298.csv
train;Cars;02660;Cars/13-49p;Cars/13-49p/002.csv
train;Cars;02661;Cars/13-49p;Cars/13-49p/003.csv
train;Cars;02662;Cars/13-49p;Cars/13-49p/004.csv
train;Cars;02666;Cars/13-49p;Cars/13-49p/008.csv
train;Cars;02667;Cars/13-49p;Cars/13-49p/009.csv
train;Cars;02668;Cars/13-49p;Cars/13-49p/010.csv
train;Cars;02669;Cars/13-49p;Cars/13-49p/011.csv
train;Cars;02670;Cars/13-49p;Cars/13-49p/012.csv
train;Cars;02673;Cars/13-49p;Cars/13-49p/015.csv
train;Cars;02675;Cars/13-49p;Cars/13-49p/017.csv
train;Cars;02676;Cars/13-49p;Cars/13-49p/018.csv
train;Cars;02677;Cars/13-49p;Cars/13-49p/019.csv
train;Cars;02678;Cars/13-49p;Cars/13-49p/020.csv
train;Cars;02680;Cars/13-49p;Cars/13-49p/022.csv
train;Cars;02682;Cars/13-49p;Cars/13-49p/024.csv
train;Cars;02683;Cars/13-49p;Cars/13-49p/025.csv
train;Cars;02685;Cars/13-49p;Cars/13-49p/027.csv
train;Cars;02686;Cars/13-49p;Cars/13-49p/028.csv
train;Cars;02687;Cars/13-49p;Cars/13-49p/029.csv
train;Cars;02688;Cars/13-49p;Cars/13-49p/030.csv
train;Cars;02691;Cars/13-49p;Cars/13-49p/033.csv
train;Cars;02692;Cars/13-49p;Cars/13-49p/034.csv
train;Cars;02693;Cars/13-49p;Cars/13-49p/035.csv
train;Cars;02694;Cars/13-49p;Cars/13-49p/036.csv
train;Cars;02695;Cars/13-49p;Cars/13-49p/037.csv
train;Cars;02696;Cars/13-49p;Cars/13-49p/038.csv
train;Cars;02697;Cars/13-49p;Cars/13-49p/039.csv
train;Cars;02698;Cars/13-49p;Cars/13-49p/040.csv
train;Cars;02702;Cars/13-49p;Cars/13-49p/044.csv
train;Cars;02704;Cars/13-49p;Cars/13-49p/046.csv
train;Cars;02709;Cars/13-49p;Cars/13-49p/051.csv
train;Cars;02710;Cars/13-49p;Cars/13-49p/052.csv
train;Cars;02711;Cars/13-49p;Cars/13-49p/053.csv
train;Cars;02712;Cars/13-49p;Cars/13-49p/054.csv
train;Cars;02713;Cars/13-49p;Cars/13-49p/055.csv
train;Cars;02714;Cars/13-49p;Cars/13-49p/056.csv
train;Cars;02715;Cars/13-49p;Cars/13-49p/057.csv
train;Cars;02717;Cars/13-49p;Cars/13-49p/059.csv
train;Cars;02718;Cars/13-49p;Cars/13-49p/060.csv
train;Cars;02720;Cars/13-49p;Cars/13-49p/062.csv
train;Cars;02721;Cars/13-49p;Cars/13-49p/063.csv
train;Cars;02722;Cars/13-49p;Cars/13-49p/064.csv
train;Cars;02723;Cars/13-49p;Cars/13-49p/065.csv
train;Cars;02725;Cars/13-49p;Cars/13-49p/067.csv
train;Cars;02726;Cars/13-49p;Cars/13-49p/068.csv
train;Cars;02727;Cars/13-49p;Cars/13-49p/069.csv
train;Cars;02728;Cars/13-49p;Cars/13-49p/070.csv
train;Cars;02730;Cars/13-49p;Cars/13-49p/072.csv
train;Cars;02731;Cars/13-49p;Cars/13-49p/073.csv
train;Cars;02732;Cars/13-49p;Cars/13-49p/074.csv
train;Cars;02733;Cars/13-49p;Cars/13-49p/075.csv
train;Cars;02734;Cars/13-49p;Cars/13-49p/076.csv
train;Cars;02735;Cars/13-49p;Cars/13-49p/077.csv
train;Cars;02736;Cars/13-49p;Cars/13-49p/078.csv
train;Cars;02737;Cars/13-49p;Cars/13-49p/079.csv
train;Cars;02738;Cars/13-49p;Cars/13-49p/080.csv
train;Cars;02739;Cars/13-49p;Cars/13-49p/081.csv
train;Cars;02740;Cars/13-49p;Cars/13-49p/082.csv
train;Cars;02741;Cars/13-49p;Cars/13-49p/083.csv
train;Cars;02744;Cars/13-49p;Cars/13-49p/086.csv
train;Cars;02745;Cars/13-49p;Cars/13-49p/087.csv
train;Cars;02746;Cars/13-49p;Cars/13-49p/088.csv
train;Cars;02748;Cars/13-49p;Cars/13-49p/090.csv
train;Cars;02749;Cars/13-49p;Cars/13-49p/091.csv
train;Cars;02752;Cars/13-49p;Cars/13-49p/094.csv
train;Cars;02753;Cars/13-49p;Cars/13-49p/095.csv
train;Cars;02756;Cars/13-49p;Cars/13-49p/098.csv
train;Cars;02757;Cars/13-49p;Cars/13-49p/099.csv
train;Cars;02758;Cars/13-49p;Cars/13-49p/100.csv
train;Cars;02762;Cars/13-49p;Cars/13-49p/104.csv
train;Cars;02763;Cars/13-49p;Cars/13-49p/105.csv
train;Cars;02764;Cars/13-49p;Cars/13-49p/106.csv
train;Cars;02766;Cars/13-49p;Cars/13-49p/108.csv
train;Cars;02767;Cars/13-49p;Cars/13-49p/109.csv
train;Cars;02768;Cars/13-49p;Cars/13-49p/110.csv
train;Cars;02769;Cars/13-49p;Cars/13-49p/111.csv
train;Cars;02770;Cars/13-49p;Cars/13-49p/112.csv
train;Cars;02772;Cars/13-49p;Cars/13-49p/114.csv
train;Cars;02773;Cars/13-49p;Cars/13-49p/115.csv
train;Cars;02774;Cars/13-49p;Cars/13-49p/116.csv
train;Cars;02775;Cars/13-49p;Cars/13-49p/117.csv
train;Cars;02777;Cars/13-49p;Cars/13-49p/119.csv
train;Cars;02778;Cars/13-49p;Cars/13-49p/120.csv
train;Cars;02780;Cars/13-49p;Cars/13-49p/122.csv
train;Cars;02781;Cars/13-49p;Cars/13-49p/123.csv
train;Cars;02782;Cars/13-49p;Cars/13-49p/124.csv
train;Cars;02783;Cars/13-49p;Cars/13-49p/125.csv
train;Cars;02784;Cars/13-49p;Cars/13-49p/126.csv
train;Cars;02786;Cars/13-49p;Cars/13-49p/128.csv
train;Cars;02787;Cars/13-49p;Cars/13-49p/129.csv
train;Cars;02791;Cars/13-49p;Cars/13-49p/133.csv
train;Cars;02792;Cars/13-49p;Cars/13-49p/134.csv
train;Cars;02793;Cars/13-49p;Cars/13-49p/135.csv
train;Cars;02794;Cars/13-49p;Cars/13-49p/136.csv
train;Cars;02795;Cars/13-49p;Cars/13-49p/137.csv
train;Cars;02797;Cars/13-49p;Cars/13-49p/139.csv
train;Cars;02798;Cars/13-49p;Cars/13-49p/140.csv
train;Cars;02799;Cars/13-49p;Cars/13-49p/141.csv
train;Cars;02800;Cars/13-49p;Cars/13-49p/142.csv
train;Cars;02801;Cars/13-49p;Cars/13-49p/143.csv
train;Cars;02804;Cars/13-49p;Cars/13-49p/146.csv
train;Cars;02805;Cars/13-49p;Cars/13-49p/147.csv
train;Cars;02807;Cars/13-49p;Cars/13-49p/149.csv
train;Cars;02809;Cars/13-49p;Cars/13-49p/151.csv
train;Cars;02810;Cars/13-49p;Cars/13-49p/152.csv
train;Cars;02811;Cars/13-49p;Cars/13-49p/153.csv
train;Cars;02812;Cars/13-49p;Cars/13-49p/154.csv
train;Cars;02813;Cars/13-49p;Cars/13-49p/155.csv
train;Cars;02814;Cars/13-49p;Cars/13-49p/156.csv
train;Cars;02815;Cars/13-49p;Cars/13-49p/157.csv
train;Cars;02817;Cars/13-49p;Cars/13-49p/159.csv
train;Cars;02818;Cars/13-49p;Cars/13-49p/160.csv
train;Cars;02820;Cars/13-49p;Cars/13-49p/162.csv
train;Cars;02822;Cars/13-49p;Cars/13-49p/164.csv
train;Cars;02824;Cars/13-49p;Cars/13-49p/166.csv
train;Cars;02825;Cars/13-49p;Cars/13-49p/167.csv
train;Cars;02826;Cars/13-49p;Cars/13-49p/168.csv
train;Cars;02827;Cars/13-49p;Cars/13-49p/169.csv
train;Cars;02829;Cars/13-49p;Cars/13-49p/171.csv
train;Cars;02830;Cars/13-49p;Cars/13-49p/172.csv
train;Cars;02831;Cars/13-49p;Cars/13-49p/173.csv
train;Cars;02832;Cars/13-49p;Cars/13-49p/174.csv
train;Cars;02833;Cars/13-49p;Cars/13-49p/175.csv
train;Cars;02838;Cars/13-49p;Cars/13-49p/180.csv
train;Cars;02839;Cars/13-49p;Cars/13-49p/181.csv
train;Cars;02840;Cars/13-49p;Cars/13-49p/182.csv
train;Cars;02841;Cars/13-49p;Cars/13-49p/183.csv
train;Cars;02842;Cars/13-49p;Cars/13-49p/184.csv
train;Cars;02845;Cars/13-49p;Cars/13-49p/187.csv
train;Cars;02848;Cars/13-49p;Cars/13-49p/190.csv
train;Cars;02849;Cars/13-49p;Cars/13-49p/191.csv
train;Cars;02850;Cars/13-49p;Cars/13-49p/192.csv
train;Cars;02853;Cars/13-49p;Cars/13-49p/195.csv
train;Cars;02854;Cars/13-49p;Cars/13-49p/196.csv
train;Cars;02855;Cars/13-49p;Cars/13-49p/197.csv
train;Cars;02857;Cars/13-49p;Cars/13-49p/199.csv
train;Cars;02858;Cars/13-49p;Cars/13-49p/200.csv
train;Cars;02860;Cars/13-49p;Cars/13-49p/202.csv
train;Cars;02861;Cars/13-49p;Cars/13-49p/203.csv
train;Cars;02862;Cars/13-49p;Cars/13-49p/204.csv
train;Cars;02863;Cars/13-49p;Cars/13-49p/205.csv
train;Cars;02864;Cars/13-49p;Cars/13-49p/206.csv
train;Cars;02867;Cars/13-49p;Cars/13-49p/209.csv
train;Cars;02870;Cars/13-49p;Cars/13-49p/212.csv
train;Cars;02871;Cars/13-49p;Cars/13-49p/213.csv
train;Cars;02872;Cars/13-49p;Cars/13-49p/214.csv
train;Cars;02873;Cars/13-49p;Cars/13-49p/215.csv
train;Cars;02874;Cars/13-49p;Cars/13-49p/216.csv
train;Cars;02876;Cars/13-49p;Cars/13-49p/218.csv
train;Cars;02878;Cars/13-49p;Cars/13-49p/220.csv
train;Cars;02879;Cars/13-49p;Cars/13-49p/221.csv
train;Cars;02880;Cars/13-49p;Cars/13-49p/222.csv
train;Cars;02881;Cars/13-49p;Cars/13-49p/223.csv
train;Cars;02884;Cars/13-49p;Cars/13-49p/226.csv
train;Cars;02885;Cars/13-49p;Cars/13-49p/227.csv
train;Cars;02889;Cars/13-49p;Cars/13-49p/231.csv
train;Cars;02890;Cars/13-49p;Cars/13-49p/232.csv
train;Cars;02891;Cars/13-49p;Cars/13-49p/233.csv
train;Cars;02892;Cars/13-49p;Cars/13-49p/234.csv
train;Cars;02896;Cars/13-49p;Cars/13-49p/238.csv
train;Cars;02897;Cars/13-49p;Cars/13-49p/239.csv
train;Cars;02898;Cars/13-49p;Cars/13-49p/240.csv
train;Cars;02899;Cars/13-49p;Cars/13-49p/241.csv
train;Cars;02902;Cars/13-49p;Cars/13-49p/244.csv
train;Cars;02904;Cars/13-49p;Cars/13-49p/246.csv
train;Cars;02905;Cars/13-49p;Cars/13-49p/247.csv
train;Cars;02907;Cars/13-49p;Cars/13-49p/249.csv
train;Cars;02908;Cars/13-49p;Cars/13-49p/250.csv
train;Cars;02910;Cars/13-49p;Cars/13-49p/252.csv
train;Cars;02911;Cars/13-49p;Cars/13-49p/253.csv
train;Cars;02912;Cars/13-49p;Cars/13-49p/254.csv
train;Cars;02913;Cars/13-49p;Cars/13-49p/255.csv
train;Cars;02914;Cars/13-49p;Cars/13-49p/256.csv
train;Cars;02915;Cars/13-49p;Cars/13-49p/257.csv
train;Cars;02918;Cars/13-49p;Cars/13-49p/260.csv
train;Cars;02920;Cars/13-49p;Cars/13-49p/262.csv
train;Cars;02921;Cars/13-49p;Cars/13-49p/263.csv
train;Cars;02923;Cars/13-49p;Cars/13-49p/265.csv
train;Cars;02924;Cars/13-49p;Cars/13-49p/266.csv
train;Cars;02926;Cars/13-49p;Cars/13-49p/268.csv
train;Cars;02928;Cars/13-49p;Cars/13-49p/270.csv
train;Cars;02929;Cars/13-49p;Cars/13-49p/271.csv
train;Cars;02930;Cars/13-49p;Cars/13-49p/272.csv
train;Cars;02931;Cars/13-49p;Cars/13-49p/273.csv
train;Cars;02932;Cars/13-49p;Cars/13-49p/274.csv
train;Cars;02934;Cars/13-49p;Cars/13-49p/276.csv
train;Cars;02935;Cars/13-49p;Cars/13-49p/277.csv
train;Cars;02936;Cars/13-49p;Cars/13-49p/278.csv
train;Cars;02937;Cars/13-49p;Cars/13-49p/279.csv
train;Cars;02939;Cars/13-49p;Cars/13-49p/281.csv
train;Cars;02940;Cars/13-49p;Cars/13-49p/282.csv
train;Cars;02944;Cars/13-49p;Cars/13-49p/286.csv
train;Cars;02946;Cars/13-49p;Cars/13-49p/288.csv
train;Cars;02947;Cars/13-49p;Cars/13-49p/289.csv
train;Cars;02948;Cars/13-49p;Cars/13-49p/290.csv
train;Cars;02950;Cars/13-49p;Cars/13-49p/292.csv
train;Cars;02951;Cars/13-49p;Cars/13-49p/293.csv
train;Cars;02953;Cars/13-49p;Cars/13-49p/295.csv
train;Cars;02954;Cars/13-49p;Cars/13-49p/296.csv
train;Cars;02955;Cars/13-49p;Cars/13-49p/297.csv
train;Cars;02956;Cars/13-49p;Cars/13-49p/298.csv
train;Cars;02957;Cars/13-49p;Cars/13-49p/299.csv
train;Cars;02958;Cars/13-49p;Cars/13-49p/300.csv
train;Cars;02959;Cars/13-49p;Cars/13-49p/301.csv
train;Cars;02960;Cars/13-49p;Cars/13-49p/302.csv
train;Cars;02962;Cars/13-49p;Cars/13-49p/304.csv
train;Cars;02963;Cars/13-49p;Cars/13-49p/305.csv
train;Cars;02965;Cars/13-49p;Cars/13-49p/307.csv
train;Cars;02966;Cars/13-49p;Cars/13-49p/308.csv
train;Cars;02967;Cars/13-49p;Cars/13-49p/309.csv
train;Cars;02968;Cars/13-49p;Cars/13-49p/310.csv
train;Cars;02969;Cars/13-49p;Cars/13-49p/311.csv
train;Cars;02970;Cars/13-49p;Cars/13-49p/312.csv
train;Cars;02971;Cars/13-49p;Cars/13-49p/313.csv
train;Cars;02972;Cars/13-49p;Cars/13-49p/314.csv
train;Cars;02973;Cars/13-49p;Cars/13-49p/315.csv
train;Cars;02975;Cars/13-49p;Cars/13-49p/317.csv
train;Cars;02976;Cars/13-49p;Cars/13-49p/318.csv
train;Cars;02977;Cars/13-49p;Cars/13-49p/319.csv
train;Cars;02978;Cars/13-49p;Cars/13-49p/320.csv
train;Cars;02979;Cars/13-49p;Cars/13-49p/321.csv
train;Cars;02980;Cars/13-49p;Cars/13-49p/322.csv
train;Cars;02983;Cars/13-49p;Cars/13-49p/325.csv
train;Cars;02984;Cars/13-49p;Cars/13-49p/326.csv
train;Cars;02985;Cars/13-49p;Cars/13-49p/327.csv
train;Cars;02987;Cars/13-49p;Cars/13-49p/329.csv
train;Cars;02988;Cars/13-49p;Cars/13-49p/330.csv
train;Cars;02989;Cars/13-49p;Cars/13-49p/331.csv
train;Cars;02990;Cars/13-49p;Cars/13-49p/332.csv
train;Cars;02991;Cars/13-49p;Cars/13-49p/333.csv
train;Cars;02993;Cars/13-49p;Cars/13-49p/335.csv
train;Cars;02994;Cars/13-49p;Cars/13-49p/336.csv
train;Cars;02995;Cars/13-49p;Cars/13-49p/337.csv
train;Cars;02996;Cars/13-49p;Cars/13-49p/338.csv
train;Cars;02999;Cars/13-54;Cars/13-54/002.csv
train;Cars;03000;Cars/13-54;Cars/13-54/003.csv
train;Cars;03004;Cars/13-54;Cars/13-54/007.csv
train;Cars;03005;Cars/13-54;Cars/13-54/008.csv
train;Cars;03006;Cars/13-54;Cars/13-54/009.csv
train;Cars;03007;Cars/13-54;Cars/13-54/010.csv
train;Cars;03009;Cars/13-54;Cars/13-54/012.csv
train;Cars;03010;Cars/13-54;Cars/13-54/013.csv
train;Cars;03011;Cars/13-54;Cars/13-54/014.csv
train;Cars;03013;Cars/13-54;Cars/13-54/016.csv
train;Cars;03016;Cars/13-54;Cars/13-54/019.csv
train;Cars;03017;Cars/13-54;Cars/13-54/020.csv
train;Cars;03019;Cars/13-54;Cars/13-54/022.csv
train;Cars;03020;Cars/13-54;Cars/13-54/023.csv
train;Cars;03021;Cars/13-54;Cars/13-54/024.csv
train;Cars;03022;Cars/13-54;Cars/13-54/025.csv
train;Cars;03023;Cars/13-54;Cars/13-54/026.csv
train;Cars;03024;Cars/13-54;Cars/13-54/027.csv
train;Cars;03025;Cars/13-54;Cars/13-54/028.csv
train;Cars;03026;Cars/13-54;Cars/13-54/029.csv
train;Cars;03028;Cars/13-54;Cars/13-54/031.csv
train;Cars;03029;Cars/13-54;Cars/13-54/032.csv
train;Cars;03030;Cars/13-54;Cars/13-54/033.csv
train;Cars;03031;Cars/13-54;Cars/13-54/034.csv
train;Cars;03032;Cars/13-54;Cars/13-54/035.csv
train;Cars;03033;Cars/13-54;Cars/13-54/036.csv
train;Cars;03035;Cars/13-54;Cars/13-54/038.csv
train;Cars;03036;Cars/13-54;Cars/13-54/039.csv
train;Cars;03037;Cars/13-54;Cars/13-54/040.csv
train;Cars;03038;Cars/13-54;Cars/13-54/041.csv
train;Cars;03041;Cars/13-54;Cars/13-54/044.csv
train;Cars;03042;Cars/13-54;Cars/13-54/045.csv
train;Cars;03043;Cars/13-54;Cars/13-54/046.csv
train;Cars;03044;Cars/13-54;Cars/13-54/047.csv
train;Cars;03046;Cars/13-54;Cars/13-54/049.csv
train;Cars;03047;Cars/13-54;Cars/13-54/050.csv
train;Cars;03048;Cars/13-54;Cars/13-54/051.csv
train;Cars;03051;Cars/13-54;Cars/13-54/054.csv
train;Cars;03052;Cars/13-54;Cars/13-54/055.csv
train;Cars;03053;Cars/13-54;Cars/13-54/056.csv
train;Cars;03054;Cars/15-37;Cars/15-37/001.csv
train;Cars;03055;Cars/15-37;Cars/15-37/002.csv
train;Cars;03056;Cars/15-37;Cars/15-37/003.csv
train;Cars;03057;Cars/15-37;Cars/15-37/004.csv
train;Cars;03058;Cars/15-37;Cars/15-37/005.csv
train;Cars;03059;Cars/15-37;Cars/15-37/006.csv
train;Cars;03060;Cars/15-37;Cars/15-37/007.csv
train;Cars;03061;Cars/15-37;Cars/15-37/008.csv
train;Cars;03062;Cars/15-37;Cars/15-37/009.csv
train;Cars;03063;Cars/15-37;Cars/15-37/010.csv
train;Cars;03064;Cars/15-37;Cars/15-37/011.csv
train;Cars;03065;Cars/15-37;Cars/15-37/012.csv
train;Cars;03066;Cars/15-37;Cars/15-37/013.csv
train;Cars;03067;Cars/15-37;Cars/15-37/014.csv
train;Cars;03068;Cars/15-37;Cars/15-37/015.csv
train;Cars;03069;Cars/15-37;Cars/15-37/016.csv
train;Cars;03070;Cars/15-37;Cars/15-37/017.csv
train;Cars;03073;Cars/15-37;Cars/15-37/020.csv
train;Cars;03074;Cars/15-37;Cars/15-37/021.csv
train;Cars;03075;Cars/15-37;Cars/15-37/022.csv
train;Cars;03077;Cars/15-37;Cars/15-37/024.csv
train;Cars;03079;Cars/15-37;Cars/15-37/026.csv
train;Cars;03080;Cars/15-37;Cars/15-37/027.csv
train;Cars;03082;Cars/15-37;Cars/15-37/029.csv
train;Cars;03084;Cars/15-37;Cars/15-37/031.csv
train;Cars;03085;Cars/15-37;Cars/15-37/032.csv
train;Cars;03087;Cars/15-37;Cars/15-37/034.csv
train;Cars;03088;Cars/15-37;Cars/15-37/035.csv
train;Cars;03089;Cars/15-37;Cars/15-37/036.csv
train;Cars;03091;Cars/15-37;Cars/15-37/038.csv
train;Cars;03092;Cars/15-37;Cars/15-37/039.csv
train;Cars;03093;Cars/15-37;Cars/15-37/040.csv
train;Cars;03094;Cars/15-37;Cars/15-37/041.csv
train;Cars;03095;Cars/15-37;Cars/15-37/042.csv
train;Cars;03098;Cars/15-37;Cars/15-37/045.csv
train;Cars;03100;Cars/15-37;Cars/15-37/047.csv
train;Cars;03102;Cars/15-37;Cars/15-37/049.csv
train;Cars;03104;Cars/15-37;Cars/15-37/051.csv
train;Cars;03105;Cars/15-37;Cars/15-37/052.csv
train;Cars;03108;Cars/15-37;Cars/15-37/055.csv
train;Cars;03109;Cars/15-37;Cars/15-37/056.csv
train;Cars;03111;Cars/15-37;Cars/15-37/058.csv
train;Cars;03112;Cars/15-37;Cars/15-37/059.csv
train;Cars;03114;Cars/15-37;Cars/15-37/061.csv
train;Cars;03116;Cars/15-37;Cars/15-37/063.csv
train;Cars;03117;Cars/15-37;Cars/15-37/064.csv
train;Cars;03118;Cars/15-37;Cars/15-37/065.csv
train;Cars;03119;Cars/15-37;Cars/15-37/066.csv
train;Cars;03121;Cars/15-37;Cars/15-37/068.csv
train;Cars;03123;Cars/15-37;Cars/15-37/070.csv
train;Cars;03125;Cars/15-37;Cars/15-37/072.csv
train;Cars;03128;Cars/15-37;Cars/15-37/075.csv
train;Cars;03129;Cars/15-37;Cars/15-37/076.csv
train;Cars;03130;Cars/15-37;Cars/15-37/077.csv
train;Cars;03132;Cars/15-37;Cars/15-37/079.csv
train;Cars;03135;Cars/15-37;Cars/15-37/082.csv
train;Cars;03137;Cars/15-37;Cars/15-37/084.csv
train;Cars;03139;Cars/15-37;Cars/15-37/086.csv
train;Cars;03141;Cars/15-37;Cars/15-37/088.csv
train;Cars;03142;Cars/15-37;Cars/15-37/089.csv
train;Cars;03144;Cars/15-37;Cars/15-37/091.csv
train;Cars;03145;Cars/15-37;Cars/15-37/092.csv
train;Cars;03147;Cars/15-37;Cars/15-37/094.csv
train;Cars;03148;Cars/15-37;Cars/15-37/095.csv
train;Cars;03151;Cars/15-37;Cars/15-37/098.csv
train;Cars;03152;Cars/15-37;Cars/15-37/099.csv
train;Cars;03153;Cars/15-37;Cars/15-37/100.csv
train;Cars;03154;Cars/15-37;Cars/15-37/101.csv
train;Cars;03156;Cars/15-37;Cars/15-37/103.csv
train;Cars;03157;Cars/15-37;Cars/15-37/104.csv
train;Cars;03158;Cars/15-37;Cars/15-37/105.csv
train;Cars;03161;Cars/15-37;Cars/15-37/108.csv
train;Cars;03162;Cars/15-37;Cars/15-37/109.csv
train;Cars;03165;Cars/15-37;Cars/15-37/112.csv
train;Cars;03168;Cars/15-37;Cars/15-37/115.csv
train;Cars;03171;Cars/15-37;Cars/15-37/118.csv
train;Cars;03172;Cars/15-37;Cars/15-37/119.csv
train;Cars;03173;Cars/15-37;Cars/15-37/120.csv
train;Cars;03174;Cars/15-37;Cars/15-37/121.csv
train;Cars;03175;Cars/15-37;Cars/15-37/122.csv
train;Cars;03176;Cars/15-37;Cars/15-37/123.csv
train;Cars;03178;Cars/15-37;Cars/15-37/125.csv
train;Cars;03179;Cars/15-37;Cars/15-37/126.csv
train;Cars;03180;Cars/15-37;Cars/15-37/127.csv
train;Cars;03181;Cars/15-37;Cars/15-37/128.csv
train;Cars;03184;Cars/15-37;Cars/15-37/131.csv
train;Cars;03187;Cars/15-37;Cars/15-37/134.csv
train;Cars;03188;Cars/15-37;Cars/15-37/135.csv
train;Cars;03189;Cars/15-37;Cars/15-37/136.csv
train;Cars;03190;Cars/15-37;Cars/15-37/137.csv
train;Cars;03191;Cars/15-37;Cars/15-37/138.csv
train;Cars;03192;Cars/15-37;Cars/15-37/139.csv
train;Cars;03193;Cars/15-37;Cars/15-37/140.csv
train;Cars;03195;Cars/15-37;Cars/15-37/142.csv
train;Cars;03196;Cars/15-37;Cars/15-37/143.csv
train;Cars;03198;Cars/15-37;Cars/15-37/145.csv
train;Cars;03199;Cars/15-37;Cars/15-37/146.csv
train;Cars;03201;Cars/15-37;Cars/15-37/148.csv
train;Cars;03202;Cars/15-37;Cars/15-37/149.csv
train;Cars;03203;Cars/15-37;Cars/15-37/150.csv
train;Cars;03204;Cars/15-37;Cars/15-37/151.csv
train;Cars;03206;Cars/15-37;Cars/15-37/153.csv
train;Cars;03208;Cars/15-37;Cars/15-37/155.csv
train;Cars;03209;Cars/15-37;Cars/15-37/156.csv
train;Cars;03212;Cars/15-37;Cars/15-37/159.csv
train;Cars;03213;Cars/15-37;Cars/15-37/160.csv
train;Cars;03214;Cars/15-37;Cars/15-37/161.csv
train;Cars;03216;Cars/15-37;Cars/15-37/163.csv
train;Cars;03217;Cars/15-37;Cars/15-37/164.csv
train;Cars;03219;Cars/15-37;Cars/15-37/166.csv
train;Cars;03220;Cars/15-37;Cars/15-37/167.csv
train;Cars;03221;Cars/15-37;Cars/15-37/168.csv
train;Cars;03223;Cars/15-37;Cars/15-37/170.csv
train;Cars;03224;Cars/15-37;Cars/15-37/171.csv
train;Cars;03225;Cars/15-37;Cars/15-37/172.csv
train;Cars;03226;Cars/15-37;Cars/15-37/173.csv
train;Cars;03228;Cars/15-37;Cars/15-37/175.csv
train;Cars;03229;Cars/15-37;Cars/15-37/176.csv
train;Cars;03230;Cars/15-37;Cars/15-37/177.csv
train;Cars;03231;Cars/15-37;Cars/15-37/178.csv
train;Cars;03232;Cars/15-37;Cars/15-37/179.csv
train;Cars;03233;Cars/15-37;Cars/15-37/180.csv
train;Cars;03234;Cars/15-37;Cars/15-37/181.csv
train;Cars;03235;Cars/15-37;Cars/15-37/182.csv
train;Cars;03237;Cars/15-37;Cars/15-37/184.csv
train;Cars;03239;Cars/15-37;Cars/15-37/186.csv
train;Cars;03240;Cars/15-37;Cars/15-37/187.csv
train;Cars;03242;Cars/15-37;Cars/15-37/189.csv
train;Cars;03243;Cars/15-37;Cars/15-37/190.csv
train;Cars;03244;Cars/15-37;Cars/15-37/191.csv
train;Cars;03245;Cars/15-37;Cars/15-37/192.csv
train;Cars;03246;Cars/15-37;Cars/15-37/193.csv
train;Cars;03248;Cars/15-37;Cars/15-37/195.csv
train;Cars;03250;Cars/15-37;Cars/15-37/197.csv
train;Cars;03252;Cars/15-37;Cars/15-37/199.csv
train;Cars;03253;Cars/15-37;Cars/15-37/200.csv
train;Cars;03255;Cars/15-37;Cars/15-37/202.csv
train;Cars;03256;Cars/15-37;Cars/15-37/203.csv
train;Cars;03257;Cars/15-37;Cars/15-37/204.csv
train;Cars;03258;Cars/15-37;Cars/15-37/205.csv
train;Cars;03259;Cars/15-37;Cars/15-37/206.csv
train;Cars;03262;Cars/15-37;Cars/15-37/209.csv
train;Cars;03263;Cars/15-37;Cars/15-37/210.csv
train;Cars;03264;Cars/15-37;Cars/15-37/211.csv
train;Cars;03265;Cars/15-37;Cars/15-37/212.csv
train;Cars;03266;Cars/15-37;Cars/15-37/213.csv
train;Cars;03267;Cars/15-37;Cars/15-37/214.csv
train;Cars;03268;Cars/15-37;Cars/15-37/215.csv
train;Cars;03270;Cars/15-37;Cars/15-37/217.csv
train;Cars;03271;Cars/15-37;Cars/15-37/218.csv
train;Cars;03272;Cars/15-37;Cars/15-37/219.csv
train;Cars;03273;Cars/15-37;Cars/15-37/220.csv
train;Cars;03274;Cars/15-37;Cars/15-37/221.csv
train;Cars;03276;Cars/15-37;Cars/15-37/223.csv
train;Cars;03277;Cars/15-37;Cars/15-37/224.csv
train;Cars;03278;Cars/15-37;Cars/15-37/225.csv
train;Cars;03279;Cars/15-37;Cars/15-37/226.csv
train;Cars;03280;Cars/15-37;Cars/15-37/227.csv
train;Cars;03281;Cars/15-37;Cars/15-37/228.csv
train;Cars;03282;Cars/15-37;Cars/15-37/229.csv
train;Cars;03283;Cars/15-37;Cars/15-37/230.csv
train;Cars;03284;Cars/15-37;Cars/15-37/231.csv
train;Cars;03285;Cars/15-37;Cars/15-37/232.csv
train;Cars;03286;Cars/15-37;Cars/15-37/233.csv
train;Cars;03287;Cars/15-37;Cars/15-37/234.csv
train;Cars;03288;Cars/15-37;Cars/15-37/235.csv
train;Cars;03290;Cars/15-37;Cars/15-37/237.csv
train;Cars;03292;Cars/15-37;Cars/15-37/239.csv
train;Cars;03293;Cars/15-37;Cars/15-37/240.csv
train;Cars;03294;Cars/15-37;Cars/15-37/241.csv
train;Cars;03295;Cars/15-37;Cars/15-37/242.csv
train;Cars;03296;Cars/15-37p;Cars/15-37p/001.csv
train;Cars;03298;Cars/15-37p;Cars/15-37p/003.csv
train;Cars;03299;Cars/15-37p;Cars/15-37p/004.csv
train;Cars;03300;Cars/15-37p;Cars/15-37p/005.csv
train;Cars;03301;Cars/15-37p;Cars/15-37p/006.csv
train;Cars;03302;Cars/15-37p;Cars/15-37p/007.csv
train;Cars;03303;Cars/15-37p;Cars/15-37p/008.csv
train;Cars;03304;Cars/15-37p;Cars/15-37p/009.csv
train;Cars;03305;Cars/15-37p;Cars/15-37p/010.csv
train;Cars;03306;Cars/15-37p;Cars/15-37p/011.csv
train;Cars;03307;Cars/15-37p;Cars/15-37p/012.csv
train;Cars;03309;Cars/15-37p;Cars/15-37p/014.csv
train;Cars;03311;Cars/15-37p;Cars/15-37p/016.csv
train;Cars;03313;Cars/15-37p;Cars/15-37p/018.csv
train;Cars;03314;Cars/15-37p;Cars/15-37p/019.csv
train;Cars;03315;Cars/15-37p;Cars/15-37p/020.csv
train;Cars;03316;Cars/15-37p;Cars/15-37p/021.csv
train;Cars;03317;Cars/15-37p;Cars/15-37p/022.csv
train;Cars;03322;Cars/15-37p;Cars/15-37p/027.csv
train;Cars;03324;Cars/15-37p;Cars/15-37p/029.csv
train;Cars;03325;Cars/15-37p;Cars/15-37p/030.csv
train;Cars;03326;Cars/15-37p;Cars/15-37p/031.csv
train;Cars;03328;Cars/15-37p;Cars/15-37p/033.csv
train;Cars;03329;Cars/15-37p;Cars/15-37p/034.csv
train;Cars;03330;Cars/15-37p;Cars/15-37p/035.csv
train;Cars;03331;Cars/15-37p;Cars/15-37p/036.csv
train;Cars;03332;Cars/15-37p;Cars/15-37p/037.csv
train;Cars;03333;Cars/15-37p;Cars/15-37p/038.csv
train;Cars;03334;Cars/15-37p;Cars/15-37p/039.csv
train;Cars;03335;Cars/15-37p;Cars/15-37p/040.csv
train;Cars;03336;Cars/15-37p;Cars/15-37p/041.csv
train;Cars;03339;Cars/15-37p;Cars/15-37p/044.csv
train;Cars;03340;Cars/15-37p;Cars/15-37p/045.csv
train;Cars;03343;Cars/15-37p;Cars/15-37p/048.csv
train;Cars;03344;Cars/15-37p;Cars/15-37p/049.csv
train;Cars;03345;Cars/15-37p;Cars/15-37p/050.csv
train;Cars;03346;Cars/15-37p;Cars/15-37p/051.csv
train;Cars;03348;Cars/15-37p;Cars/15-37p/053.csv
train;Cars;03349;Cars/15-37p;Cars/15-37p/054.csv
train;Cars;03351;Cars/15-37p;Cars/15-37p/056.csv
train;Cars;03352;Cars/15-37p;Cars/15-37p/057.csv
train;Cars;03355;Cars/15-37p;Cars/15-37p/060.csv
train;Cars;03357;Cars/15-37p;Cars/15-37p/062.csv
train;Cars;03358;Cars/15-37p;Cars/15-37p/063.csv
train;Cars;03359;Cars/15-37p;Cars/15-37p/064.csv
train;Cars;03360;Cars/15-37p;Cars/15-37p/065.csv
train;Cars;03361;Cars/15-37p;Cars/15-37p/066.csv
train;Cars;03363;Cars/15-37p;Cars/15-37p/068.csv
train;Cars;03364;Cars/15-37p;Cars/15-37p/069.csv
train;Cars;03365;Cars/15-37p;Cars/15-37p/070.csv
train;Cars;03366;Cars/15-37p;Cars/15-37p/071.csv
train;Cars;03368;Cars/15-37p;Cars/15-37p/073.csv
train;Cars;03369;Cars/15-37p;Cars/15-37p/074.csv
train;Cars;03370;Cars/15-37p;Cars/15-37p/075.csv
train;Cars;03372;Cars/15-37p;Cars/15-37p/077.csv
train;Cars;03373;Cars/15-37p;Cars/15-37p/078.csv
train;Cars;03374;Cars/15-37p;Cars/15-37p/079.csv
train;Cars;03375;Cars/15-37p;Cars/15-37p/080.csv
train;Cars;03377;Cars/15-37p;Cars/15-37p/082.csv
train;Cars;03378;Cars/15-37p;Cars/15-37p/083.csv
train;Cars;03379;Cars/15-37p;Cars/15-37p/084.csv
train;Cars;03380;Cars/15-37p;Cars/15-37p/085.csv
train;Cars;03381;Cars/15-37p;Cars/15-37p/086.csv
train;Cars;03382;Cars/15-37p;Cars/15-37p/087.csv
train;Cars;03383;Cars/15-37p;Cars/15-37p/088.csv
train;Cars;03384;Cars/15-37p;Cars/15-37p/089.csv
train;Cars;03385;Cars/15-37p;Cars/15-37p/090.csv
train;Cars;03386;Cars/15-37p;Cars/15-37p/091.csv
train;Cars;03387;Cars/15-37p;Cars/15-37p/092.csv
train;Cars;03388;Cars/15-37p;Cars/15-37p/093.csv
train;Cars;03390;Cars/15-37p;Cars/15-37p/095.csv
train;Cars;03391;Cars/15-37p;Cars/15-37p/096.csv
train;Cars;03392;Cars/15-37p;Cars/15-37p/097.csv
train;Cars;03395;Cars/15-37p;Cars/15-37p/100.csv
train;Cars;03396;Cars/15-37p;Cars/15-37p/101.csv
train;Cars;03398;Cars/15-37p;Cars/15-37p/103.csv
train;Cars;03399;Cars/15-37p;Cars/15-37p/104.csv
train;Cars;03400;Cars/15-37p;Cars/15-37p/105.csv
train;Cars;03402;Cars/15-37p;Cars/15-37p/107.csv
train;Cars;03404;Cars/15-37p;Cars/15-37p/109.csv
train;Cars;03406;Cars/15-37p;Cars/15-37p/111.csv
train;Cars;03407;Cars/15-37p;Cars/15-37p/112.csv
train;Cars;03409;Cars/15-37p;Cars/15-37p/114.csv
train;Cars;03411;Cars/15-37p;Cars/15-37p/116.csv
train;Cars;03412;Cars/15-37p;Cars/15-37p/117.csv
train;Cars;03414;Cars/15-37p;Cars/15-37p/119.csv
train;Cars;03415;Cars/15-37p;Cars/15-37p/120.csv
train;Cars;03416;Cars/15-37p;Cars/15-37p/121.csv
train;Cars;03417;Cars/15-37p;Cars/15-37p/122.csv
train;Cars;03418;Cars/15-37p;Cars/15-37p/123.csv
train;Cars;03420;Cars/15-37p;Cars/15-37p/125.csv
train;Cars;03421;Cars/15-37p;Cars/15-37p/126.csv
train;Cars;03422;Cars/15-37p;Cars/15-37p/127.csv
train;Cars;03423;Cars/15-37p;Cars/15-37p/128.csv
train;Cars;03424;Cars/15-42;Cars/15-42/001.csv
train;Cars;03426;Cars/15-42;Cars/15-42/003.csv
train;Cars;03427;Cars/15-42;Cars/15-42/004.csv
train;Cars;03428;Cars/15-42;Cars/15-42/005.csv
train;Cars;03430;Cars/15-42;Cars/15-42/007.csv
train;Cars;03431;Cars/15-42;Cars/15-42/008.csv
train;Cars;03432;Cars/15-42;Cars/15-42/009.csv
train;Cars;03433;Cars/15-42;Cars/15-42/010.csv
train;Cars;03437;Cars/15-42;Cars/15-42/014.csv
train;Cars;03438;Cars/15-42;Cars/15-42/015.csv
train;Cars;03439;Cars/15-42;Cars/15-42/016.csv
train;Cars;03440;Cars/15-42;Cars/15-42/017.csv
train;Cars;03441;Cars/15-42;Cars/15-42/018.csv
train;Cars;03442;Cars/15-42;Cars/15-42/019.csv
train;Cars;03445;Cars/15-42;Cars/15-42/022.csv
train;Cars;03446;Cars/15-42;Cars/15-42/023.csv
train;Cars;03447;Cars/15-42;Cars/15-42/024.csv
train;Cars;03448;Cars/15-42;Cars/15-42/025.csv
train;Cars;03449;Cars/15-42;Cars/15-42/026.csv
train;Cars;03450;Cars/15-42;Cars/15-42/027.csv
train;Cars;03451;Cars/15-42;Cars/15-42/028.csv
train;Cars;03452;Cars/15-42;Cars/15-42/029.csv
train;Cars;03453;Cars/15-42;Cars/15-42/030.csv
train;Cars;03454;Cars/15-42;Cars/15-42/031.csv
train;Cars;03456;Cars/15-42;Cars/15-42/033.csv
train;Cars;03458;Cars/15-42;Cars/15-42/035.csv
train;Cars;03462;Cars/15-42;Cars/15-42/039.csv
train;Cars;03463;Cars/15-42;Cars/15-42/040.csv
train;Cars;03466;Cars/15-42;Cars/15-42/043.csv
train;Cars;03467;Cars/15-42;Cars/15-42/044.csv
train;Cars;03468;Cars/15-42;Cars/15-42/045.csv
train;Cars;03470;Cars/15-42;Cars/15-42/047.csv
train;Cars;03471;Cars/15-42;Cars/15-42/048.csv
train;Cars;03472;Cars/15-42;Cars/15-42/049.csv
train;Cars;03473;Cars/15-42;Cars/15-42/050.csv
train;Cars;03475;Cars/15-42;Cars/15-42/052.csv
train;Cars;03476;Cars/15-42;Cars/15-42/053.csv
train;Cars;03477;Cars/15-42;Cars/15-42/054.csv
train;Cars;03478;Cars/15-42;Cars/15-42/055.csv
train;Cars;03479;Cars/15-42;Cars/15-42/056.csv
train;Cars;03481;Cars/15-42;Cars/15-42/058.csv
train;Cars;03482;Cars/15-42;Cars/15-42/059.csv
train;Cars;03484;Cars/15-42;Cars/15-42/061.csv
train;Cars;03485;Cars/15-42;Cars/15-42/062.csv
train;Cars;03486;Cars/15-42;Cars/15-42/063.csv
train;Cars;03487;Cars/15-42;Cars/15-42/064.csv
train;Cars;03489;Cars/15-42;Cars/15-42/066.csv
train;Cars;03490;Cars/15-42;Cars/15-42/067.csv
train;Cars;03491;Cars/15-42;Cars/15-42/068.csv
train;Cars;03493;Cars/15-42;Cars/15-42/070.csv
train;Cars;03496;Cars/15-42;Cars/15-42/073.csv
train;Cars;03497;Cars/15-42;Cars/15-42/074.csv
train;Cars;03499;Cars/15-42;Cars/15-42/076.csv
train;Cars;03500;Cars/15-42;Cars/15-42/077.csv
train;Cars;03501;Cars/15-42;Cars/15-42/078.csv
train;Cars;03502;Cars/15-42;Cars/15-42/079.csv
train;Cars;03503;Cars/15-42;Cars/15-42/080.csv
train;Cars;03504;Cars/15-42;Cars/15-42/081.csv
train;Cars;03505;Cars/15-42;Cars/15-42/082.csv
train;Cars;03507;Cars/15-42;Cars/15-42/084.csv
train;Cars;03508;Cars/15-42;Cars/15-42/085.csv
train;Cars;03509;Cars/15-42;Cars/15-42/086.csv
train;Cars;03511;Cars/15-42;Cars/15-42/088.csv
train;Cars;03512;Cars/15-42;Cars/15-42/089.csv
train;Cars;03513;Cars/15-42;Cars/15-42/090.csv
train;Cars;03515;Cars/15-42;Cars/15-42/092.csv
train;Cars;03517;Cars/15-42;Cars/15-42/094.csv
train;Cars;03518;Cars/15-42;Cars/15-42/095.csv
train;Cars;03520;Cars/15-42;Cars/15-42/097.csv
train;Cars;03522;Cars/15-42;Cars/15-42/099.csv
train;Cars;03523;Cars/15-42;Cars/15-42/100.csv
train;Cars;03526;Cars/15-42;Cars/15-42/103.csv
train;Cars;03527;Cars/15-42;Cars/15-42/104.csv
train;Cars;03528;Cars/15-42;Cars/15-42/105.csv
train;Cars;03529;Cars/15-42;Cars/15-42/106.csv
train;Cars;03530;Cars/15-42;Cars/15-42/107.csv
train;Cars;03531;Cars/15-42;Cars/15-42/108.csv
train;Cars;03532;Cars/15-42;Cars/15-42/109.csv
train;Cars;03533;Cars/15-42;Cars/15-42/110.csv
train;Cars;03534;Cars/15-42;Cars/15-42/111.csv
train;Cars;03536;Cars/15-42;Cars/15-42/113.csv
train;Cars;03537;Cars/15-42;Cars/15-42/114.csv
train;Cars;03538;Cars/15-42;Cars/15-42/115.csv
train;Cars;03541;Cars/15-42;Cars/15-42/118.csv
train;Cars;03542;Cars/15-42;Cars/15-42/119.csv
train;Cars;03543;Cars/15-42;Cars/15-42/120.csv
train;Cars;03545;Cars/15-42;Cars/15-42/122.csv
train;Cars;03547;Cars/15-42;Cars/15-42/124.csv
train;Cars;03549;Cars/15-42;Cars/15-42/126.csv
train;Cars;03550;Cars/15-42;Cars/15-42/127.csv
train;Cars;03551;Cars/15-42;Cars/15-42/128.csv
train;Cars;03553;Cars/15-42;Cars/15-42/130.csv
train;Cars;03554;Cars/15-42;Cars/15-42/131.csv
train;Cars;03555;Cars/15-42;Cars/15-42/132.csv
train;Cars;03556;Cars/15-42;Cars/15-42/133.csv
train;Cars;03557;Cars/15-42;Cars/15-42/134.csv
train;Cars;03559;Cars/15-42;Cars/15-42/136.csv
train;Cars;03562;Cars/15-42;Cars/15-42/139.csv
train;Cars;03564;Cars/15-42;Cars/15-42/141.csv
train;Cars;03565;Cars/15-42;Cars/15-42/142.csv
train;Cars;03566;Cars/15-42;Cars/15-42/143.csv
train;Cars;03567;Cars/15-42;Cars/15-42/144.csv
train;Cars;03569;Cars/15-42;Cars/15-42/146.csv
train;Cars;03570;Cars/15-42;Cars/15-42/147.csv
train;Cars;03572;Cars/15-42;Cars/15-42/149.csv
train;Cars;03573;Cars/15-42;Cars/15-42/150.csv
train;Cars;03574;Cars/15-42;Cars/15-42/151.csv
train;Cars;03575;Cars/15-42;Cars/15-42/152.csv
train;Cars;03576;Cars/15-42;Cars/15-42/153.csv
train;Cars;03578;Cars/15-42;Cars/15-42/155.csv
train;Cars;03579;Cars/15-42;Cars/15-42/156.csv
train;Cars;03580;Cars/15-42;Cars/15-42/157.csv
train;Cars;03582;Cars/15-42;Cars/15-42/159.csv
train;Cars;03583;Cars/15-42;Cars/15-42/160.csv
train;Cars;03584;Cars/15-42;Cars/15-42/161.csv
train;Cars;03585;Cars/15-42;Cars/15-42/162.csv
train;Cars;03587;Cars/15-42;Cars/15-42/164.csv
train;Cars;03588;Cars/15-42;Cars/15-42/165.csv
train;Cars;03590;Cars/15-42;Cars/15-42/167.csv
train;Cars;03592;Cars/15-42;Cars/15-42/169.csv
train;Cars;03593;Cars/15-42;Cars/15-42/170.csv
train;Cars;03594;Cars/15-42;Cars/15-42/171.csv
train;Cars;03595;Cars/15-42;Cars/15-42/172.csv
train;Cars;03596;Cars/15-42;Cars/15-42/173.csv
train;Cars;03597;Cars/15-42;Cars/15-42/174.csv
train;Cars;03598;Cars/15-42;Cars/15-42/175.csv
train;Cars;03599;Cars/15-42;Cars/15-42/176.csv
train;Cars;03600;Cars/15-42;Cars/15-42/177.csv
train;Cars;03601;Cars/15-42;Cars/15-42/178.csv
train;Cars;03603;Cars/15-42;Cars/15-42/180.csv
train;Cars;03605;Cars/15-42;Cars/15-42/182.csv
train;Cars;03607;Cars/15-42;Cars/15-42/184.csv
train;Cars;03609;Cars/15-42;Cars/15-42/186.csv
train;Cars;03610;Cars/15-42p;Cars/15-42p/001.csv
train;Cars;03611;Cars/15-42p;Cars/15-42p/002.csv
train;Cars;03612;Cars/15-42p;Cars/15-42p/003.csv
train;Cars;03613;Cars/15-42p;Cars/15-42p/004.csv
train;Cars;03618;Cars/15-42p;Cars/15-42p/009.csv
train;Cars;03619;Cars/15-42p;Cars/15-42p/010.csv
train;Cars;03620;Cars/15-42p;Cars/15-42p/011.csv
train;Cars;03621;Cars/15-42p;Cars/15-42p/012.csv
train;Cars;03622;Cars/15-42p;Cars/15-42p/013.csv
train;Cars;03624;Cars/15-42p;Cars/15-42p/015.csv
train;Cars;03625;Cars/15-42p;Cars/15-42p/016.csv
train;Cars;03627;Cars/15-42p;Cars/15-42p/018.csv
train;Cars;03628;Cars/15-42p;Cars/15-42p/019.csv
train;Cars;03630;Cars/15-42p;Cars/15-42p/021.csv
train;Cars;03631;Cars/15-42p;Cars/15-42p/022.csv
train;Cars;03632;Cars/15-42p;Cars/15-42p/023.csv
train;Cars;03634;Cars/15-42p;Cars/15-42p/025.csv
train;Cars;03635;Cars/15-42p;Cars/15-42p/026.csv
train;Cars;03636;Cars/15-42p;Cars/15-42p/027.csv
train;Cars;03637;Cars/15-42p;Cars/15-42p/028.csv
train;Cars;03638;Cars/15-42p;Cars/15-42p/029.csv
train;Cars;03639;Cars/15-42p;Cars/15-42p/030.csv
train;Cars;03640;Cars/15-42p;Cars/15-42p/031.csv
train;Cars;03641;Cars/15-42p;Cars/15-42p/032.csv
train;Cars;03643;Cars/15-42p;Cars/15-42p/034.csv
train;Cars;03644;Cars/15-42p;Cars/15-42p/035.csv
train;Cars;03645;Cars/15-42p;Cars/15-42p/036.csv
train;Cars;03646;Cars/15-42p;Cars/15-42p/037.csv
train;Cars;03648;Cars/15-42p;Cars/15-42p/039.csv
train;Cars;03651;Cars/15-42p;Cars/15-42p/042.csv
train;Cars;03652;Cars/15-42p;Cars/15-42p/043.csv
train;Cars;03653;Cars/15-42p;Cars/15-42p/044.csv
train;Cars;03654;Cars/15-42p;Cars/15-42p/045.csv
train;Cars;03655;Cars/15-42p;Cars/15-42p/046.csv
train;Cars;03656;Cars/15-42p;Cars/15-42p/047.csv
train;Cars;03657;Cars/15-42p;Cars/15-42p/048.csv
train;Cars;03658;Cars/15-42p;Cars/15-42p/049.csv
train;Cars;03660;Cars/15-42p;Cars/15-42p/051.csv
train;Cars;03661;Cars/15-42p;Cars/15-42p/052.csv
train;Cars;03664;Cars/15-42p;Cars/15-42p/055.csv
train;Cars;03666;Cars/15-42p;Cars/15-42p/057.csv
train;Cars;03667;Cars/15-42p;Cars/15-42p/058.csv
train;Cars;03668;Cars/15-42p;Cars/15-42p/059.csv
train;Cars;03669;Cars/15-42p;Cars/15-42p/060.csv
train;Cars;03671;Cars/15-42p;Cars/15-42p/062.csv
train;Cars;03672;Cars/15-42p;Cars/15-42p/063.csv
train;Cars;03673;Cars/15-42p;Cars/15-42p/064.csv
train;Cars;03674;Cars/15-42p;Cars/15-42p/065.csv
train;Cars;03675;Cars/15-42p;Cars/15-42p/066.csv
train;Cars;03676;Cars/15-42p;Cars/15-42p/067.csv
train;Cars;03677;Cars/15-42p;Cars/15-42p/068.csv
train;Cars;03678;Cars/15-42p;Cars/15-42p/069.csv
train;Cars;03679;Cars/15-42p;Cars/15-42p/070.csv
train;Cars;03682;Cars/15-42p;Cars/15-42p/073.csv
train;Cars;03684;Cars/15-42p;Cars/15-42p/075.csv
train;Cars;03687;Cars/15-42p;Cars/15-42p/078.csv
train;Cars;03688;Cars/15-42p;Cars/15-42p/079.csv
train;Cars;03689;Cars/15-42p;Cars/15-42p/080.csv
train;Cars;03690;Cars/15-42p;Cars/15-42p/081.csv
train;Cars;03691;Cars/15-42p;Cars/15-42p/082.csv
train;Cars;03692;Cars/15-42p;Cars/15-42p/083.csv
train;Cars;03694;Cars/15-42p;Cars/15-42p/085.csv
train;Cars;03695;Cars/15-42p;Cars/15-42p/086.csv
train;Cars;03696;Cars/15-42p;Cars/15-42p/087.csv
train;Cars;03697;Cars/15-42p;Cars/15-42p/088.csv
train;Cars;03700;Cars/15-42p;Cars/15-42p/091.csv
train;Cars;03701;Cars/15-42p;Cars/15-42p/092.csv
train;Cars;03702;Cars/15-42p;Cars/15-42p/093.csv
train;Cars;03703;Cars/15-42p;Cars/15-42p/094.csv
train;Cars;03704;Cars/15-42p;Cars/15-42p/095.csv
train;Cars;03706;Cars/15-42p;Cars/15-42p/097.csv
train;Cars;03707;Cars/15-42p;Cars/15-42p/098.csv
train;Cars;03708;Cars/15-42p;Cars/15-42p/099.csv
train;Cars;03709;Cars/15-42p;Cars/15-42p/100.csv
train;Cars;03710;Cars/15-42p;Cars/15-42p/101.csv
train;Cars;03712;Cars/15-42p;Cars/15-42p/103.csv
train;Cars;03713;Cars/15-42p;Cars/15-42p/104.csv
train;Cars;03714;Cars/15-42p;Cars/15-42p/105.csv
train;Cars;03715;Cars/15-42p;Cars/15-42p/106.csv
train;Cars;03716;Cars/15-42p;Cars/15-42p/107.csv
train;Cars;03717;Cars/15-42p;Cars/15-42p/108.csv
train;Cars;03718;Cars/15-42p;Cars/15-42p/109.csv
train;Cars;03719;Cars/15-42p;Cars/15-42p/110.csv
train;Cars;03720;Cars/15-42p;Cars/15-42p/111.csv
train;Cars;03721;Cars/15-42p;Cars/15-42p/112.csv
train;Cars;03724;Cars/15-42p;Cars/15-42p/115.csv
train;Cars;03726;Cars/15-42p;Cars/15-42p/117.csv
train;Cars;03727;Cars/15-42p;Cars/15-42p/118.csv
train;Cars;03728;Cars/15-42p;Cars/15-42p/119.csv
train;Cars;03730;Cars/15-42p;Cars/15-42p/121.csv
train;Cars;03731;Cars/15-42p;Cars/15-42p/122.csv
train;Cars;03736;Cars/15-42p;Cars/15-42p/127.csv
train;Cars;03737;Cars/15-42p;Cars/15-42p/128.csv
train;Cars;03738;Cars/15-42p;Cars/15-42p/129.csv
train;Cars;03739;Cars/15-42p;Cars/15-42p/130.csv
train;Cars;03741;Cars/15-42p;Cars/15-42p/132.csv
train;Cars;03742;Cars/15-42p;Cars/15-42p/133.csv
train;Cars;03744;Cars/15-42p;Cars/15-42p/135.csv
train;Cars;03745;Cars/15-42p;Cars/15-42p/136.csv
train;Cars;03747;Cars/15-42p;Cars/15-42p/138.csv
train;Cars;03748;Cars/15-42p;Cars/15-42p/139.csv
train;Cars;03749;Cars/15-42p;Cars/15-42p/140.csv
train;Cars;03751;Cars/15-42p;Cars/15-42p/142.csv
train;Cars;03752;Cars/15-42p;Cars/15-42p/143.csv
train;Cars;03753;Cars/15-42p;Cars/15-42p/144.csv
train;Cars;03755;Cars/15-42p;Cars/15-42p/146.csv
train;Cars;03756;Cars/15-42p;Cars/15-42p/147.csv
train;Cars;03757;Cars/15-42p;Cars/15-42p/148.csv
train;Cars;03759;Cars/15-42p;Cars/15-42p/150.csv
train;Cars;03760;Cars/15-42p;Cars/15-42p/151.csv
train;Cars;03761;Cars/15-42p;Cars/15-42p/152.csv
train;Cars;03762;Cars/15-42p;Cars/15-42p/153.csv
train;Cars;03763;Cars/15-42p;Cars/15-42p/154.csv
train;Cars;03764;Cars/15-42p;Cars/15-42p/155.csv
train;Cars;03767;Cars/15-42p;Cars/15-42p/158.csv
train;Cars;03770;Cars/15-42p;Cars/15-42p/161.csv
train;Cars;03772;Cars/15-48;Cars/15-48/002.csv
train;Cars;03773;Cars/15-48;Cars/15-48/003.csv
train;Cars;03774;Cars/15-48;Cars/15-48/004.csv
train;Cars;03775;Cars/15-48;Cars/15-48/005.csv
train;Cars;03776;Cars/15-48;Cars/15-48/006.csv
train;Cars;03777;Cars/15-48;Cars/15-48/007.csv
train;Cars;03778;Cars/15-48;Cars/15-48/008.csv
train;Cars;03779;Cars/15-48;Cars/15-48/009.csv
train;Cars;03783;Cars/15-48;Cars/15-48/013.csv
train;Cars;03784;Cars/15-48;Cars/15-48/014.csv
train;Cars;03785;Cars/15-48;Cars/15-48/015.csv
train;Cars;03786;Cars/15-48;Cars/15-48/016.csv
train;Cars;03787;Cars/15-48;Cars/15-48/017.csv
train;Cars;03789;Cars/15-48;Cars/15-48/019.csv
train;Cars;03790;Cars/15-48;Cars/15-48/020.csv
train;Cars;03792;Cars/15-48;Cars/15-48/022.csv
train;Cars;03793;Cars/15-48;Cars/15-48/023.csv
train;Cars;03795;Cars/15-48;Cars/15-48/025.csv
train;Cars;03797;Cars/15-48;Cars/15-48/027.csv
train;Cars;03798;Cars/15-48;Cars/15-48/028.csv
train;Cars;03799;Cars/15-48;Cars/15-48/029.csv
train;Cars;03803;Cars/15-48;Cars/15-48/033.csv
train;Cars;03805;Cars/15-48;Cars/15-48/035.csv
train;Cars;03806;Cars/15-48;Cars/15-48/036.csv
train;Cars;03808;Cars/15-48;Cars/15-48/038.csv
train;Cars;03809;Cars/15-48;Cars/15-48/039.csv
train;Cars;03810;Cars/15-48;Cars/15-48/040.csv
train;Cars;03811;Cars/15-48;Cars/15-48/041.csv
train;Cars;03812;Cars/15-48;Cars/15-48/042.csv
train;Cars;03813;Cars/15-48;Cars/15-48/043.csv
train;Cars;03814;Cars/15-48;Cars/15-48/044.csv
train;Cars;03815;Cars/15-48;Cars/15-48/045.csv
train;Cars;03817;Cars/15-48;Cars/15-48/047.csv
train;Cars;03818;Cars/15-48;Cars/15-48/048.csv
train;Cars;03819;Cars/15-48;Cars/15-48/049.csv
train;Cars;03820;Cars/15-48;Cars/15-48/050.csv
train;Cars;03821;Cars/15-48;Cars/15-48/051.csv
train;Cars;03823;Cars/15-48;Cars/15-48/053.csv
train;Cars;03824;Cars/15-48;Cars/15-48/054.csv
train;Cars;03825;Cars/15-48;Cars/15-48/055.csv
train;Cars;03829;Cars/15-48;Cars/15-48/059.csv
train;Cars;03831;Cars/15-48;Cars/15-48/061.csv
train;Cars;03834;Cars/15-48;Cars/15-48/064.csv
train;Cars;03835;Cars/15-48;Cars/15-48/065.csv
train;Cars;03838;Cars/15-48;Cars/15-48/068.csv
train;Cars;03841;Cars/15-48;Cars/15-48/071.csv
train;Cars;03842;Cars/15-48;Cars/15-48/072.csv
train;Cars;03844;Cars/15-48;Cars/15-48/074.csv
train;Cars;03846;Cars/15-48;Cars/15-48/076.csv
train;Cars;03847;Cars/15-48;Cars/15-48/077.csv
train;Cars;03848;Cars/15-48;Cars/15-48/078.csv
train;Cars;03849;Cars/15-48;Cars/15-48/079.csv
train;Cars;03850;Cars/15-48;Cars/15-48/080.csv
train;Cars;03851;Cars/15-48;Cars/15-48/081.csv
train;Cars;03852;Cars/15-48;Cars/15-48/082.csv
train;Cars;03854;Cars/15-48;Cars/15-48/084.csv
train;Cars;03855;Cars/15-48;Cars/15-48/085.csv
train;Cars;03856;Cars/15-48;Cars/15-48/086.csv
train;Cars;03857;Cars/15-48;Cars/15-48/087.csv
train;Cars;03859;Cars/15-48;Cars/15-48/089.csv
train;Cars;03860;Cars/15-48;Cars/15-48/090.csv
train;Cars;03861;Cars/15-48;Cars/15-48/091.csv
train;Cars;03862;Cars/15-48;Cars/15-48/092.csv
train;Cars;03864;Cars/15-48;Cars/15-48/094.csv
train;Cars;03865;Cars/15-48;Cars/15-48/095.csv
train;Cars;03869;Cars/15-48;Cars/15-48/099.csv
train;Cars;03873;Cars/15-48;Cars/15-48/103.csv
train;Cars;03874;Cars/15-48;Cars/15-48/104.csv
train;Cars;03875;Cars/15-48;Cars/15-48/105.csv
train;Cars;03876;Cars/15-48;Cars/15-48/106.csv
train;Cars;03877;Cars/15-48;Cars/15-48/107.csv
train;Cars;03878;Cars/15-48;Cars/15-48/108.csv
train;Cars;03881;Cars/15-48;Cars/15-48/111.csv
train;Cars;03882;Cars/15-48;Cars/15-48/112.csv
train;Cars;03883;Cars/15-48;Cars/15-48/113.csv
train;Cars;03884;Cars/15-48;Cars/15-48/114.csv
train;Cars;03885;Cars/15-48;Cars/15-48/115.csv
train;Cars;03887;Cars/15-48;Cars/15-48/117.csv
train;Cars;03889;Cars/15-48;Cars/15-48/119.csv
train;Cars;03891;Cars/15-48;Cars/15-48/121.csv
train;Cars;03894;Cars/15-48;Cars/15-48/124.csv
train;Cars;03895;Cars/15-48;Cars/15-48/125.csv
train;Cars;03896;Cars/15-48;Cars/15-48/126.csv
train;Cars;03897;Cars/15-48;Cars/15-48/127.csv
train;Cars;03898;Cars/15-48;Cars/15-48/128.csv
train;Cars;03899;Cars/15-48;Cars/15-48/129.csv
train;Cars;03900;Cars/15-48;Cars/15-48/130.csv
train;Cars;03901;Cars/15-48;Cars/15-48/131.csv
train;Cars;03902;Cars/15-48;Cars/15-48/132.csv
train;Cars;03903;Cars/15-48;Cars/15-48/133.csv
train;Cars;03904;Cars/15-48;Cars/15-48/134.csv
train;Cars;03906;Cars/15-48;Cars/15-48/136.csv
train;Cars;03909;Cars/15-48;Cars/15-48/139.csv
train;Cars;03912;Cars/15-48;Cars/15-48/142.csv
train;Cars;03913;Cars/15-48;Cars/15-48/143.csv
train;Cars;03914;Cars/15-48;Cars/15-48/144.csv
train;Cars;03917;Cars/15-48;Cars/15-48/147.csv
train;Cars;03918;Cars/15-48;Cars/15-48/148.csv
train;Cars;03920;Cars/15-48;Cars/15-48/150.csv
train;Cars;03921;Cars/15-48;Cars/15-48/151.csv
train;Cars;03922;Cars/15-48;Cars/15-48/152.csv
train;Cars;03924;Cars/15-48;Cars/15-48/154.csv
train;Cars;03925;Cars/15-48;Cars/15-48/155.csv
train;Cars;03926;Cars/15-48;Cars/15-48/156.csv
train;Cars;03929;Cars/15-48;Cars/15-48/159.csv
train;Cars;03930;Cars/15-48;Cars/15-48/160.csv
train;Cars;03931;Cars/15-48;Cars/15-48/161.csv
train;Cars;03933;Cars/15-48;Cars/15-48/163.csv
train;Cars;03934;Cars/15-48;Cars/15-48/164.csv
train;Cars;03936;Cars/15-48;Cars/15-48/166.csv
train;Cars;03938;Cars/15-48;Cars/15-48/168.csv
train;Cars;03940;Cars/15-48;Cars/15-48/170.csv
train;Cars;03941;Cars/15-48;Cars/15-48/171.csv
train;Cars;03942;Cars/15-48;Cars/15-48/172.csv
train;Cars;03943;Cars/15-48;Cars/15-48/173.csv
train;Cars;03944;Cars/15-48;Cars/15-48/174.csv
train;Cars;03945;Cars/15-48;Cars/15-48/175.csv
train;Cars;03946;Cars/15-48;Cars/15-48/176.csv
train;Cars;03947;Cars/15-48;Cars/15-48/177.csv
train;Cars;03948;Cars/15-48;Cars/15-48/178.csv
train;Cars;03949;Cars/15-48;Cars/15-48/179.csv
train;Cars;03950;Cars/15-48;Cars/15-48/180.csv
train;Cars;03952;Cars/15-48;Cars/15-48/182.csv
train;Cars;03953;Cars/15-48;Cars/15-48/183.csv
train;Cars;03954;Cars/15-48;Cars/15-48/184.csv
train;Cars;03955;Cars/15-48;Cars/15-48/185.csv
train;Cars;03956;Cars/15-48;Cars/15-48/186.csv
train;Cars;03958;Cars/15-48;Cars/15-48/188.csv
train;Cars;03959;Cars/15-48;Cars/15-48/189.csv
train;Cars;03960;Cars/15-48;Cars/15-48/190.csv
train;Cars;03962;Cars/15-48;Cars/15-48/192.csv
train;Cars;03963;Cars/15-48;Cars/15-48/193.csv
train;Cars;03964;Cars/15-48;Cars/15-48/194.csv
train;Cars;03965;Cars/15-48;Cars/15-48/195.csv
train;Cars;03966;Cars/15-48;Cars/15-48/196.csv
train;Cars;03967;Cars/15-48;Cars/15-48/197.csv
train;Cars;03968;Cars/15-48;Cars/15-48/198.csv
train;Cars;03970;Cars/15-48;Cars/15-48/200.csv
train;Cars;03971;Cars/15-48;Cars/15-48/201.csv
train;Cars;03972;Cars/15-48;Cars/15-48/202.csv
train;Cars;03973;Cars/15-48;Cars/15-48/203.csv
train;Cars;03975;Cars/15-48;Cars/15-48/205.csv
train;Cars;03976;Cars/15-48;Cars/15-48/206.csv
train;Cars;03977;Cars/15-48;Cars/15-48/207.csv
train;Cars;03979;Cars/15-48;Cars/15-48/209.csv
train;Cars;03982;Cars/15-48;Cars/15-48/212.csv
train;Cars;03984;Cars/15-48;Cars/15-48/214.csv
train;Cars;03985;Cars/15-48;Cars/15-48/215.csv
train;Cars;03986;Cars/15-48;Cars/15-48/216.csv
train;Cars;03988;Cars/15-48;Cars/15-48/218.csv
train;Cars;03991;Cars/15-48;Cars/15-48/221.csv
train;Cars;03992;Cars/15-48;Cars/15-48/222.csv
train;Cars;03993;Cars/15-48;Cars/15-48/223.csv
train;Cars;03994;Cars/15-48;Cars/15-48/224.csv
train;Cars;03995;Cars/15-48;Cars/15-48/225.csv
train;Cars;03996;Cars/15-48;Cars/15-48/226.csv
train;Cars;03997;Cars/15-48;Cars/15-48/227.csv
train;Cars;03998;Cars/15-48;Cars/15-48/228.csv
train;Cars;03999;Cars/15-48;Cars/15-48/229.csv
train;Cars;04000;Cars/15-48;Cars/15-48/230.csv
train;Cars;04001;Cars/15-48;Cars/15-48/231.csv
train;Cars;04005;Cars/15-48;Cars/15-48/235.csv
train;Cars;04006;Cars/15-48;Cars/15-48/236.csv
train;Cars;04008;Cars/15-48;Cars/15-48/238.csv
train;Cars;04010;Cars/15-48;Cars/15-48/240.csv
train;Cars;04011;Cars/15-48;Cars/15-48/241.csv
train;Cars;04012;Cars/15-48;Cars/15-48/242.csv
train;Cars;04014;Cars/15-48;Cars/15-48/244.csv
train;Cars;04015;Cars/15-48;Cars/15-48/245.csv
train;Cars;04016;Cars/15-48;Cars/15-48/246.csv
train;Cars;04017;Cars/15-48;Cars/15-48/247.csv
train;Cars;04019;Cars/15-48;Cars/15-48/249.csv
train;Cars;04020;Cars/15-48;Cars/15-48/250.csv
train;Cars;04022;Cars/15-48;Cars/15-48/252.csv
train;Cars;04023;Cars/15-48;Cars/15-48/253.csv
train;Cars;04024;Cars/15-48;Cars/15-48/254.csv
train;Cars;04027;Cars/15-48;Cars/15-48/257.csv
train;Cars;04028;Cars/15-48;Cars/15-48/258.csv
train;Cars;04029;Cars/15-48;Cars/15-48/259.csv
train;Cars;04030;Cars/15-48;Cars/15-48/260.csv
train;Cars;04031;Cars/15-48;Cars/15-48/261.csv
train;Cars;04032;Cars/15-48p;Cars/15-48p/001.csv
train;Cars;04033;Cars/15-48p;Cars/15-48p/002.csv
train;Cars;04034;Cars/15-48p;Cars/15-48p/003.csv
train;Cars;04035;Cars/15-48p;Cars/15-48p/004.csv
train;Cars;04036;Cars/15-48p;Cars/15-48p/005.csv
train;Cars;04037;Cars/15-48p;Cars/15-48p/006.csv
train;Cars;04038;Cars/15-48p;Cars/15-48p/007.csv
train;Cars;04039;Cars/15-48p;Cars/15-48p/008.csv
train;Cars;04040;Cars/15-48p;Cars/15-48p/009.csv
train;Cars;04043;Cars/15-48p;Cars/15-48p/012.csv
train;Cars;04044;Cars/15-48p;Cars/15-48p/013.csv
train;Cars;04045;Cars/15-48p;Cars/15-48p/014.csv
train;Cars;04046;Cars/15-48p;Cars/15-48p/015.csv
train;Cars;04047;Cars/15-48p;Cars/15-48p/016.csv
train;Cars;04048;Cars/15-48p;Cars/15-48p/017.csv
train;Cars;04050;Cars/15-48p;Cars/15-48p/019.csv
train;Cars;04051;Cars/15-48p;Cars/15-48p/020.csv
train;Cars;04052;Cars/15-48p;Cars/15-48p/021.csv
train;Cars;04053;Cars/15-48p;Cars/15-48p/022.csv
train;Cars;04057;Cars/15-48p;Cars/15-48p/026.csv
train;Cars;04058;Cars/15-48p;Cars/15-48p/027.csv
train;Cars;04062;Cars/15-48p;Cars/15-48p/031.csv
train;Cars;04063;Cars/15-48p;Cars/15-48p/032.csv
train;Cars;04065;Cars/15-48p;Cars/15-48p/034.csv
train;Cars;04068;Cars/15-48p;Cars/15-48p/037.csv
train;Cars;04069;Cars/15-48p;Cars/15-48p/038.csv
train;Cars;04070;Cars/15-48p;Cars/15-48p/039.csv
train;Cars;04071;Cars/15-48p;Cars/15-48p/040.csv
train;Cars;04072;Cars/15-48p;Cars/15-48p/041.csv
train;Cars;04075;Cars/15-48p;Cars/15-48p/044.csv
train;Cars;04077;Cars/15-48p;Cars/15-48p/046.csv
train;Cars;04078;Cars/15-48p;Cars/15-48p/047.csv
train;Cars;04079;Cars/15-48p;Cars/15-48p/048.csv
train;Cars;04080;Cars/15-48p;Cars/15-48p/049.csv
train;Cars;04081;Cars/15-48p;Cars/15-48p/050.csv
train;Cars;04083;Cars/15-48p;Cars/15-48p/052.csv
train;Cars;04084;Cars/15-48p;Cars/15-48p/053.csv
train;Cars;04086;Cars/15-48p;Cars/15-48p/055.csv
train;Cars;04087;Cars/15-48p;Cars/15-48p/056.csv
train;Cars;04088;Cars/15-48p;Cars/15-48p/057.csv
train;Cars;04090;Cars/15-48p;Cars/15-48p/059.csv
train;Cars;04091;Cars/15-48p;Cars/15-48p/060.csv
train;Cars;04092;Cars/15-48p;Cars/15-48p/061.csv
train;Cars;04093;Cars/15-48p;Cars/15-48p/062.csv
train;Cars;04096;Cars/15-48p;Cars/15-48p/065.csv
train;Cars;04097;Cars/15-48p;Cars/15-48p/066.csv
train;Cars;04098;Cars/15-48p;Cars/15-48p/067.csv
train;Cars;04099;Cars/15-48p;Cars/15-48p/068.csv
train;Cars;04101;Cars/15-48p;Cars/15-48p/070.csv
train;Cars;04104;Cars/15-48p;Cars/15-48p/073.csv
train;Cars;04105;Cars/15-48p;Cars/15-48p/074.csv
train;Cars;04106;Cars/15-48p;Cars/15-48p/075.csv
train;Cars;04107;Cars/15-48p;Cars/15-48p/076.csv
train;Cars;04108;Cars/15-48p;Cars/15-48p/077.csv
train;Cars;04110;Cars/15-48p;Cars/15-48p/079.csv
train;Cars;04111;Cars/15-48p;Cars/15-48p/080.csv
train;Cars;04112;Cars/15-48p;Cars/15-48p/081.csv
train;Cars;04115;Cars/15-48p;Cars/15-48p/084.csv
train;Cars;04116;Cars/15-48p;Cars/15-48p/085.csv
train;Cars;04117;Cars/15-55;Cars/15-55/001.csv
train;Cars;04118;Cars/15-55;Cars/15-55/002.csv
train;Cars;04119;Cars/15-55;Cars/15-55/003.csv
train;Cars;04121;Cars/15-55;Cars/15-55/005.csv
train;Cars;04123;Cars/15-55;Cars/15-55/007.csv
train;Cars;04124;Cars/15-55;Cars/15-55/008.csv
train;Cars;04125;Cars/15-55;Cars/15-55/009.csv
train;Cars;04126;Cars/15-55;Cars/15-55/010.csv
train;Cars;04127;Cars/15-55;Cars/15-55/011.csv
train;Cars;04128;Cars/15-55;Cars/15-55/012.csv
train;Cars;04130;Cars/15-55;Cars/15-55/014.csv
train;Cars;04131;Cars/15-55;Cars/15-55/015.csv
train;Cars;04132;Cars/15-55;Cars/15-55/016.csv
train;Cars;04133;Cars/15-55;Cars/15-55/017.csv
train;Cars;04134;Cars/15-55;Cars/15-55/018.csv
train;Cars;04135;Cars/15-55;Cars/15-55/019.csv
train;Cars;04136;Cars/15-55;Cars/15-55/020.csv
train;Cars;04137;Cars/15-55;Cars/15-55/021.csv
train;Cars;04139;Cars/15-55;Cars/15-55/023.csv
train;Cars;04140;Cars/15-55;Cars/15-55/024.csv
train;Cars;04141;Cars/15-55;Cars/15-55/025.csv
train;Cars;04143;Cars/15-55;Cars/15-55/027.csv
train;Cars;04144;Cars/15-55;Cars/15-55/028.csv
train;Cars;04145;Cars/15-55;Cars/15-55/029.csv
train;Cars;04147;Cars/15-55;Cars/15-55/031.csv
train;Cars;04149;Cars/15-55;Cars/15-55/033.csv
train;Cars;04151;Cars/15-55;Cars/15-55/035.csv
train;Cars;04152;Cars/15-55;Cars/15-55/036.csv
train;Cars;04153;Cars/15-55;Cars/15-55/037.csv
train;Cars;04156;Cars/15-55;Cars/15-55/040.csv
train;Cars;04157;Cars/15-55;Cars/15-55/041.csv
train;Cars;04159;Cars/15-55;Cars/15-55/043.csv
train;Cars;04161;Cars/15-55;Cars/15-55/045.csv
train;Cars;04162;Cars/15-55;Cars/15-55/046.csv
train;Cars;04163;Cars/15-55;Cars/15-55/047.csv
train;Cars;04164;Cars/15-55;Cars/15-55/048.csv
train;Cars;04165;Cars/15-55;Cars/15-55/049.csv
train;Cars;04168;Cars/15-55;Cars/15-55/052.csv
train;Cars;04169;Cars/15-55;Cars/15-55/053.csv
train;Cars;04170;Cars/15-55;Cars/15-55/054.csv
train;Cars;04171;Cars/15-55;Cars/15-55/055.csv
train;Cars;04172;Cars/15-55;Cars/15-55/056.csv
train;Cars;04173;Cars/15-55;Cars/15-55/057.csv
train;Cars;04174;Cars/15-55;Cars/15-55/058.csv
train;Cars;04175;Cars/15-55;Cars/15-55/059.csv
train;Cars;04176;Cars/15-55;Cars/15-55/060.csv
train;Cars;04177;Cars/15-55;Cars/15-55/061.csv
train;Cars;04178;Cars/15-55;Cars/15-55/062.csv
train;Cars;04179;Cars/15-55;Cars/15-55/063.csv
train;Cars;04180;Cars/15-55;Cars/15-55/064.csv
train;Cars;04182;Cars/15-55;Cars/15-55/066.csv
train;Cars;04184;Cars/15-55;Cars/15-55/068.csv
train;Cars;04186;Cars/15-55;Cars/15-55/070.csv
train;Cars;04187;Cars/15-55;Cars/15-55/071.csv
train;Cars;04188;Cars/15-55;Cars/15-55/072.csv
train;Cars;04189;Cars/15-55;Cars/15-55/073.csv
train;Cars;04191;Cars/15-55;Cars/15-55/075.csv
train;Cars;04192;Cars/15-55;Cars/15-55/076.csv
train;Cars;04193;Cars/15-55;Cars/15-55/077.csv
train;Cars;04194;Cars/15-55;Cars/15-55/078.csv
train;Cars;04195;Cars/15-55;Cars/15-55/079.csv
train;Cars;04198;Cars/15-55;Cars/15-55/082.csv
train;Cars;04199;Cars/15-55;Cars/15-55/083.csv
train;Cars;04200;Cars/15-55;Cars/15-55/084.csv
train;Cars;04202;Cars/15-55;Cars/15-55/086.csv
train;Cars;04203;Cars/15-55;Cars/15-55/087.csv
train;Cars;04204;Cars/15-55;Cars/15-55/088.csv
train;Cars;04205;Cars/15-55;Cars/15-55/089.csv
train;Cars;04207;Cars/15-55;Cars/15-55/091.csv
train;Cars;04208;Cars/15-55;Cars/15-55/092.csv
train;Cars;04209;Cars/15-55;Cars/15-55/093.csv
train;Cars;04210;Cars/15-55;Cars/15-55/094.csv
train;Cars;04212;Cars/15-55;Cars/15-55/096.csv
train;Cars;04213;Cars/15-55;Cars/15-55/097.csv
train;Cars;04214;Cars/15-55;Cars/15-55/098.csv
train;Cars;04216;Cars/15-55;Cars/15-55/100.csv
train;Cars;04218;Cars/15-55;Cars/15-55/102.csv
train;Cars;04219;Cars/15-55;Cars/15-55/103.csv
train;Cars;04222;Cars/15-55;Cars/15-55/106.csv
train;Cars;04223;Cars/15-55;Cars/15-55/107.csv
train;Cars;04224;Cars/15-55;Cars/15-55/108.csv
train;Cars;04226;Cars/15-55;Cars/15-55/110.csv
train;Cars;04227;Cars/15-55;Cars/15-55/111.csv
train;Cars;04228;Cars/15-55;Cars/15-55/112.csv
train;Cars;04229;Cars/15-55;Cars/15-55/113.csv
train;Cars;04230;Cars/15-55;Cars/15-55/114.csv
train;Cars;04231;Cars/15-55;Cars/15-55/115.csv
train;Cars;04232;Cars/15-55;Cars/15-55/116.csv
train;Cars;04233;Cars/15-55;Cars/15-55/117.csv
train;Cars;04235;Cars/15-55;Cars/15-55/119.csv
train;Cars;04236;Cars/15-55;Cars/15-55/120.csv
train;Cars;04237;Cars/15-55;Cars/15-55/121.csv
train;Cars;04238;Cars/15-55;Cars/15-55/122.csv
train;Cars;04240;Cars/15-55;Cars/15-55/124.csv
train;Cars;04241;Cars/15-55;Cars/15-55/125.csv
train;Cars;04243;Cars/15-55;Cars/15-55/127.csv
train;Cars;04244;Cars/15-55;Cars/15-55/128.csv
train;Cars;04245;Cars/15-55;Cars/15-55/129.csv
train;Cars;04247;Cars/15-55;Cars/15-55/131.csv
train;Cars;04248;Cars/15-55;Cars/15-55/132.csv
train;Cars;04249;Cars/15-55;Cars/15-55/133.csv
train;Cars;04250;Cars/15-55;Cars/15-55/134.csv
train;Cars;04251;Cars/15-55;Cars/15-55/135.csv
train;Cars;04253;Cars/15-55;Cars/15-55/137.csv
train;Cars;04255;Cars/15-55;Cars/15-55/139.csv
train;Cars;04256;Cars/15-55;Cars/15-55/140.csv
train;Cars;04258;Cars/15-55;Cars/15-55/142.csv
train;Cars;04261;Cars/15-55;Cars/15-55/145.csv
train;Cars;04262;Cars/15-55;Cars/15-55/146.csv
train;Cars;04263;Cars/15-55;Cars/15-55/147.csv
train;Cars;04264;Cars/15-55;Cars/15-55/148.csv
train;Cars;04265;Cars/15-55;Cars/15-55/149.csv
train;Cars;04266;Cars/15-55;Cars/15-55/150.csv
train;Cars;04267;Cars/15-55;Cars/15-55/151.csv
train;Cars;04268;Cars/15-55;Cars/15-55/152.csv
train;Cars;04269;Cars/15-55;Cars/15-55/153.csv
train;Cars;04270;Cars/15-55;Cars/15-55/154.csv
train;Cars;04271;Cars/15-55;Cars/15-55/155.csv
train;Cars;04272;Cars/15-55;Cars/15-55/156.csv
train;Cars;04273;Cars/15-55;Cars/15-55/157.csv
train;Cars;04274;Cars/15-55;Cars/15-55/158.csv
train;Cars;04276;Cars/15-55;Cars/15-55/160.csv
train;Cars;04277;Cars/15-55;Cars/15-55/161.csv
train;Cars;04278;Cars/15-55;Cars/15-55/162.csv
train;Cars;04279;Cars/15-55;Cars/15-55/163.csv
train;Cars;04281;Cars/15-55;Cars/15-55/165.csv
train;Cars;04282;Cars/15-55;Cars/15-55/166.csv
train;Cars;04283;Cars/15-55;Cars/15-55/167.csv
train;Cars;04284;Cars/15-55;Cars/15-55/168.csv
train;Cars;04285;Cars/15-55;Cars/15-55/169.csv
train;Cars;04286;Cars/15-55;Cars/15-55/170.csv
train;Cars;04287;Cars/15-55;Cars/15-55/171.csv
train;Cars;04290;Cars/15-55;Cars/15-55/174.csv
train;Cars;04291;Cars/15-55;Cars/15-55/175.csv
train;Cars;04294;Cars/15-55;Cars/15-55/178.csv
train;Cars;04295;Cars/15-55;Cars/15-55/179.csv
train;Cars;04297;Cars/15-55;Cars/15-55/181.csv
train;Cars;04298;Cars/15-55;Cars/15-55/182.csv
train;Cars;04299;Cars/15-55;Cars/15-55/183.csv
train;Cars;04300;Cars/15-55;Cars/15-55/184.csv
train;Cars;04301;Cars/15-55;Cars/15-55/185.csv
train;Cars;04303;Cars/15-55;Cars/15-55/187.csv
train;Cars;04304;Cars/15-55;Cars/15-55/188.csv
train;Cars;04305;Cars/15-55;Cars/15-55/189.csv
train;Cars;04306;Cars/15-55;Cars/15-55/190.csv
train;Cars;04307;Cars/15-55;Cars/15-55/191.csv
train;Cars;04308;Cars/15-55;Cars/15-55/192.csv
train;Cars;04310;Cars/15-55;Cars/15-55/194.csv
train;Cars;04312;Cars/15-55;Cars/15-55/196.csv
train;Cars;04313;Cars/15-55;Cars/15-55/197.csv
train;Cars;04314;Cars/15-55;Cars/15-55/198.csv
train;Cars;04316;Cars/15-55;Cars/15-55/200.csv
train;Cars;04317;Cars/15-55;Cars/15-55/201.csv
train;Cars;04320;Cars/15-55;Cars/15-55/204.csv
train;Cars;04322;Cars/15-55;Cars/15-55/206.csv
train;Cars;04323;Cars/15-55;Cars/15-55/207.csv
train;Cars;04325;Cars/15-55;Cars/15-55/209.csv
train;Cars;04329;Cars/15-55;Cars/15-55/213.csv
train;Cars;04330;Cars/15-55;Cars/15-55/214.csv
train;Cars;04331;Cars/15-55;Cars/15-55/215.csv
train;Cars;04333;Cars/15-55;Cars/15-55/217.csv
train;Cars;04335;Cars/15-55;Cars/15-55/219.csv
train;Cars;04336;Cars/15-55;Cars/15-55/220.csv
train;Cars;04337;Cars/15-55;Cars/15-55/221.csv
train;Cars;04338;Cars/15-55;Cars/15-55/222.csv
train;Cars;04339;Cars/15-55;Cars/15-55/223.csv
train;Cars;04341;Cars/15-55;Cars/15-55/225.csv
train;Cars;04342;Cars/15-55;Cars/15-55/226.csv
train;Cars;04343;Cars/15-55;Cars/15-55/227.csv
train;Cars;04345;Cars/15-55;Cars/15-55/229.csv
train;Cars;04346;Cars/15-55;Cars/15-55/230.csv
train;Cars;04347;Cars/15-55;Cars/15-55/231.csv
train;Cars;04348;Cars/15-55;Cars/15-55/232.csv
train;Cars;04352;Cars/15-55;Cars/15-55/236.csv
train;Cars;04353;Cars/15-55;Cars/15-55/237.csv
train;Cars;04354;Cars/15-55;Cars/15-55/238.csv
train;Cars;04356;Cars/15-55;Cars/15-55/240.csv
train;Cars;04358;Cars/15-55;Cars/15-55/242.csv
train;Cars;04359;Cars/15-55;Cars/15-55/243.csv
train;Cars;04360;Cars/15-55;Cars/15-55/244.csv
train;Cars;04361;Cars/15-55;Cars/15-55/245.csv
train;Cars;04362;Cars/15-55;Cars/15-55/246.csv
train;Cars;04364;Cars/15-55;Cars/15-55/248.csv
train;Cars;04365;Cars/15-55;Cars/15-55/249.csv
train;Cars;04367;Cars/15-55;Cars/15-55/251.csv
train;Cars;04368;Cars/15-55;Cars/15-55/252.csv
train;Cars;04372;Cars/15-55;Cars/15-55/256.csv
train;Cars;04373;Cars/15-55;Cars/15-55/257.csv
train;Cars;04375;Cars/15-55;Cars/15-55/259.csv
train;Cars;04376;Cars/15-55;Cars/15-55/260.csv
train;Cars;04378;Cars/15-55;Cars/15-55/262.csv
train;Cars;04380;Cars/15-55;Cars/15-55/264.csv
train;Cars;04381;Cars/15-55;Cars/15-55/265.csv
train;Cars;04386;Cars/15-55;Cars/15-55/270.csv
train;Cars;04387;Cars/15-55;Cars/15-55/271.csv
train;Cars;04389;Cars/15-55;Cars/15-55/273.csv
train;Cars;04390;Cars/15-55;Cars/15-55/274.csv
train;Cars;04392;Cars/15-55;Cars/15-55/276.csv
train;Cars;04393;Cars/15-55;Cars/15-55/277.csv
train;Cars;04394;Cars/15-55a;Cars/15-55a/001.csv
train;Cars;04395;Cars/15-55a;Cars/15-55a/002.csv
train;Cars;04398;Cars/15-55a;Cars/15-55a/005.csv
train;Cars;04400;Cars/15-55a;Cars/15-55a/007.csv
train;Cars;04401;Cars/15-55a;Cars/15-55a/008.csv
train;Cars;04402;Cars/15-55a;Cars/15-55a/009.csv
train;Cars;04403;Cars/15-55a;Cars/15-55a/010.csv
train;Cars;04404;Cars/15-55a;Cars/15-55a/011.csv
train;Cars;04407;Cars/15-55a;Cars/15-55a/014.csv
train;Cars;04408;Cars/15-55a;Cars/15-55a/015.csv
train;Cars;04409;Cars/15-55a;Cars/15-55a/016.csv
train;Cars;04410;Cars/15-55a;Cars/15-55a/017.csv
train;Cars;04413;Cars/15-55a;Cars/15-55a/020.csv
train;Cars;04414;Cars/15-55a;Cars/15-55a/021.csv
train;Cars;04415;Cars/15-55a;Cars/15-55a/022.csv
train;Cars;04416;Cars/15-55a;Cars/15-55a/023.csv
train;Cars;04418;Cars/15-55a;Cars/15-55a/025.csv
train;Cars;04419;Cars/15-55a;Cars/15-55a/026.csv
train;Cars;04420;Cars/15-55a;Cars/15-55a/027.csv
train;Cars;04422;Cars/15-55a;Cars/15-55a/029.csv
train;Cars;04423;Cars/15-55a;Cars/15-55a/030.csv
train;Cars;04425;Cars/15-55a;Cars/15-55a/032.csv
train;Cars;04426;Cars/15-55a;Cars/15-55a/033.csv
train;Cars;04427;Cars/15-55m;Cars/15-55m/001.csv
train;Cars;04428;Cars/15-55m;Cars/15-55m/002.csv
train;Cars;04430;Cars/15-55m;Cars/15-55m/004.csv
train;Cars;04431;Cars/15-55m;Cars/15-55m/005.csv
train;Cars;04432;Cars/15-55m;Cars/15-55m/006.csv
train;Cars;04433;Cars/15-55m;Cars/15-55m/007.csv
train;Cars;04434;Cars/15-55m;Cars/15-55m/008.csv
train;Cars;04435;Cars/15-55m;Cars/15-55m/009.csv
train;Cars;04438;Cars/15-55m;Cars/15-55m/012.csv
train;Cars;04440;Cars/15-55m;Cars/15-55m/014.csv
train;Cars;04441;Cars/15-55m;Cars/15-55m/015.csv
train;Cars;04449;Cars/15-55m;Cars/15-55m/023.csv
train;Cars;04450;Cars/15-55m;Cars/15-55m/024.csv
train;Cars;04451;Cars/15-55m;Cars/15-55m/025.csv
train;Cars;04452;Cars/15-55m;Cars/15-55m/026.csv
train;Cars;04453;Cars/15-55m;Cars/15-55m/027.csv
train;Cars;04454;Cars/15-55m;Cars/15-55m/028.csv
train;Cars;04455;Cars/15-55m;Cars/15-55m/029.csv
train;Cars;04456;Cars/15-55m;Cars/15-55m/030.csv
train;Cars;04460;Cars/15-55p;Cars/15-55p/001.csv
train;Cars;04461;Cars/15-55p;Cars/15-55p/002.csv
train;Cars;04463;Cars/15-55p;Cars/15-55p/004.csv
train;Cars;04465;Cars/15-55p;Cars/15-55p/006.csv
train;Cars;04466;Cars/15-55p;Cars/15-55p/007.csv
train;Cars;04468;Cars/15-55p;Cars/15-55p/009.csv
train;Cars;04469;Cars/15-55p;Cars/15-55p/010.csv
train;Cars;04470;Cars/15-55p;Cars/15-55p/011.csv
train;Cars;04471;Cars/15-55p;Cars/15-55p/012.csv
train;Cars;04472;Cars/15-55p;Cars/15-55p/013.csv
train;Cars;04474;Cars/15-55p;Cars/15-55p/015.csv
train;Cars;04475;Cars/15-55p;Cars/15-55p/016.csv
train;Cars;04478;Cars/15-55p;Cars/15-55p/019.csv
train;Cars;04481;Cars/15-55p;Cars/15-55p/022.csv
train;Cars;04482;Cars/15-55p;Cars/15-55p/023.csv
train;Cars;04483;Cars/15-55p;Cars/15-55p/024.csv
train;Cars;04486;Cars/15-55p;Cars/15-55p/027.csv
train;Cars;04487;Cars/15-55p;Cars/15-55p/028.csv
train;Cars;04488;Cars/15-55p;Cars/15-55p/029.csv
train;Cars;04489;Cars/15-55p;Cars/15-55p/030.csv
train;Cars;04491;Cars/15-55p;Cars/15-55p/032.csv
train;Cars;04492;Cars/15-55p;Cars/15-55p/033.csv
train;Cars;04493;Cars/15-55p;Cars/15-55p/034.csv
train;Cars;04494;Cars/15-55p;Cars/15-55p/035.csv
train;Cars;04496;Cars/15-55p;Cars/15-55p/037.csv
train;Cars;04497;Cars/15-55p;Cars/15-55p/038.csv
train;Cars;04498;Cars/15-55p;Cars/15-55p/039.csv
train;Cars;04499;Cars/15-55p;Cars/15-55p/040.csv
train;Cars;04500;Cars/15-55p;Cars/15-55p/041.csv
train;Cars;04502;Cars/15-55p;Cars/15-55p/043.csv
train;Cars;04503;Cars/15-55p;Cars/15-55p/044.csv
train;Cars;04504;Cars/15-55p;Cars/15-55p/045.csv
train;Cars;04507;Cars/15-55p;Cars/15-55p/048.csv
train;Cars;04508;Cars/15-55p;Cars/15-55p/049.csv
train;Cars;04509;Cars/15-55p;Cars/15-55p/050.csv
train;Cars;04513;Cars/15-55p;Cars/15-55p/054.csv
train;Cars;04514;Cars/15-55p;Cars/15-55p/055.csv
train;Cars;04515;Cars/15-55p;Cars/15-55p/056.csv
train;Cars;04517;Cars/15-55p;Cars/15-55p/058.csv
train;Cars;04518;Cars/15-55p;Cars/15-55p/059.csv
train;Cars;04519;Cars/15-55p;Cars/15-55p/060.csv
train;Cars;04520;Cars/15-55p;Cars/15-55p/061.csv
train;Cars;04522;Cars/15-55p;Cars/15-55p/063.csv
train;Cars;04525;Cars/15-55p;Cars/15-55p/066.csv
train;Cars;04526;Cars/15-55p;Cars/15-55p/067.csv
train;Cars;04527;Cars/15-55p;Cars/15-55p/068.csv
train;Cars;04528;Cars/15-55p;Cars/15-55p/069.csv
train;Cars;04529;Cars/15-55p;Cars/15-55p/070.csv
train;Cars;04530;Cars/15-55p;Cars/15-55p/071.csv
train;Cars;04531;Cars/15-55p;Cars/15-55p/072.csv
train;Cars;04532;Cars/15-55p;Cars/15-55p/073.csv
train;Cars;04534;Cars/15-55p;Cars/15-55p/075.csv
train;Cars;04535;Cars/15-55p;Cars/15-55p/076.csv
train;Cars;04538;Cars/15-55p;Cars/15-55p/079.csv
train;Cars;04539;Cars/15-55p;Cars/15-55p/080.csv
train;Cars;04541;Cars/15-55p;Cars/15-55p/082.csv
train;Cars;04543;Cars/15-55p;Cars/15-55p/084.csv
train;Cars;04545;Cars/15-55p;Cars/15-55p/086.csv
train;Cars;04548;Cars/15-55p;Cars/15-55p/089.csv
train;Cars;04549;Cars/15-55p;Cars/15-55p/090.csv
train;Cars;04550;Cars/15-55p;Cars/15-55p/091.csv
train;Cars;04551;Cars/15-55p;Cars/15-55p/092.csv
train;Cars;04552;Cars/15-55p;Cars/15-55p/093.csv
train;Cars;04553;Cars/15-55p;Cars/15-55p/094.csv
train;Cars;04554;Cars/15-55p;Cars/15-55p/095.csv
train;Cars;04555;Cars/15-55p;Cars/15-55p/096.csv
train;Cars;04556;Cars/15-55p;Cars/15-55p/097.csv
train;Cars;04557;Cars/15-55p;Cars/15-55p/098.csv
train;Cars;04558;Cars/15-55p;Cars/15-55p/099.csv
train;Cars;04560;Cars/15-55p;Cars/15-55p/101.csv
train;Cars;04561;Cars/15-55p;Cars/15-55p/102.csv
train;Cars;04563;Cars/15-55p;Cars/15-55p/104.csv
train;Cars;04564;Cars/15-55p;Cars/15-55p/105.csv
train;Cars;04565;Cars/15-55p;Cars/15-55p/106.csv
train;Cars;04566;Cars/15-55p;Cars/15-55p/107.csv
train;Cars;04567;Cars/15-55p;Cars/15-55p/108.csv
train;Cars;04569;Cars/15-55p;Cars/15-55p/110.csv
train;Cars;04570;Cars/15-55p;Cars/15-55p/111.csv
train;Cars;04572;Cars/15-55p;Cars/15-55p/113.csv
train;Cars;04573;Cars/15-55p;Cars/15-55p/114.csv
train;Cars;04577;Cars/15-55p;Cars/15-55p/118.csv
train;Cars;04579;Cars/15-55p;Cars/15-55p/120.csv
train;Cars;04581;Cars/15-55p;Cars/15-55p/122.csv
train;Cars;04584;Cars/15-55p;Cars/15-55p/125.csv
train;Cars;04585;Cars/15-55p;Cars/15-55p/126.csv
train;Cars;04586;Cars/15-55p;Cars/15-55p/127.csv
train;Cars;04587;Cars/15-55p;Cars/15-55p/128.csv
train;Cars;04588;Cars/15-55p;Cars/15-55p/129.csv
train;Cars;04589;Cars/15-55p;Cars/15-55p/130.csv
train;Cars;04591;Cars/15-55p;Cars/15-55p/132.csv
train;Cars;04592;Cars/15-55p;Cars/15-55p/133.csv
train;Cars;04593;Cars/15-55p;Cars/15-55p/134.csv
train;Cars;04594;Cars/15-55p;Cars/15-55p/135.csv
train;Cars;04595;Cars/15-55p;Cars/15-55p/136.csv
train;Cars;04596;Cars/15-55p;Cars/15-55p/137.csv
train;Cars;04597;Cars/15-55p;Cars/15-55p/138.csv
train;Cars;04598;Cars/15-55p;Cars/15-55p/139.csv
train;Cars;04599;Cars/15-55p;Cars/15-55p/140.csv
train;Cars;04600;Cars/15-55p;Cars/15-55p/141.csv
train;Cars;04603;Cars/15-55p;Cars/15-55p/144.csv
train;Cars;04605;Cars/15-55p;Cars/15-55p/146.csv
train;Cars;04608;Cars/15-55p;Cars/15-55p/149.csv
train;Cars;04609;Cars/15-55p;Cars/15-55p/150.csv
train;Cars;04610;Cars/15-55p;Cars/15-55p/151.csv
train;Cars;04611;Cars/15-55p;Cars/15-55p/152.csv
train;Cars;04612;Cars/15-55p;Cars/15-55p/153.csv
train;Cars;04613;Cars/15-55p;Cars/15-55p/154.csv
train;Cars;04614;Cars/15-55p;Cars/15-55p/155.csv
train;Cars;04615;Cars/15-55p;Cars/15-55p/156.csv
train;Cars;04616;Cars/15-55p;Cars/15-55p/157.csv
train;Cars;04617;Cars/15-55p;Cars/15-55p/158.csv
train;Cars;04619;Cars/16-01;Cars/16-01/002.csv
train;Cars;04620;Cars/16-01;Cars/16-01/003.csv
train;Cars;04621;Cars/16-01;Cars/16-01/004.csv
train;Cars;04622;Cars/16-01;Cars/16-01/005.csv
train;Cars;04623;Cars/16-01;Cars/16-01/006.csv
train;Cars;04625;Cars/16-01;Cars/16-01/008.csv
train;Cars;04628;Cars/16-01;Cars/16-01/011.csv
train;Cars;04629;Cars/16-01;Cars/16-01/012.csv
train;Cars;04630;Cars/16-01;Cars/16-01/013.csv
train;Cars;04633;Cars/16-01;Cars/16-01/016.csv
train;Cars;04634;Cars/16-01;Cars/16-01/017.csv
train;Cars;04635;Cars/16-01;Cars/16-01/018.csv
train;Cars;04636;Cars/16-01;Cars/16-01/019.csv
train;Cars;04637;Cars/16-01;Cars/16-01/020.csv
train;Cars;04638;Cars/16-01;Cars/16-01/021.csv
train;Cars;04641;Cars/16-01;Cars/16-01/024.csv
train;Cars;04642;Cars/16-01;Cars/16-01/025.csv
train;Cars;04643;Cars/16-01;Cars/16-01/026.csv
train;Cars;04644;Cars/16-01;Cars/16-01/027.csv
train;Cars;04646;Cars/16-01;Cars/16-01/029.csv
train;Cars;04647;Cars/16-01;Cars/16-01/030.csv
train;Cars;04648;Cars/16-01;Cars/16-01/031.csv
train;Cars;04649;Cars/16-01;Cars/16-01/032.csv
train;Cars;04651;Cars/16-01;Cars/16-01/034.csv
train;Cars;04654;Cars/16-01;Cars/16-01/037.csv
train;Cars;04655;Cars/16-01;Cars/16-01/038.csv
train;Cars;04657;Cars/16-01;Cars/16-01/040.csv
train;Cars;04659;Cars/16-01;Cars/16-01/042.csv
train;Cars;04660;Cars/16-01;Cars/16-01/043.csv
train;Cars;04661;Cars/16-01;Cars/16-01/044.csv
train;Cars;04662;Cars/16-01;Cars/16-01/045.csv
train;Cars;04663;Cars/16-01;Cars/16-01/046.csv
train;Cars;04665;Cars/16-01;Cars/16-01/048.csv
train;Cars;04666;Cars/16-01;Cars/16-01/049.csv
train;Cars;04667;Cars/16-01;Cars/16-01/050.csv
train;Cars;04668;Cars/16-01;Cars/16-01/051.csv
train;Cars;04669;Cars/16-01;Cars/16-01/052.csv
train;Cars;04670;Cars/16-01;Cars/16-01/053.csv
train;Cars;04671;Cars/16-01;Cars/16-01/054.csv
train;Cars;04672;Cars/16-01;Cars/16-01/055.csv
train;Cars;04674;Cars/16-01;Cars/16-01/057.csv
train;Cars;04676;Cars/16-01;Cars/16-01/059.csv
train;Cars;04677;Cars/16-01;Cars/16-01/060.csv
train;Cars;04680;Cars/16-01;Cars/16-01/063.csv
train;Cars;04681;Cars/16-01;Cars/16-01/064.csv
train;Cars;04683;Cars/16-01;Cars/16-01/066.csv
train;Cars;04684;Cars/16-01;Cars/16-01/067.csv
train;Cars;04686;Cars/16-01;Cars/16-01/069.csv
train;Cars;04687;Cars/16-01;Cars/16-01/070.csv
train;Cars;04689;Cars/16-01;Cars/16-01/072.csv
train;Cars;04690;Cars/16-01;Cars/16-01/073.csv
train;Cars;04692;Cars/16-01;Cars/16-01/075.csv
train;Cars;04693;Cars/16-01;Cars/16-01/076.csv
train;Cars;04695;Cars/16-01;Cars/16-01/078.csv
train;Cars;04696;Cars/16-01;Cars/16-01/079.csv
train;Cars;04697;Cars/16-01;Cars/16-01/080.csv
train;Cars;04700;Cars/16-01;Cars/16-01/083.csv
train;Cars;04701;Cars/16-01;Cars/16-01/084.csv
train;Cars;04704;Cars/16-01;Cars/16-01/087.csv
train;Cars;04706;Cars/16-01;Cars/16-01/089.csv
train;Cars;04707;Cars/16-01;Cars/16-01/090.csv
train;Cars;04708;Cars/16-01;Cars/16-01/091.csv
train;Cars;04710;Cars/16-01;Cars/16-01/093.csv
train;Cars;04711;Cars/16-01;Cars/16-01/094.csv
train;Cars;04712;Cars/16-01;Cars/16-01/095.csv
train;Cars;04713;Cars/16-01;Cars/16-01/096.csv
train;Cars;04714;Cars/16-01;Cars/16-01/097.csv
train;Cars;04718;Cars/16-01;Cars/16-01/101.csv
train;Cars;04719;Cars/16-01;Cars/16-01/102.csv
train;Cars;04720;Cars/16-01;Cars/16-01/103.csv
train;Cars;04721;Cars/16-01;Cars/16-01/104.csv
train;Cars;04722;Cars/16-01;Cars/16-01/105.csv
train;Cars;04723;Cars/16-01;Cars/16-01/106.csv
train;Cars;04724;Cars/16-01;Cars/16-01/107.csv
train;Cars;04726;Cars/16-01;Cars/16-01/109.csv
train;Cars;04727;Cars/16-01;Cars/16-01/110.csv
train;Cars;04728;Cars/16-01;Cars/16-01/111.csv
train;Cars;04729;Cars/16-01;Cars/16-01/112.csv
train;Cars;04730;Cars/16-01;Cars/16-01/113.csv
train;Cars;04731;Cars/16-01;Cars/16-01/114.csv
train;Cars;04732;Cars/16-01;Cars/16-01/115.csv
train;Cars;04733;Cars/16-01;Cars/16-01/116.csv
train;Cars;04734;Cars/16-01;Cars/16-01/117.csv
train;Cars;04735;Cars/16-01;Cars/16-01/118.csv
train;Cars;04736;Cars/16-01;Cars/16-01/119.csv
train;Cars;04737;Cars/16-01;Cars/16-01/120.csv
train;Cars;04738;Cars/16-01;Cars/16-01/121.csv
train;Cars;04740;Cars/16-01;Cars/16-01/123.csv
train;Cars;04741;Cars/16-01;Cars/16-01/124.csv
train;Cars;04742;Cars/16-01;Cars/16-01/125.csv
train;Cars;04745;Cars/16-01;Cars/16-01/128.csv
train;Cars;04746;Cars/16-01;Cars/16-01/129.csv
train;Cars;04747;Cars/16-01;Cars/16-01/130.csv
train;Cars;04748;Cars/16-01;Cars/16-01/131.csv
train;Cars;04749;Cars/16-01;Cars/16-01/132.csv
train;Cars;04750;Cars/16-01;Cars/16-01/133.csv
train;Cars;04751;Cars/16-01;Cars/16-01/134.csv
train;Cars;04753;Cars/16-01;Cars/16-01/136.csv
train;Cars;04755;Cars/16-01;Cars/16-01/138.csv
train;Cars;04756;Cars/16-01;Cars/16-01/139.csv
train;Cars;04757;Cars/16-01;Cars/16-01/140.csv
train;Cars;04758;Cars/16-01;Cars/16-01/141.csv
train;Cars;04759;Cars/16-01;Cars/16-01/142.csv
train;Cars;04761;Cars/16-01;Cars/16-01/144.csv
train;Cars;04762;Cars/16-01;Cars/16-01/145.csv
train;Cars;04763;Cars/16-01;Cars/16-01/146.csv
train;Cars;04764;Cars/16-01;Cars/16-01/147.csv
train;Cars;04769;Cars/16-01;Cars/16-01/152.csv
train;Cars;04770;Cars/16-01;Cars/16-01/153.csv
train;Cars;04771;Cars/16-01;Cars/16-01/154.csv
train;Cars;04775;Cars/16-01;Cars/16-01/158.csv
train;Cars;04776;Cars/16-01;Cars/16-01/159.csv
train;Cars;04777;Cars/16-01;Cars/16-01/160.csv
train;Cars;04778;Cars/16-01;Cars/16-01/161.csv
train;Cars;04780;Cars/16-01;Cars/16-01/163.csv
train;Cars;04781;Cars/16-01;Cars/16-01/164.csv
train;Cars;04785;Cars/16-01;Cars/16-01/168.csv
train;Cars;04786;Cars/16-01;Cars/16-01/169.csv
train;Cars;04787;Cars/16-01;Cars/16-01/170.csv
train;Cars;04788;Cars/16-01;Cars/16-01/171.csv
train;Cars;04792;Cars/16-01;Cars/16-01/175.csv
train;Cars;04794;Cars/16-01;Cars/16-01/177.csv
train;Cars;04795;Cars/16-01;Cars/16-01/178.csv
train;Cars;04796;Cars/16-01;Cars/16-01/179.csv
train;Cars;04799;Cars/16-01;Cars/16-01/182.csv
train;Cars;04800;Cars/16-01;Cars/16-01/183.csv
train;Cars;04801;Cars/16-01;Cars/16-01/184.csv
train;Cars;04804;Cars/16-01;Cars/16-01/187.csv
train;Cars;04805;Cars/16-01;Cars/16-01/188.csv
train;Cars;04807;Cars/16-01;Cars/16-01/190.csv
train;Cars;04808;Cars/16-01;Cars/16-01/191.csv
train;Cars;04810;Cars/16-01;Cars/16-01/193.csv
train;Cars;04811;Cars/16-01;Cars/16-01/194.csv
train;Cars;04814;Cars/16-01;Cars/16-01/197.csv
train;Cars;04815;Cars/16-01;Cars/16-01/198.csv
train;Cars;04816;Cars/16-01;Cars/16-01/199.csv
train;Cars;04818;Cars/16-01;Cars/16-01/201.csv
train;Cars;04819;Cars/16-01;Cars/16-01/202.csv
train;Cars;04820;Cars/16-01;Cars/16-01/203.csv
train;Cars;04822;Cars/16-01;Cars/16-01/205.csv
train;Cars;04824;Cars/16-01;Cars/16-01/207.csv
train;Cars;04826;Cars/16-01;Cars/16-01/209.csv
train;Cars;04828;Cars/16-01;Cars/16-01/211.csv
train;Cars;04829;Cars/16-01;Cars/16-01/212.csv
train;Cars;04830;Cars/16-01;Cars/16-01/213.csv
train;Cars;04832;Cars/16-01;Cars/16-01/215.csv
train;Cars;04833;Cars/16-01;Cars/16-01/216.csv
train;Cars;04836;Cars/16-01;Cars/16-01/219.csv
train;Cars;04837;Cars/16-01;Cars/16-01/220.csv
train;Cars;04838;Cars/16-01;Cars/16-01/221.csv
train;Cars;04839;Cars/16-01;Cars/16-01/222.csv
train;Cars;04840;Cars/16-01;Cars/16-01/223.csv
train;Cars;04842;Cars/16-01;Cars/16-01/225.csv
train;Cars;04843;Cars/16-01;Cars/16-01/226.csv
train;Cars;04844;Cars/16-01;Cars/16-01/227.csv
train;Cars;04845;Cars/16-01;Cars/16-01/228.csv
train;Cars;04846;Cars/16-01;Cars/16-01/229.csv
train;Cars;04847;Cars/16-01;Cars/16-01/230.csv
train;Cars;04848;Cars/16-01;Cars/16-01/231.csv
train;Cars;04849;Cars/16-01;Cars/16-01/232.csv
train;Cars;04850;Cars/16-01;Cars/16-01/233.csv
train;Cars;04853;Cars/16-01;Cars/16-01/236.csv
train;Cars;04855;Cars/16-01;Cars/16-01/238.csv
train;Cars;04859;Cars/16-01;Cars/16-01/242.csv
train;Cars;04860;Cars/16-01;Cars/16-01/243.csv
train;Cars;04861;Cars/16-01;Cars/16-01/244.csv
train;Cars;04864;Cars/16-01;Cars/16-01/247.csv
train;Cars;04865;Cars/16-01;Cars/16-01/248.csv
train;Cars;04866;Cars/16-01;Cars/16-01/249.csv
train;Cars;04867;Cars/16-01;Cars/16-01/250.csv
train;Cars;04869;Cars/16-01;Cars/16-01/252.csv
train;Cars;04870;Cars/16-01;Cars/16-01/253.csv
train;Cars;04872;Cars/16-01;Cars/16-01/255.csv
train;Cars;04873;Cars/16-01;Cars/16-01/256.csv
train;Cars;04876;Cars/16-01;Cars/16-01/259.csv
train;Cars;04877;Cars/16-01;Cars/16-01/260.csv
train;Cars;04879;Cars/16-01p;Cars/16-01p/002.csv
train;Cars;04880;Cars/16-01p;Cars/16-01p/003.csv
train;Cars;04881;Cars/16-01p;Cars/16-01p/004.csv
train;Cars;04882;Cars/16-01p;Cars/16-01p/005.csv
train;Cars;04884;Cars/16-01p;Cars/16-01p/007.csv
train;Cars;04885;Cars/16-01p;Cars/16-01p/008.csv
train;Cars;04886;Cars/16-01p;Cars/16-01p/009.csv
train;Cars;04887;Cars/16-01p;Cars/16-01p/010.csv
train;Cars;04888;Cars/16-01p;Cars/16-01p/011.csv
train;Cars;04889;Cars/16-01p;Cars/16-01p/012.csv
train;Cars;04890;Cars/16-01p;Cars/16-01p/013.csv
train;Cars;04891;Cars/16-01p;Cars/16-01p/014.csv
train;Cars;04892;Cars/16-01p;Cars/16-01p/015.csv
train;Cars;04893;Cars/16-01p;Cars/16-01p/016.csv
train;Cars;04894;Cars/16-01p;Cars/16-01p/017.csv
train;Cars;04895;Cars/16-01p;Cars/16-01p/018.csv
train;Cars;04897;Cars/16-01p;Cars/16-01p/020.csv
train;Cars;04898;Cars/16-01p;Cars/16-01p/021.csv
train;Cars;04899;Cars/16-01p;Cars/16-01p/022.csv
train;Cars;04903;Cars/16-01p;Cars/16-01p/026.csv
train;Cars;04904;Cars/16-01p;Cars/16-01p/027.csv
train;Cars;04906;Cars/16-01p;Cars/16-01p/029.csv
train;Cars;04907;Cars/16-01p;Cars/16-01p/030.csv
train;Cars;04909;Cars/16-01p;Cars/16-01p/032.csv
train;Cars;04910;Cars/16-01p;Cars/16-01p/033.csv
train;Cars;04911;Cars/16-01p;Cars/16-01p/034.csv
train;Cars;04912;Cars/16-01p;Cars/16-01p/035.csv
train;Cars;04913;Cars/16-01p;Cars/16-01p/036.csv
train;Cars;04914;Cars/16-01p;Cars/16-01p/037.csv
train;Cars;04915;Cars/16-01p;Cars/16-01p/038.csv
train;Cars;04918;Cars/16-01p;Cars/16-01p/041.csv
train;Cars;04920;Cars/16-01p;Cars/16-01p/043.csv
train;Cars;04921;Cars/16-01p;Cars/16-01p/044.csv
train;Cars;04923;Cars/16-01p;Cars/16-01p/046.csv
train;Cars;04924;Cars/16-01p;Cars/16-01p/047.csv
train;Cars;04925;Cars/16-01p;Cars/16-01p/048.csv
train;Cars;04927;Cars/16-01p;Cars/16-01p/050.csv
train;Cars;04929;Cars/16-01p;Cars/16-01p/052.csv
train;Cars;04930;Cars/16-01p;Cars/16-01p/053.csv
train;Cars;04931;Cars/16-01p;Cars/16-01p/054.csv
train;Cars;04932;Cars/16-01p;Cars/16-01p/055.csv
train;Cars;04933;Cars/16-01p;Cars/16-01p/056.csv
train;Cars;04934;Cars/16-01p;Cars/16-01p/057.csv
train;Cars;04938;Cars/16-01p;Cars/16-01p/061.csv
train;Cars;04942;Cars/16-01p;Cars/16-01p/065.csv
train;Cars;04943;Cars/16-01p;Cars/16-01p/066.csv
train;Cars;04944;Cars/16-01p;Cars/16-01p/067.csv
train;Cars;04945;Cars/16-01p;Cars/16-01p/068.csv
train;Cars;04947;Cars/16-01p;Cars/16-01p/070.csv
train;Cars;04948;Cars/16-01p;Cars/16-01p/071.csv
train;Cars;04949;Cars/16-01p;Cars/16-01p/072.csv
train;Cars;04950;Cars/16-01p;Cars/16-01p/073.csv
train;Cars;04951;Cars/16-01p;Cars/16-01p/074.csv
train;Cars;04952;Cars/16-01p;Cars/16-01p/075.csv
train;Cars;04953;Cars/16-01p;Cars/16-01p/076.csv
train;Cars;04954;Cars/16-01p;Cars/16-01p/077.csv
train;Cars;04956;Cars/16-01p;Cars/16-01p/079.csv
train;Cars;04957;Cars/16-01p;Cars/16-01p/080.csv
train;Cars;04958;Cars/16-01p;Cars/16-01p/081.csv
train;Cars;04962;Cars/16-01p;Cars/16-01p/085.csv
train;Cars;04965;Cars/16-01p;Cars/16-01p/088.csv
train;Cars;04966;Cars/16-01p;Cars/16-01p/089.csv
train;Cars;04967;Cars/16-01p;Cars/16-01p/090.csv
train;Cars;04968;Cars/16-01p;Cars/16-01p/091.csv
train;Cars;04969;Cars/16-01p;Cars/16-01p/092.csv
train;Cars;04970;Cars/16-01p;Cars/16-01p/093.csv
train;Cars;04972;Cars/16-01p;Cars/16-01p/095.csv
train;Cars;04973;Cars/16-01p;Cars/16-01p/096.csv
train;Cars;04974;Cars/16-01p;Cars/16-01p/097.csv
train;Cars;04976;Cars/16-01p;Cars/16-01p/099.csv
train;Cars;04977;Cars/16-01p;Cars/16-01p/100.csv
train;Cars;04980;Cars/16-01p;Cars/16-01p/103.csv
train;Cars;04981;Cars/16-01p;Cars/16-01p/104.csv
train;Cars;04982;Cars/16-01p;Cars/16-01p/105.csv
train;Cars;04985;Cars/16-01p;Cars/16-01p/108.csv
train;Cars;04986;Cars/16-01p;Cars/16-01p/109.csv
train;Cars;04987;Cars/16-01p;Cars/16-01p/110.csv
train;Cars;04988;Cars/16-01p;Cars/16-01p/111.csv
train;Cars;04989;Cars/16-01p;Cars/16-01p/112.csv
train;Cars;04990;Cars/16-01p;Cars/16-01p/113.csv
train;Cars;04992;Cars/16-01p;Cars/16-01p/115.csv
train;Cars;04993;Cars/16-01p;Cars/16-01p/116.csv
train;Cars;04994;Cars/16-01p;Cars/16-01p/117.csv
train;Cars;04997;Cars/16-01p;Cars/16-01p/120.csv
train;Cars;04999;Cars/16-01p;Cars/16-01p/122.csv
train;Cars;05002;Cars/16-01p;Cars/16-01p/125.csv
train;Cars;05003;Cars/16-01p;Cars/16-01p/126.csv
train;Cars;05004;Cars/16-01p;Cars/16-01p/127.csv
train;Cars;05006;Cars/16-01p;Cars/16-01p/129.csv
train;Cars;05009;Cars/16-07;Cars/16-07/003.csv
train;Cars;05010;Cars/16-07;Cars/16-07/004.csv
train;Cars;05011;Cars/16-07;Cars/16-07/005.csv
train;Cars;05012;Cars/16-07;Cars/16-07/006.csv
train;Cars;05013;Cars/16-07;Cars/16-07/007.csv
train;Cars;05014;Cars/16-07;Cars/16-07/008.csv
train;Cars;05015;Cars/16-07;Cars/16-07/009.csv
train;Cars;05017;Cars/16-07;Cars/16-07/011.csv
train;Cars;05018;Cars/16-07;Cars/16-07/012.csv
train;Cars;05019;Cars/16-07;Cars/16-07/013.csv
train;Cars;05020;Cars/16-07;Cars/16-07/014.csv
train;Cars;05021;Cars/16-07;Cars/16-07/015.csv
train;Cars;05022;Cars/16-07;Cars/16-07/016.csv
train;Cars;05023;Cars/16-07;Cars/16-07/017.csv
train;Cars;05024;Cars/16-07;Cars/16-07/018.csv
train;Cars;05025;Cars/16-07;Cars/16-07/019.csv
train;Cars;05026;Cars/16-07;Cars/16-07/020.csv
train;Cars;05028;Cars/16-07;Cars/16-07/022.csv
train;Cars;05030;Cars/16-07;Cars/16-07/024.csv
train;Cars;05034;Cars/16-07;Cars/16-07/028.csv
train;Cars;05035;Cars/16-07;Cars/16-07/029.csv
train;Cars;05036;Cars/16-07;Cars/16-07/030.csv
train;Cars;05037;Cars/16-07;Cars/16-07/031.csv
train;Cars;05038;Cars/16-07;Cars/16-07/032.csv
train;Cars;05039;Cars/16-07;Cars/16-07/033.csv
train;Cars;05041;Cars/16-07;Cars/16-07/035.csv
train;Cars;05042;Cars/16-07;Cars/16-07/036.csv
train;Cars;05044;Cars/16-07;Cars/16-07/038.csv
train;Cars;05045;Cars/16-07;Cars/16-07/039.csv
train;Cars;05046;Cars/16-07;Cars/16-07/040.csv
train;Cars;05049;Cars/16-07;Cars/16-07/043.csv
train;Cars;05050;Cars/16-07;Cars/16-07/044.csv
train;Cars;05051;Cars/16-07;Cars/16-07/045.csv
train;Cars;05052;Cars/16-07;Cars/16-07/046.csv
train;Cars;05053;Cars/16-07;Cars/16-07/047.csv
train;Cars;05054;Cars/16-07;Cars/16-07/048.csv
train;Cars;05055;Cars/16-07;Cars/16-07/049.csv
train;Cars;05056;Cars/16-07;Cars/16-07/050.csv
train;Cars;05057;Cars/16-07;Cars/16-07/051.csv
train;Cars;05059;Cars/16-07;Cars/16-07/053.csv
train;Cars;05061;Cars/16-07;Cars/16-07/055.csv
train;Cars;05063;Cars/16-07;Cars/16-07/057.csv
train;Cars;05064;Cars/16-07;Cars/16-07/058.csv
train;Cars;05065;Cars/16-07;Cars/16-07/059.csv
train;Cars;05066;Cars/16-07;Cars/16-07/060.csv
train;Cars;05067;Cars/16-07;Cars/16-07/061.csv
train;Cars;05068;Cars/16-07;Cars/16-07/062.csv
train;Cars;05069;Cars/16-07;Cars/16-07/063.csv
train;Cars;05070;Cars/16-07;Cars/16-07/064.csv
train;Cars;05071;Cars/16-07;Cars/16-07/065.csv
train;Cars;05073;Cars/16-07;Cars/16-07/067.csv
train;Cars;05074;Cars/16-07;Cars/16-07/068.csv
train;Cars;05075;Cars/16-07;Cars/16-07/069.csv
train;Cars;05077;Cars/16-07;Cars/16-07/071.csv
train;Cars;05080;Cars/16-07;Cars/16-07/074.csv
train;Cars;05081;Cars/16-07;Cars/16-07/075.csv
train;Cars;05082;Cars/16-07;Cars/16-07/076.csv
train;Cars;05083;Cars/16-07;Cars/16-07/077.csv
train;Cars;05085;Cars/16-07;Cars/16-07/079.csv
train;Cars;05087;Cars/16-07;Cars/16-07/081.csv
train;Cars;05088;Cars/16-07;Cars/16-07/082.csv
train;Cars;05089;Cars/16-07;Cars/16-07/083.csv
train;Cars;05090;Cars/16-07;Cars/16-07/084.csv
train;Cars;05091;Cars/16-07;Cars/16-07/085.csv
train;Cars;05093;Cars/16-07;Cars/16-07/087.csv
train;Cars;05094;Cars/16-07;Cars/16-07/088.csv
train;Cars;05096;Cars/16-07;Cars/16-07/090.csv
train;Cars;05097;Cars/16-07;Cars/16-07/091.csv
train;Cars;05098;Cars/16-07;Cars/16-07/092.csv
train;Cars;05099;Cars/16-07;Cars/16-07/093.csv
train;Cars;05100;Cars/16-07;Cars/16-07/094.csv
train;Cars;05101;Cars/16-07;Cars/16-07/095.csv
train;Cars;05102;Cars/16-07;Cars/16-07/096.csv
train;Cars;05103;Cars/16-07;Cars/16-07/097.csv
train;Cars;05104;Cars/16-07;Cars/16-07/098.csv
train;Cars;05105;Cars/16-07;Cars/16-07/099.csv
train;Cars;05106;Cars/16-07;Cars/16-07/100.csv
train;Cars;05108;Cars/16-07;Cars/16-07/102.csv
train;Cars;05109;Cars/16-07;Cars/16-07/103.csv
train;Cars;05110;Cars/16-07;Cars/16-07/104.csv
train;Cars;05111;Cars/16-07;Cars/16-07/105.csv
train;Cars;05112;Cars/16-07;Cars/16-07/106.csv
train;Cars;05113;Cars/16-07;Cars/16-07/107.csv
train;Cars;05114;Cars/16-07;Cars/16-07/108.csv
train;Cars;05116;Cars/16-07;Cars/16-07/110.csv
train;Cars;05117;Cars/16-07;Cars/16-07/111.csv
train;Cars;05119;Cars/16-07;Cars/16-07/113.csv
train;Cars;05121;Cars/16-07;Cars/16-07/115.csv
train;Cars;05124;Cars/16-07;Cars/16-07/118.csv
train;Cars;05125;Cars/16-07;Cars/16-07/119.csv
train;Cars;05126;Cars/16-07;Cars/16-07/120.csv
train;Cars;05128;Cars/16-07;Cars/16-07/122.csv
train;Cars;05129;Cars/16-07;Cars/16-07/123.csv
train;Cars;05130;Cars/16-07;Cars/16-07/124.csv
train;Cars;05131;Cars/16-07;Cars/16-07/125.csv
train;Cars;05132;Cars/16-07;Cars/16-07/126.csv
train;Cars;05133;Cars/16-07;Cars/16-07/127.csv
train;Cars;05134;Cars/16-07;Cars/16-07/128.csv
train;Cars;05135;Cars/16-07;Cars/16-07/129.csv
train;Cars;05136;Cars/16-07;Cars/16-07/130.csv
train;Cars;05137;Cars/16-07;Cars/16-07/131.csv
train;Cars;05138;Cars/16-07;Cars/16-07/132.csv
train;Cars;05139;Cars/16-07;Cars/16-07/133.csv
train;Cars;05140;Cars/16-07;Cars/16-07/134.csv
train;Cars;05141;Cars/16-07;Cars/16-07/135.csv
train;Cars;05142;Cars/16-07;Cars/16-07/136.csv
train;Cars;05143;Cars/16-07;Cars/16-07/137.csv
train;Cars;05144;Cars/16-07;Cars/16-07/138.csv
train;Cars;05145;Cars/16-07;Cars/16-07/139.csv
train;Cars;05146;Cars/16-07;Cars/16-07/140.csv
train;Cars;05148;Cars/16-07;Cars/16-07/142.csv
train;Cars;05149;Cars/16-07;Cars/16-07/143.csv
train;Cars;05152;Cars/16-07;Cars/16-07/146.csv
train;Cars;05153;Cars/16-07;Cars/16-07/147.csv
train;Cars;05154;Cars/16-07;Cars/16-07/148.csv
train;Cars;05158;Cars/16-07;Cars/16-07/152.csv
train;Cars;05159;Cars/16-07;Cars/16-07/153.csv
train;Cars;05160;Cars/16-07;Cars/16-07/154.csv
train;Cars;05161;Cars/16-07;Cars/16-07/155.csv
train;Cars;05162;Cars/16-07;Cars/16-07/156.csv
train;Cars;05164;Cars/16-07;Cars/16-07/158.csv
train;Cars;05165;Cars/16-07;Cars/16-07/159.csv
train;Cars;05166;Cars/16-07;Cars/16-07/160.csv
train;Cars;05169;Cars/16-07;Cars/16-07/163.csv
train;Cars;05170;Cars/16-07;Cars/16-07/164.csv
train;Cars;05171;Cars/16-07;Cars/16-07/165.csv
train;Cars;05172;Cars/16-07;Cars/16-07/166.csv
train;Cars;05173;Cars/16-07;Cars/16-07/167.csv
train;Cars;05174;Cars/16-07;Cars/16-07/168.csv
train;Cars;05175;Cars/16-07;Cars/16-07/169.csv
train;Cars;05176;Cars/16-07;Cars/16-07/170.csv
train;Cars;05178;Cars/16-07;Cars/16-07/172.csv
train;Cars;05179;Cars/16-07;Cars/16-07/173.csv
train;Cars;05180;Cars/16-07;Cars/16-07/174.csv
train;Cars;05185;Cars/16-07;Cars/16-07/179.csv
train;Cars;05186;Cars/16-07;Cars/16-07/180.csv
train;Cars;05187;Cars/16-07;Cars/16-07/181.csv
train;Cars;05188;Cars/16-07;Cars/16-07/182.csv
train;Cars;05189;Cars/16-07;Cars/16-07/183.csv
train;Cars;05191;Cars/16-07;Cars/16-07/185.csv
train;Cars;05192;Cars/16-07;Cars/16-07/186.csv
train;Cars;05194;Cars/16-07;Cars/16-07/188.csv
train;Cars;05195;Cars/16-07;Cars/16-07/189.csv
train;Cars;05196;Cars/16-07;Cars/16-07/190.csv
train;Cars;05197;Cars/16-07;Cars/16-07/191.csv
train;Cars;05198;Cars/16-07;Cars/16-07/192.csv
train;Cars;05199;Cars/16-07;Cars/16-07/193.csv
train;Cars;05200;Cars/16-07;Cars/16-07/194.csv
train;Cars;05201;Cars/16-07;Cars/16-07/195.csv
train;Cars;05202;Cars/16-07;Cars/16-07/196.csv
train;Cars;05203;Cars/16-07;Cars/16-07/197.csv
train;Cars;05206;Cars/16-07;Cars/16-07/200.csv
train;Cars;05207;Cars/16-07;Cars/16-07/201.csv
train;Cars;05209;Cars/16-07;Cars/16-07/203.csv
train;Cars;05210;Cars/16-07;Cars/16-07/204.csv
train;Cars;05211;Cars/16-07;Cars/16-07/205.csv
train;Cars;05212;Cars/16-07;Cars/16-07/206.csv
train;Cars;05213;Cars/16-07;Cars/16-07/207.csv
train;Cars;05215;Cars/16-07;Cars/16-07/209.csv
train;Cars;05216;Cars/16-07;Cars/16-07/210.csv
train;Cars;05217;Cars/16-07;Cars/16-07/211.csv
train;Cars;05220;Cars/16-07;Cars/16-07/214.csv
train;Cars;05221;Cars/16-07;Cars/16-07/215.csv
train;Cars;05222;Cars/16-07;Cars/16-07/216.csv
train;Cars;05223;Cars/16-07;Cars/16-07/217.csv
train;Cars;05224;Cars/16-07;Cars/16-07/218.csv
train;Cars;05225;Cars/16-07;Cars/16-07/219.csv
train;Cars;05226;Cars/16-07;Cars/16-07/220.csv
train;Cars;05227;Cars/16-07;Cars/16-07/221.csv
train;Cars;05228;Cars/16-07;Cars/16-07/222.csv
train;Cars;05229;Cars/16-07;Cars/16-07/223.csv
train;Cars;05232;Cars/16-07;Cars/16-07/226.csv
train;Cars;05233;Cars/16-07;Cars/16-07/227.csv
train;Cars;05234;Cars/16-07;Cars/16-07/228.csv
train;Cars;05236;Cars/16-07;Cars/16-07/230.csv
train;Cars;05237;Cars/16-07;Cars/16-07/231.csv
train;Cars;05238;Cars/16-07;Cars/16-07/232.csv
train;Cars;05239;Cars/16-07;Cars/16-07/233.csv
train;Cars;05240;Cars/16-07;Cars/16-07/234.csv
train;Cars;05244;Cars/16-07;Cars/16-07/238.csv
train;Cars;05245;Cars/16-07;Cars/16-07/239.csv
train;Cars;05248;Cars/16-07;Cars/16-07/242.csv
train;Cars;05249;Cars/16-07;Cars/16-07/243.csv
train;Cars;05250;Cars/16-07;Cars/16-07/244.csv
train;Cars;05251;Cars/16-07;Cars/16-07/245.csv
train;Cars;05252;Cars/16-07;Cars/16-07/246.csv
train;Cars;05254;Cars/16-07;Cars/16-07/248.csv
train;Cars;05255;Cars/16-07;Cars/16-07/249.csv
train;Cars;05256;Cars/16-07;Cars/16-07/250.csv
train;Cars;05258;Cars/16-07;Cars/16-07/252.csv
train;Cars;05259;Cars/16-07;Cars/16-07/253.csv
train;Cars;05260;Cars/16-07;Cars/16-07/254.csv
train;Cars;05261;Cars/16-07;Cars/16-07/255.csv
train;Cars;05262;Cars/16-07;Cars/16-07/256.csv
train;Cars;05263;Cars/16-07;Cars/16-07/257.csv
train;Cars;05264;Cars/16-07;Cars/16-07/258.csv
train;Cars;05265;Cars/16-07;Cars/16-07/259.csv
train;Cars;05266;Cars/16-07;Cars/16-07/260.csv
train;Cars;05267;Cars/16-07;Cars/16-07/261.csv
train;Cars;05268;Cars/16-07;Cars/16-07/262.csv
train;Cars;05269;Cars/16-07;Cars/16-07/263.csv
train;Cars;05270;Cars/16-07;Cars/16-07/264.csv
train;Cars;05271;Cars/16-07;Cars/16-07/265.csv
train;Cars;05274;Cars/16-07;Cars/16-07/268.csv
train;Cars;05275;Cars/16-07;Cars/16-07/269.csv
train;Cars;05277;Cars/16-07;Cars/16-07/271.csv
train;Cars;05279;Cars/16-07;Cars/16-07/273.csv
train;Cars;05280;Cars/16-07;Cars/16-07/274.csv
train;Cars;05281;Cars/16-07;Cars/16-07/275.csv
train;Cars;05283;Cars/16-07;Cars/16-07/277.csv
train;Cars;05284;Cars/16-07;Cars/16-07/278.csv
train;Cars;05285;Cars/16-07;Cars/16-07/279.csv
train;Cars;05287;Cars/16-07;Cars/16-07/281.csv
train;Cars;05290;Cars/16-07p;Cars/16-07p/002.csv
train;Cars;05292;Cars/16-07p;Cars/16-07p/004.csv
train;Cars;05293;Cars/16-07p;Cars/16-07p/005.csv
train;Cars;05294;Cars/16-07p;Cars/16-07p/006.csv
train;Cars;05295;Cars/16-07p;Cars/16-07p/007.csv
train;Cars;05296;Cars/16-07p;Cars/16-07p/008.csv
train;Cars;05297;Cars/16-07p;Cars/16-07p/009.csv
train;Cars;05298;Cars/16-07p;Cars/16-07p/010.csv
train;Cars;05300;Cars/16-07p;Cars/16-07p/012.csv
train;Cars;05301;Cars/16-07p;Cars/16-07p/013.csv
train;Cars;05303;Cars/16-07p;Cars/16-07p/015.csv
train;Cars;05304;Cars/16-07p;Cars/16-07p/016.csv
train;Cars;05305;Cars/16-07p;Cars/16-07p/017.csv
train;Cars;05306;Cars/16-07p;Cars/16-07p/018.csv
train;Cars;05307;Cars/16-07p;Cars/16-07p/019.csv
train;Cars;05310;Cars/16-07p;Cars/16-07p/022.csv
train;Cars;05311;Cars/16-07p;Cars/16-07p/023.csv
train;Cars;05312;Cars/16-07p;Cars/16-07p/024.csv
train;Cars;05315;Cars/16-07p;Cars/16-07p/027.csv
train;Cars;05316;Cars/16-07p;Cars/16-07p/028.csv
train;Cars;05317;Cars/16-07p;Cars/16-07p/029.csv
train;Cars;05319;Cars/16-07p;Cars/16-07p/031.csv
train;Cars;05321;Cars/16-07p;Cars/16-07p/033.csv
train;Cars;05322;Cars/16-07p;Cars/16-07p/034.csv
train;Cars;05323;Cars/16-07p;Cars/16-07p/035.csv
train;Cars;05324;Cars/16-07p;Cars/16-07p/036.csv
train;Cars;05325;Cars/16-07p;Cars/16-07p/037.csv
train;Cars;05326;Cars/16-07p;Cars/16-07p/038.csv
train;Cars;05327;Cars/16-07p;Cars/16-07p/039.csv
train;Cars;05328;Cars/16-07p;Cars/16-07p/040.csv
train;Cars;05329;Cars/16-07p;Cars/16-07p/041.csv
train;Cars;05330;Cars/16-07p;Cars/16-07p/042.csv
train;Cars;05333;Cars/16-07p;Cars/16-07p/045.csv
train;Cars;05334;Cars/16-07p;Cars/16-07p/046.csv
train;Cars;05335;Cars/16-07p;Cars/16-07p/047.csv
train;Cars;05336;Cars/16-07p;Cars/16-07p/048.csv
train;Cars;05338;Cars/16-07p;Cars/16-07p/050.csv
train;Cars;05339;Cars/16-07p;Cars/16-07p/051.csv
train;Cars;05340;Cars/16-07p;Cars/16-07p/052.csv
train;Cars;05341;Cars/16-07p;Cars/16-07p/053.csv
train;Cars;05342;Cars/16-07p;Cars/16-07p/054.csv
train;Cars;05344;Cars/16-07p;Cars/16-07p/056.csv
train;Cars;05345;Cars/16-07p;Cars/16-07p/057.csv
train;Cars;05350;Cars/16-07p;Cars/16-07p/062.csv
train;Cars;05351;Cars/16-07p;Cars/16-07p/063.csv
train;Cars;05353;Cars/16-07p;Cars/16-07p/065.csv
train;Cars;05354;Cars/16-07p;Cars/16-07p/066.csv
train;Cars;05355;Cars/16-07p;Cars/16-07p/067.csv
train;Cars;05356;Cars/16-07p;Cars/16-07p/068.csv
train;Cars;05361;Cars/16-07p;Cars/16-07p/073.csv
train;Cars;05363;Cars/16-07p;Cars/16-07p/075.csv
train;Cars;05364;Cars/16-07p;Cars/16-07p/076.csv
train;Cars;05365;Cars/16-07p;Cars/16-07p/077.csv
train;Cars;05366;Cars/16-07p;Cars/16-07p/078.csv
train;Cars;05368;Cars/16-07p;Cars/16-07p/080.csv
train;Cars;05369;Cars/16-07p;Cars/16-07p/081.csv
train;Cars;05371;Cars/16-07p;Cars/16-07p/083.csv
train;Cars;05372;Cars/16-07p;Cars/16-07p/084.csv
train;Cars;05373;Cars/16-07p;Cars/16-07p/085.csv
train;Cars;05374;Cars/16-07p;Cars/16-07p/086.csv
train;Cars;05375;Cars/16-07p;Cars/16-07p/087.csv
train;Cars;05376;Cars/16-07p;Cars/16-07p/088.csv
train;Cars;05378;Cars/16-07p;Cars/16-07p/090.csv
train;Cars;05381;Cars/16-07p;Cars/16-07p/093.csv
train;Cars;05382;Cars/16-07p;Cars/16-07p/094.csv
train;Cars;05384;Cars/16-07p;Cars/16-07p/096.csv
train;Cars;05385;Cars/16-07p;Cars/16-07p/097.csv
train;Cars;05387;Cars/16-07p;Cars/16-07p/099.csv
train;Cars;05388;Cars/16-07p;Cars/16-07p/100.csv
train;Cars;05391;Cars/16-07p;Cars/16-07p/103.csv
train;Cars;05392;Cars/16-07p;Cars/16-07p/104.csv
train;Cars;05393;Cars/16-07p;Cars/16-07p/105.csv
train;Cars;05394;Cars/16-07p;Cars/16-07p/106.csv
train;Cars;05395;Cars/16-07p;Cars/16-07p/107.csv
train;Cars;05396;Cars/16-07p;Cars/16-07p/108.csv
train;Cars;05398;Cars/16-07p;Cars/16-07p/110.csv
train;Cars;05401;Cars/16-07p;Cars/16-07p/113.csv
train;Cars;05403;Cars/16-07p;Cars/16-07p/115.csv
train;Cars;05405;Cars/16-07p;Cars/16-07p/117.csv
train;Cars;05406;Cars/16-07p;Cars/16-07p/118.csv
train;Cars;05407;Cars/16-07p;Cars/16-07p/119.csv
train;Cars;05408;Cars/16-07p;Cars/16-07p/120.csv
train;Cars;05409;Cars/16-07p;Cars/16-07p/121.csv
train;Cars;05410;Cars/16-07p;Cars/16-07p/122.csv
train;Cars;05412;Cars/16-07p;Cars/16-07p/124.csv
train;Cars;05413;Cars/16-07p;Cars/16-07p/125.csv
train;Cars;05414;Cars/16-07p;Cars/16-07p/126.csv
train;Cars;05415;Cars/16-07p;Cars/16-07p/127.csv
train;Cars;05417;Cars/16-07p;Cars/16-07p/129.csv
train;Cars;05418;Cars/16-07p;Cars/16-07p/130.csv
train;Cars;05419;Cars/16-07p;Cars/16-07p/131.csv
train;Cars;05420;Cars/16-07p;Cars/16-07p/132.csv
train;Cars;05421;Cars/16-07p;Cars/16-07p/133.csv
train;Cars;05422;Cars/16-07p;Cars/16-07p/134.csv
train;Cars;05424;Cars/16-07p;Cars/16-07p/136.csv
train;Cars;05425;Cars/16-07p;Cars/16-07p/137.csv
train;Cars;05426;Cars/16-07p;Cars/16-07p/138.csv
train;Cars;05427;Cars/16-07p;Cars/16-07p/139.csv
train;Cars;05428;Cars/16-07p;Cars/16-07p/140.csv
train;Cars;05429;Cars/16-07p;Cars/16-07p/141.csv
train;Cars;05430;Cars/16-07p;Cars/16-07p/142.csv
train;Cars;05431;Cars/16-07p;Cars/16-07p/143.csv
train;Cars;05432;Cars/16-07p;Cars/16-07p/144.csv
train;Cars;05434;Cars/16-07p;Cars/16-07p/146.csv
train;Cars;05435;Cars/16-07p;Cars/16-07p/147.csv
train;Cars;05436;Cars/16-07p;Cars/16-07p/148.csv
train;Cars;05438;Cars/16-07p;Cars/16-07p/150.csv
train;Cars;05439;Cars/16-07p;Cars/16-07p/151.csv
train;Cars;05440;Cars/16-07p;Cars/16-07p/152.csv
train;Cars;05441;Cars/17-09;Cars/17-09/001.csv
train;Cars;05442;Cars/17-09;Cars/17-09/002.csv
train;Cars;05443;Cars/17-09;Cars/17-09/003.csv
train;Cars;05446;Cars/17-09;Cars/17-09/006.csv
train;Cars;05447;Cars/17-09;Cars/17-09/007.csv
train;Cars;05449;Cars/17-09;Cars/17-09/009.csv
train;Cars;05450;Cars/17-09;Cars/17-09/010.csv
train;Cars;05451;Cars/17-09;Cars/17-09/011.csv
train;Cars;05452;Cars/17-09;Cars/17-09/012.csv
train;Cars;05454;Cars/17-09;Cars/17-09/014.csv
train;Cars;05456;Cars/17-09;Cars/17-09/016.csv
train;Cars;05458;Cars/17-09;Cars/17-09/018.csv
train;Cars;05459;Cars/17-09;Cars/17-09/019.csv
train;Cars;05460;Cars/17-09;Cars/17-09/020.csv
train;Cars;05461;Cars/17-09;Cars/17-09/021.csv
train;Cars;05462;Cars/17-09;Cars/17-09/022.csv
train;Cars;05463;Cars/17-09;Cars/17-09/023.csv
train;Cars;05464;Cars/17-09;Cars/17-09/024.csv
train;Cars;05465;Cars/17-09;Cars/17-09/025.csv
train;Cars;05466;Cars/17-09;Cars/17-09/026.csv
train;Cars;05467;Cars/17-09;Cars/17-09/027.csv
train;Cars;05468;Cars/17-09;Cars/17-09/028.csv
train;Cars;05471;Cars/17-09;Cars/17-09/031.csv
train;Cars;05475;Cars/17-09;Cars/17-09/035.csv
train;Cars;05476;Cars/17-09;Cars/17-09/036.csv
train;Cars;05477;Cars/17-09;Cars/17-09/037.csv
train;Cars;05478;Cars/17-09;Cars/17-09/038.csv
train;Cars;05479;Cars/17-09;Cars/17-09/039.csv
train;Cars;05480;Cars/17-09;Cars/17-09/040.csv
train;Cars;05484;Cars/17-09;Cars/17-09/044.csv
train;Cars;05485;Cars/17-09;Cars/17-09/045.csv
train;Cars;05487;Cars/17-09;Cars/17-09/047.csv
train;Cars;05488;Cars/17-09;Cars/17-09/048.csv
train;Cars;05489;Cars/17-09;Cars/17-09/049.csv
train;Cars;05491;Cars/17-09;Cars/17-09/051.csv
train;Cars;05492;Cars/17-09;Cars/17-09/052.csv
train;Cars;05494;Cars/17-09;Cars/17-09/054.csv
train;Cars;05495;Cars/17-09;Cars/17-09/055.csv
train;Cars;05496;Cars/17-09;Cars/17-09/056.csv
train;Cars;05497;Cars/17-09;Cars/17-09/057.csv
train;Cars;05498;Cars/17-09;Cars/17-09/058.csv
train;Cars;05499;Cars/17-09;Cars/17-09/059.csv
train;Cars;05500;Cars/17-09;Cars/17-09/060.csv
train;Cars;05502;Cars/17-09;Cars/17-09/062.csv
train;Cars;05504;Cars/17-09;Cars/17-09/064.csv
train;Cars;05505;Cars/17-09;Cars/17-09/065.csv
train;Cars;05506;Cars/17-09;Cars/17-09/066.csv
train;Cars;05507;Cars/17-09;Cars/17-09/067.csv
train;Cars;05509;Cars/17-09;Cars/17-09/069.csv
train;Cars;05510;Cars/17-09;Cars/17-09/070.csv
train;Cars;05511;Cars/17-09;Cars/17-09/071.csv
train;Cars;05512;Cars/17-09;Cars/17-09/072.csv
train;Cars;05514;Cars/17-09;Cars/17-09/074.csv
train;Cars;05516;Cars/17-09;Cars/17-09/076.csv
train;Cars;05517;Cars/17-09;Cars/17-09/077.csv
train;Cars;05518;Cars/17-09;Cars/17-09/078.csv
train;Cars;05521;Cars/17-09;Cars/17-09/081.csv
train;Cars;05522;Cars/17-09;Cars/17-09/082.csv
train;Cars;05524;Cars/17-09;Cars/17-09/084.csv
train;Cars;05525;Cars/17-09;Cars/17-09/085.csv
train;Cars;05526;Cars/17-09;Cars/17-09/086.csv
train;Cars;05527;Cars/17-09;Cars/17-09/087.csv
train;Cars;05528;Cars/17-09;Cars/17-09/088.csv
train;Cars;05529;Cars/17-09;Cars/17-09/089.csv
train;Cars;05530;Cars/17-09;Cars/17-09/090.csv
train;Cars;05531;Cars/17-09;Cars/17-09/091.csv
train;Cars;05532;Cars/17-09;Cars/17-09/092.csv
train;Cars;05535;Cars/17-09;Cars/17-09/095.csv
train;Cars;05536;Cars/17-09;Cars/17-09/096.csv
train;Cars;05538;Cars/17-09;Cars/17-09/098.csv
train;Cars;05540;Cars/17-09;Cars/17-09/100.csv
train;Cars;05541;Cars/17-09;Cars/17-09/101.csv
train;Cars;05542;Cars/17-09;Cars/17-09/102.csv
train;Cars;05543;Cars/17-09;Cars/17-09/103.csv
train;Cars;05544;Cars/17-09;Cars/17-09/104.csv
train;Cars;05545;Cars/17-09;Cars/17-09/105.csv
train;Cars;05546;Cars/17-09;Cars/17-09/106.csv
train;Cars;05547;Cars/17-09;Cars/17-09/107.csv
train;Cars;05548;Cars/17-09;Cars/17-09/108.csv
train;Cars;05550;Cars/17-09;Cars/17-09/110.csv
train;Cars;05551;Cars/17-09;Cars/17-09/111.csv
train;Cars;05552;Cars/17-09;Cars/17-09/112.csv
train;Cars;05554;Cars/17-09;Cars/17-09/114.csv
train;Cars;05555;Cars/17-09;Cars/17-09/115.csv
train;Cars;05557;Cars/17-09;Cars/17-09/117.csv
train;Cars;05558;Cars/17-09;Cars/17-09/118.csv
train;Cars;05560;Cars/17-09;Cars/17-09/120.csv
train;Cars;05561;Cars/17-09;Cars/17-09/121.csv
train;Cars;05562;Cars/17-09;Cars/17-09/122.csv
train;Cars;05563;Cars/17-09;Cars/17-09/123.csv
train;Cars;05568;Cars/17-09;Cars/17-09/128.csv
train;Cars;05569;Cars/17-09;Cars/17-09/129.csv
train;Cars;05571;Cars/17-09;Cars/17-09/131.csv
train;Cars;05573;Cars/17-09;Cars/17-09/133.csv
train;Cars;05574;Cars/17-09;Cars/17-09/134.csv
train;Cars;05575;Cars/17-09;Cars/17-09/135.csv
train;Cars;05576;Cars/17-09;Cars/17-09/136.csv
train;Cars;05577;Cars/17-09;Cars/17-09/137.csv
train;Cars;05578;Cars/17-09;Cars/17-09/138.csv
train;Cars;05579;Cars/17-09;Cars/17-09/139.csv
train;Cars;05582;Cars/17-09p;Cars/17-09p/002.csv
train;Cars;05583;Cars/17-09p;Cars/17-09p/003.csv
train;Cars;05584;Cars/17-09p;Cars/17-09p/004.csv
train;Cars;05585;Cars/17-09p;Cars/17-09p/005.csv
train;Cars;05586;Cars/17-09p;Cars/17-09p/006.csv
train;Cars;05588;Cars/17-09p;Cars/17-09p/008.csv
train;Cars;05589;Cars/17-09p;Cars/17-09p/009.csv
train;Cars;05591;Cars/17-09p;Cars/17-09p/011.csv
train;Cars;05593;Cars/17-09p;Cars/17-09p/013.csv
train;Cars;05594;Cars/17-09p;Cars/17-09p/014.csv
train;Cars;05595;Cars/17-09p;Cars/17-09p/015.csv
train;Cars;05601;Cars/17-09p;Cars/17-09p/021.csv
train;Cars;05602;Cars/17-09p;Cars/17-09p/022.csv
train;Cars;05603;Cars/17-09p;Cars/17-09p/023.csv
train;Cars;05605;Cars/17-09p;Cars/17-09p/025.csv
train;Cars;05607;Cars/17-09p;Cars/17-09p/027.csv
train;Cars;05608;Cars/17-09p;Cars/17-09p/028.csv
train;Cars;05609;Cars/17-09p;Cars/17-09p/029.csv
train;Cars;05610;Cars/17-09p;Cars/17-09p/030.csv
train;Cars;05611;Cars/17-09p;Cars/17-09p/031.csv
train;Cars;05612;Cars/17-09p;Cars/17-09p/032.csv
train;Cars;05613;Cars/17-09p;Cars/17-09p/033.csv
train;Cars;05614;Cars/17-09p;Cars/17-09p/034.csv
train;Cars;05615;Cars/17-09p;Cars/17-09p/035.csv
train;Cars;05618;Cars/17-09p;Cars/17-09p/038.csv
train;Cars;05619;Cars/17-09p;Cars/17-09p/039.csv
train;Cars;05620;Cars/17-09p;Cars/17-09p/040.csv
train;Cars;05623;Cars/17-09p;Cars/17-09p/043.csv
train;Cars;05624;Cars/17-09p;Cars/17-09p/044.csv
train;Cars;05626;Cars/17-09p;Cars/17-09p/046.csv
train;Cars;05628;Cars/17-09p;Cars/17-09p/048.csv
train;Cars;05629;Cars/17-09p;Cars/17-09p/049.csv
train;Cars;05631;Cars/17-09p;Cars/17-09p/051.csv
train;Cars;05632;Cars/17-09p;Cars/17-09p/052.csv
train;Cars;05633;Cars/17-09p;Cars/17-09p/053.csv
train;Cars;05634;Cars/17-09p;Cars/17-09p/054.csv
train;Cars;05636;Cars/17-09p;Cars/17-09p/056.csv
train;Cars;05637;Cars/17-09p;Cars/17-09p/057.csv
train;Cars;05638;Cars/17-09p;Cars/17-09p/058.csv
train;Cars;05639;Cars/17-09p;Cars/17-09p/059.csv
train;Cars;05641;Cars/17-09p;Cars/17-09p/061.csv
train;Cars;05642;Cars/17-09p;Cars/17-09p/062.csv
train;Cars;05643;Cars/17-09p;Cars/17-09p/063.csv
train;Cars;05644;Cars/17-09p;Cars/17-09p/064.csv
train;Cars;05645;Cars/17-09p;Cars/17-09p/065.csv
train;Cars;05646;Cars/17-09p;Cars/17-09p/066.csv
train;Cars;05647;Cars/17-09p;Cars/17-09p/067.csv
train;Cars;05648;Cars/17-09p;Cars/17-09p/068.csv
train;Cars;05649;Cars/17-09p;Cars/17-09p/069.csv
train;Cars;05650;Cars/17-09p;Cars/17-09p/070.csv
train;Cars;05651;Cars/17-09p;Cars/17-09p/071.csv
train;Cars;05652;Cars/17-09p;Cars/17-09p/072.csv
train;Cars;05655;Cars/17-09p;Cars/17-09p/075.csv
train;Cars;05656;Cars/17-09p;Cars/17-09p/076.csv
train;Cars;05657;Cars/17-09p;Cars/17-09p/077.csv
train;Cars;05658;Cars/17-09p;Cars/17-09p/078.csv
train;Cars;05660;Cars/17-09p;Cars/17-09p/080.csv
train;Cars;05661;Cars/17-09p;Cars/17-09p/081.csv
train;Cars;05662;Cars/17-09p;Cars/17-09p/082.csv
train;Cars;05663;Cars/17-09p;Cars/17-09p/083.csv
train;Cars;05664;Cars/17-09p;Cars/17-09p/084.csv
train;Cars;05665;Cars/17-09p;Cars/17-09p/085.csv
train;Cars;05667;Cars/17-09p;Cars/17-09p/087.csv
train;Cars;05668;Cars/17-09p;Cars/17-09p/088.csv
train;Cars;05669;Cars/17-09p;Cars/17-09p/089.csv
train;Cars;05670;Cars/17-09p;Cars/17-09p/090.csv
train;Cars;05671;Cars/17-09p;Cars/17-09p/091.csv
train;Cars;05672;Cars/17-09p;Cars/17-09p/092.csv
train;Cars;05676;Cars/17-09p;Cars/17-09p/096.csv
train;Cars;05677;Cars/17-09p;Cars/17-09p/097.csv
train;Cars;05680;Cars/17-09p;Cars/17-09p/100.csv
train;Cars;05682;Cars/17-09p;Cars/17-09p/102.csv
train;Cars;05684;Cars/17-09p;Cars/17-09p/104.csv
train;Cars;05685;Cars/17-09p;Cars/17-09p/105.csv
train;Cars;05686;Cars/17-09p;Cars/17-09p/106.csv
train;Cars;05687;Cars/17-09p;Cars/17-09p/107.csv
train;Cars;05689;Cars/17-09p;Cars/17-09p/109.csv
train;Cars;05691;Cars/17-09p;Cars/17-09p/111.csv
train;Cars;05692;Cars/17-09p;Cars/17-09p/112.csv
train;Cars;05693;Cars/17-09p;Cars/17-09p/113.csv
train;Cars;05694;Cars/17-09p;Cars/17-09p/114.csv
train;Cars;05695;Cars/17-09p;Cars/17-09p/115.csv
train;Cars;05696;Cars/17-09p;Cars/17-09p/116.csv
train;Cars;05697;Cars/17-09p;Cars/17-09p/117.csv
train;Cars;05698;Cars/17-09p;Cars/17-09p/118.csv
train;Cars;05699;Cars/17-09p;Cars/17-09p/119.csv
train;Cars;05701;Cars/17-09p;Cars/17-09p/121.csv
train;Cars;05702;Cars/17-09p;Cars/17-09p/122.csv
train;Cars;05703;Cars/17-09p;Cars/17-09p/123.csv
train;Cars;05704;Cars/17-09p;Cars/17-09p/124.csv
train;Cars;05705;Cars/17-09p;Cars/17-09p/125.csv
train;Cars;05707;Cars/17-09p;Cars/17-09p/127.csv
train;Cars;05708;Cars/17-09p;Cars/17-09p/128.csv
train;Cars;05709;Cars/17-09p;Cars/17-09p/129.csv
train;Cars;05710;Cars/17-09p;Cars/17-09p/130.csv
train;Cars;05711;Cars/17-09p;Cars/17-09p/131.csv
train;Cars;05712;Cars/17-09p;Cars/17-09p/132.csv
train;Cars;05713;Cars/17-09p;Cars/17-09p/133.csv
train;Cars;05715;Cars/17-09p;Cars/17-09p/135.csv
train;Cars;05717;Cars/17-09p;Cars/17-09p/137.csv
train;Cars;05720;Cars/17-09p;Cars/17-09p/140.csv
train;Drones;00001;Drones/12-34;Drones/12-34/001.csv
train;Drones;00002;Drones/12-34;Drones/12-34/002.csv
train;Drones;00003;Drones/12-34;Drones/12-34/003.csv
train;Drones;00004;Drones/12-34;Drones/12-34/004.csv
train;Drones;00005;Drones/12-34;Drones/12-34/005.csv
train;Drones;00006;Drones/12-34;Drones/12-34/006.csv
train;Drones;00007;Drones/12-34;Drones/12-34/007.csv
train;Drones;00008;Drones/12-34;Drones/12-34/008.csv
train;Drones;00010;Drones/12-34;Drones/12-34/010.csv
train;Drones;00011;Drones/12-34;Drones/12-34/011.csv
train;Drones;00012;Drones/12-34;Drones/12-34/012.csv
train;Drones;00014;Drones/12-34;Drones/12-34/014.csv
train;Drones;00016;Drones/12-34;Drones/12-34/016.csv
train;Drones;00017;Drones/12-34;Drones/12-34/017.csv
train;Drones;00019;Drones/12-34;Drones/12-34/019.csv
train;Drones;00021;Drones/12-34;Drones/12-34/021.csv
train;Drones;00022;Drones/12-34;Drones/12-34/022.csv
train;Drones;00023;Drones/12-34;Drones/12-34/023.csv
train;Drones;00025;Drones/12-34;Drones/12-34/025.csv
train;Drones;00028;Drones/12-34;Drones/12-34/028.csv
train;Drones;00029;Drones/12-34;Drones/12-34/029.csv
train;Drones;00031;Drones/12-34;Drones/12-34/031.csv
train;Drones;00035;Drones/12-34;Drones/12-34/035.csv
train;Drones;00036;Drones/12-34;Drones/12-34/036.csv
train;Drones;00037;Drones/12-34;Drones/12-34/037.csv
train;Drones;00038;Drones/12-34;Drones/12-34/038.csv
train;Drones;00039;Drones/12-34;Drones/12-34/040.csv
train;Drones;00040;Drones/12-34;Drones/12-34/044.csv
train;Drones;00041;Drones/12-34;Drones/12-34/048.csv
train;Drones;00042;Drones/12-34;Drones/12-34/049.csv
train;Drones;00043;Drones/12-34;Drones/12-34/050.csv
train;Drones;00045;Drones/12-34;Drones/12-34/052.csv
train;Drones;00047;Drones/12-34;Drones/12-34/054.csv
train;Drones;00049;Drones/12-34;Drones/12-34/056.csv
train;Drones;00050;Drones/12-34;Drones/12-34/057.csv
train;Drones;00051;Drones/12-34;Drones/12-34/058.csv
train;Drones;00053;Drones/12-34;Drones/12-34/060.csv
train;Drones;00054;Drones/12-34;Drones/12-34/061.csv
train;Drones;00055;Drones/12-34;Drones/12-34/062.csv
train;Drones;00056;Drones/12-34;Drones/12-34/063.csv
train;Drones;00057;Drones/12-34;Drones/12-34/064.csv
train;Drones;00058;Drones/12-34;Drones/12-34/065.csv
train;Drones;00059;Drones/12-34;Drones/12-34/066.csv
train;Drones;00060;Drones/12-34;Drones/12-34/067.csv
train;Drones;00061;Drones/12-34;Drones/12-34/068.csv
train;Drones;00064;Drones/12-34;Drones/12-34/071.csv
train;Drones;00065;Drones/12-34;Drones/12-34/072.csv
train;Drones;00067;Drones/12-34;Drones/12-34/074.csv
train;Drones;00068;Drones/12-34;Drones/12-34/075.csv
train;Drones;00072;Drones/12-34;Drones/12-34/079.csv
train;Drones;00073;Drones/12-34;Drones/12-34/080.csv
train;Drones;00075;Drones/12-34;Drones/12-34/082.csv
train;Drones;00077;Drones/12-34;Drones/12-34/084.csv
train;Drones;00078;Drones/12-34;Drones/12-34/085.csv
train;Drones;00079;Drones/12-34;Drones/12-34/086.csv
train;Drones;00082;Drones/12-34;Drones/12-34/089.csv
train;Drones;00083;Drones/12-34;Drones/12-34/090.csv
train;Drones;00084;Drones/12-34;Drones/12-34/091.csv
train;Drones;00086;Drones/12-34;Drones/12-34/093.csv
train;Drones;00087;Drones/12-34;Drones/12-34/094.csv
train;Drones;00088;Drones/12-34;Drones/12-34/095.csv
train;Drones;00090;Drones/12-34;Drones/12-34/097.csv
train;Drones;00092;Drones/12-34;Drones/12-34/099.csv
train;Drones;00093;Drones/12-34;Drones/12-34/100.csv
train;Drones;00095;Drones/12-34;Drones/12-34/102.csv
train;Drones;00098;Drones/12-34;Drones/12-34/105.csv
train;Drones;00099;Drones/12-34;Drones/12-34/106.csv
train;Drones;00102;Drones/12-34;Drones/12-34/109.csv
train;Drones;00103;Drones/12-34;Drones/12-34/110.csv
train;Drones;00104;Drones/12-34;Drones/12-34/111.csv
train;Drones;00105;Drones/12-34;Drones/12-34/112.csv
train;Drones;00106;Drones/12-34;Drones/12-34/113.csv
train;Drones;00108;Drones/12-34;Drones/12-34/115.csv
train;Drones;00109;Drones/12-34;Drones/12-34/116.csv
train;Drones;00111;Drones/12-34;Drones/12-34/118.csv
train;Drones;00113;Drones/12-34;Drones/12-34/120.csv
train;Drones;00115;Drones/12-34;Drones/12-34/122.csv
train;Drones;00116;Drones/12-34;Drones/12-34/123.csv
train;Drones;00117;Drones/12-34;Drones/12-34/124.csv
train;Drones;00118;Drones/12-34;Drones/12-34/125.csv
train;Drones;00119;Drones/12-34;Drones/12-34/126.csv
train;Drones;00120;Drones/12-34;Drones/12-34/127.csv
train;Drones;00122;Drones/12-34;Drones/12-34/129.csv
train;Drones;00124;Drones/12-34;Drones/12-34/131.csv
train;Drones;00125;Drones/12-34;Drones/12-34/132.csv
train;Drones;00126;Drones/12-34;Drones/12-34/133.csv
train;Drones;00127;Drones/12-34;Drones/12-34/134.csv
train;Drones;00128;Drones/12-34;Drones/12-34/135.csv
train;Drones;00129;Drones/12-34;Drones/12-34/136.csv
train;Drones;00130;Drones/12-34;Drones/12-34/137.csv
train;Drones;00131;Drones/12-34;Drones/12-34/138.csv
train;Drones;00132;Drones/12-34;Drones/12-34/139.csv
train;Drones;00134;Drones/12-34;Drones/12-34/141.csv
train;Drones;00137;Drones/12-34;Drones/12-34/144.csv
train;Drones;00138;Drones/12-34;Drones/12-34/145.csv
train;Drones;00139;Drones/12-34;Drones/12-34/146.csv
train;Drones;00141;Drones/12-34;Drones/12-34/148.csv
train;Drones;00142;Drones/12-34;Drones/12-34/149.csv
train;Drones;00143;Drones/12-34;Drones/12-34/150.csv
train;Drones;00144;Drones/12-34;Drones/12-34/151.csv
train;Drones;00146;Drones/12-34;Drones/12-34/153.csv
train;Drones;00147;Drones/12-34;Drones/12-34/154.csv
train;Drones;00148;Drones/12-34;Drones/12-34/155.csv
train;Drones;00149;Drones/12-34;Drones/12-34/156.csv
train;Drones;00154;Drones/12-34;Drones/12-34/163.csv
train;Drones;00155;Drones/12-34;Drones/12-34/167.csv
train;Drones;00156;Drones/12-34;Drones/12-34/168.csv
train;Drones;00159;Drones/12-34;Drones/12-34/171.csv
train;Drones;00160;Drones/12-34;Drones/12-34/172.csv
train;Drones;00161;Drones/12-34;Drones/12-34/173.csv
train;Drones;00162;Drones/12-34;Drones/12-34/174.csv
train;Drones;00163;Drones/12-34;Drones/12-34/175.csv
train;Drones;00164;Drones/12-34;Drones/12-34/176.csv
train;Drones;00165;Drones/12-34;Drones/12-34/177.csv
train;Drones;00166;Drones/12-34;Drones/12-34/178.csv
train;Drones;00168;Drones/12-34;Drones/12-34/180.csv
train;Drones;00170;Drones/12-34;Drones/12-34/182.csv
train;Drones;00172;Drones/12-34;Drones/12-34/184.csv
train;Drones;00173;Drones/12-34;Drones/12-34/185.csv
train;Drones;00174;Drones/12-34;Drones/12-34/186.csv
train;Drones;00177;Drones/12-34;Drones/12-34/189.csv
train;Drones;00179;Drones/12-34;Drones/12-34/191.csv
train;Drones;00182;Drones/12-34;Drones/12-34/194.csv
train;Drones;00183;Drones/12-34;Drones/12-34/195.csv
train;Drones;00184;Drones/12-34;Drones/12-34/196.csv
train;Drones;00186;Drones/12-34;Drones/12-34/198.csv
train;Drones;00187;Drones/12-34;Drones/12-34/199.csv
train;Drones;00188;Drones/12-34;Drones/12-34/200.csv
train;Drones;00190;Drones/12-34;Drones/12-34/202.csv
train;Drones;00191;Drones/12-34;Drones/12-34/203.csv
train;Drones;00194;Drones/12-34;Drones/12-34/206.csv
train;Drones;00195;Drones/12-34;Drones/12-34/207.csv
train;Drones;00198;Drones/12-34;Drones/12-34/210.csv
train;Drones;00201;Drones/12-34;Drones/12-34/213.csv
train;Drones;00202;Drones/12-34;Drones/12-34/214.csv
train;Drones;00203;Drones/12-34;Drones/12-34/218.csv
train;Drones;00205;Drones/12-34;Drones/12-34/220.csv
train;Drones;00207;Drones/12-34;Drones/12-34/222.csv
train;Drones;00208;Drones/12-34;Drones/12-34/223.csv
train;Drones;00210;Drones/12-34;Drones/12-34/225.csv
train;Drones;00213;Drones/12-34;Drones/12-34/231.csv
train;Drones;00214;Drones/12-34;Drones/12-34/232.csv
train;Drones;00216;Drones/12-34;Drones/12-34/234.csv
train;Drones;00217;Drones/12-34;Drones/12-34/235.csv
train;Drones;00223;Drones/12-34;Drones/12-34/241.csv
train;Drones;00224;Drones/12-34;Drones/12-34/242.csv
train;Drones;00225;Drones/12-34;Drones/12-34/243.csv
train;Drones;00226;Drones/12-34;Drones/12-34/244.csv
train;Drones;00227;Drones/12-34;Drones/12-34/245.csv
train;Drones;00232;Drones/12-34;Drones/12-34/250.csv
train;Drones;00233;Drones/12-34;Drones/12-34/254.csv
train;Drones;00235;Drones/12-34;Drones/12-34/256.csv
train;Drones;00236;Drones/12-34;Drones/12-34/257.csv
train;Drones;00237;Drones/12-34;Drones/12-34/258.csv
train;Drones;00238;Drones/12-34;Drones/12-34/259.csv
train;Drones;00242;Drones/12-34;Drones/12-34/266.csv
train;Drones;00243;Drones/12-34;Drones/12-34/267.csv
train;Drones;00244;Drones/12-34;Drones/12-34/268.csv
train;Drones;00245;Drones/12-34;Drones/12-34/269.csv
train;Drones;00246;Drones/12-34;Drones/12-34/270.csv
train;Drones;00247;Drones/12-34;Drones/12-34/271.csv
train;Drones;00250;Drones/12-34;Drones/12-34/274.csv
train;Drones;00251;Drones/12-34;Drones/12-34/275.csv
train;Drones;00254;Drones/12-34;Drones/12-34/278.csv
train;Drones;00256;Drones/12-34;Drones/12-34/280.csv
train;Drones;00257;Drones/12-34;Drones/12-34/281.csv
train;Drones;00258;Drones/12-34;Drones/12-34/282.csv
train;Drones;00259;Drones/12-34;Drones/12-34/283.csv
train;Drones;00261;Drones/12-34;Drones/12-34/285.csv
train;Drones;00262;Drones/12-34;Drones/12-34/286.csv
train;Drones;00263;Drones/12-34;Drones/12-34/287.csv
train;Drones;00264;Drones/12-34;Drones/12-34/288.csv
train;Drones;00265;Drones/12-34;Drones/12-34/289.csv
train;Drones;00266;Drones/12-34;Drones/12-34/290.csv
train;Drones;00267;Drones/12-34;Drones/12-34/291.csv
train;Drones;00268;Drones/12-34;Drones/12-34/292.csv
train;Drones;00269;Drones/12-34;Drones/12-34/293.csv
train;Drones;00270;Drones/12-34;Drones/12-34/294.csv
train;Drones;00272;Drones/12-34;Drones/12-34/296.csv
train;Drones;00273;Drones/12-34;Drones/12-34/297.csv
train;Drones;00274;Drones/12-34;Drones/12-34/298.csv
train;Drones;00276;Drones/12-34;Drones/12-34/303.csv
train;Drones;00277;Drones/12-34;Drones/12-34/304.csv
train;Drones;00278;Drones/12-34;Drones/12-34/305.csv
train;Drones;00281;Drones/12-34;Drones/12-34/308.csv
train;Drones;00282;Drones/12-34;Drones/12-34/309.csv
train;Drones;00283;Drones/12-34;Drones/12-34/310.csv
train;Drones;00285;Drones/12-34;Drones/12-34/312.csv
train;Drones;00286;Drones/12-34;Drones/12-34/313.csv
train;Drones;00287;Drones/12-34;Drones/12-34/314.csv
train;Drones;00289;Drones/12-34;Drones/12-34/316.csv
train;Drones;00293;Drones/12-34;Drones/12-34/320.csv
train;Drones;00295;Drones/12-34;Drones/12-34/322.csv
train;Drones;00296;Drones/12-34;Drones/12-34/323.csv
train;Drones;00300;Drones/12-34;Drones/12-34/327.csv
train;Drones;00301;Drones/12-34;Drones/12-34/328.csv
train;Drones;00302;Drones/12-34;Drones/12-34/329.csv
train;Drones;00303;Drones/12-34;Drones/12-34/330.csv
train;Drones;00304;Drones/12-34;Drones/12-34/331.csv
train;Drones;00305;Drones/12-34;Drones/12-34/332.csv
train;Drones;00307;Drones/12-34;Drones/12-34/334.csv
train;Drones;00308;Drones/12-34;Drones/12-34/335.csv
train;Drones;00311;Drones/12-34;Drones/12-34/338.csv
train;Drones;00312;Drones/12-34;Drones/12-34/339.csv
train;Drones;00313;Drones/12-34;Drones/12-34/340.csv
train;Drones;00314;Drones/12-34;Drones/12-34/341.csv
train;Drones;00317;Drones/12-34;Drones/12-34/344.csv
train;Drones;00318;Drones/12-34;Drones/12-34/345.csv
train;Drones;00320;Drones/12-34;Drones/12-34/347.csv
train;Drones;00321;Drones/12-34;Drones/12-34/348.csv
train;Drones;00322;Drones/12-34;Drones/12-34/349.csv
train;Drones;00324;Drones/12-34;Drones/12-34/351.csv
train;Drones;00325;Drones/12-34;Drones/12-34/352.csv
train;Drones;00328;Drones/12-34;Drones/12-34/355.csv
train;Drones;00330;Drones/12-34;Drones/12-34/357.csv
train;Drones;00332;Drones/12-34;Drones/12-34/359.csv
train;Drones;00335;Drones/12-34;Drones/12-34/362.csv
train;Drones;00336;Drones/12-34;Drones/12-34/363.csv
train;Drones;00337;Drones/12-34;Drones/12-34/364.csv
train;Drones;00338;Drones/12-34;Drones/12-34/365.csv
train;Drones;00339;Drones/12-34;Drones/12-34/366.csv
train;Drones;00340;Drones/12-34;Drones/12-34/367.csv
train;Drones;00341;Drones/12-34;Drones/12-34/368.csv
train;Drones;00342;Drones/12-34;Drones/12-34/369.csv
train;Drones;00343;Drones/12-34;Drones/12-34/370.csv
train;Drones;00344;Drones/12-34;Drones/12-34/371.csv
train;Drones;00345;Drones/12-34;Drones/12-34/372.csv
train;Drones;00346;Drones/12-34;Drones/12-34/373.csv
train;Drones;00348;Drones/12-34;Drones/12-34/378.csv
train;Drones;00349;Drones/12-34;Drones/12-34/379.csv
train;Drones;00350;Drones/12-34;Drones/12-34/380.csv
train;Drones;00353;Drones/12-34;Drones/12-34/383.csv
train;Drones;00356;Drones/12-34;Drones/12-34/387.csv
train;Drones;00358;Drones/12-34;Drones/12-34/389.csv
train;Drones;00359;Drones/12-34;Drones/12-34/390.csv
train;Drones;00360;Drones/12-34;Drones/12-34/391.csv
train;Drones;00362;Drones/12-34;Drones/12-34/395.csv
train;Drones;00363;Drones/12-34;Drones/12-34/399.csv
train;Drones;00364;Drones/12-34;Drones/12-34/403.csv
train;Drones;00365;Drones/12-34;Drones/12-34/404.csv
train;Drones;00366;Drones/12-34;Drones/12-34/405.csv
train;Drones;00369;Drones/12-34;Drones/12-34/408.csv
train;Drones;00370;Drones/12-34;Drones/12-34/409.csv
train;Drones;00371;Drones/12-34;Drones/12-34/410.csv
train;Drones;00373;Drones/12-34;Drones/12-34/412.csv
train;Drones;00375;Drones/12-34;Drones/12-34/414.csv
train;Drones;00376;Drones/12-34;Drones/12-34/415.csv
train;Drones;00378;Drones/12-34;Drones/12-34/418.csv
train;Drones;00380;Drones/12-34;Drones/12-34/420.csv
train;Drones;00381;Drones/12-34;Drones/12-34/421.csv
train;Drones;00382;Drones/12-34;Drones/12-34/422.csv
train;Drones;00383;Drones/12-34;Drones/12-34/423.csv
train;Drones;00384;Drones/12-34;Drones/12-34/424.csv
train;Drones;00385;Drones/12-34;Drones/12-34/425.csv
train;Drones;00386;Drones/12-34;Drones/12-34/426.csv
train;Drones;00387;Drones/12-34;Drones/12-34/429.csv
train;Drones;00389;Drones/12-34;Drones/12-34/431.csv
train;Drones;00390;Drones/12-34;Drones/12-34/432.csv
train;Drones;00391;Drones/12-34;Drones/12-34/433.csv
train;Drones;00392;Drones/12-34;Drones/12-34/434.csv
train;Drones;00393;Drones/12-34;Drones/12-34/435.csv
train;Drones;00395;Drones/12-34;Drones/12-34/437.csv
train;Drones;00396;Drones/12-34;Drones/12-34/439.csv
train;Drones;00397;Drones/12-34;Drones/12-34/443.csv
train;Drones;00398;Drones/12-34;Drones/12-34/444.csv
train;Drones;00399;Drones/12-34;Drones/12-34/445.csv
train;Drones;00400;Drones/12-34;Drones/12-34/446.csv
train;Drones;00401;Drones/12-34;Drones/12-34/447.csv
train;Drones;00402;Drones/12-34;Drones/12-34/448.csv
train;Drones;00404;Drones/12-34;Drones/12-34/450.csv
train;Drones;00405;Drones/12-34;Drones/12-34/451.csv
train;Drones;00406;Drones/12-34;Drones/12-34/452.csv
train;Drones;00407;Drones/12-34;Drones/12-34/453.csv
train;Drones;00408;Drones/12-34;Drones/12-34/454.csv
train;Drones;00410;Drones/12-34;Drones/12-34/457.csv
train;Drones;00412;Drones/12-34;Drones/12-34/459.csv
train;Drones;00413;Drones/12-34;Drones/12-34/460.csv
train;Drones;00414;Drones/12-34;Drones/12-34/461.csv
train;Drones;00418;Drones/12-34;Drones/12-34/467.csv
train;Drones;00419;Drones/12-34;Drones/12-34/468.csv
train;Drones;00420;Drones/12-34;Drones/12-34/469.csv
train;Drones;00421;Drones/12-34;Drones/12-34/470.csv
train;Drones;00422;Drones/12-34;Drones/12-34/474.csv
train;Drones;00424;Drones/12-34;Drones/12-34/476.csv
train;Drones;00425;Drones/12-34;Drones/12-34/477.csv
train;Drones;00426;Drones/12-34;Drones/12-34/478.csv
train;Drones;00428;Drones/12-34;Drones/12-34/484.csv
train;Drones;00431;Drones/12-34;Drones/12-34/487.csv
train;Drones;00432;Drones/12-34;Drones/12-34/488.csv
train;Drones;00435;Drones/12-34;Drones/12-34/492.csv
train;Drones;00436;Drones/12-34;Drones/12-34/493.csv
train;Drones;00437;Drones/12-34;Drones/12-34/494.csv
train;Drones;00440;Drones/12-34;Drones/12-34/497.csv
train;Drones;00441;Drones/12-34;Drones/12-34/498.csv
train;Drones;00442;Drones/12-34;Drones/12-34/499.csv
train;Drones;00443;Drones/12-34;Drones/12-34/500.csv
train;Drones;00445;Drones/12-34;Drones/12-34/502.csv
train;Drones;00447;Drones/12-34;Drones/12-34/507.csv
train;Drones;00448;Drones/12-34;Drones/12-34/508.csv
train;Drones;00449;Drones/12-34;Drones/12-34/509.csv
train;Drones;00450;Drones/12-34;Drones/12-34/510.csv
train;Drones;00452;Drones/12-34;Drones/12-34/512.csv
train;Drones;00454;Drones/12-34;Drones/12-34/514.csv
train;Drones;00455;Drones/12-34;Drones/12-34/515.csv
train;Drones;00456;Drones/12-34;Drones/12-34/516.csv
train;Drones;00457;Drones/12-34;Drones/12-34/517.csv
train;Drones;00459;Drones/12-34;Drones/12-34/522.csv
train;Drones;00460;Drones/12-34;Drones/12-34/523.csv
train;Drones;00461;Drones/12-34;Drones/12-34/524.csv
train;Drones;00463;Drones/12-34;Drones/12-34/526.csv
train;Drones;00465;Drones/12-34;Drones/12-34/528.csv
train;Drones;00467;Drones/12-34;Drones/12-34/530.csv
train;Drones;00468;Drones/12-34;Drones/12-34/531.csv
train;Drones;00470;Drones/12-34;Drones/12-34/533.csv
train;Drones;00471;Drones/12-34;Drones/12-34/534.csv
train;Drones;00474;Drones/12-34;Drones/12-34/537.csv
train;Drones;00475;Drones/12-34;Drones/12-34/538.csv
train;Drones;00476;Drones/12-34;Drones/12-34/542.csv
train;Drones;00477;Drones/12-34;Drones/12-34/543.csv
train;Drones;00478;Drones/12-34;Drones/12-34/544.csv
train;Drones;00480;Drones/12-34;Drones/12-34/546.csv
train;Drones;00481;Drones/12-34;Drones/12-34/547.csv
train;Drones;00482;Drones/12-34;Drones/12-34/548.csv
train;Drones;00483;Drones/12-34;Drones/12-34/549.csv
train;Drones;00484;Drones/12-34;Drones/12-34/550.csv
train;Drones;00485;Drones/12-34;Drones/12-34/551.csv
train;Drones;00488;Drones/12-34;Drones/12-34/554.csv
train;Drones;00489;Drones/12-34;Drones/12-34/555.csv
train;Drones;00490;Drones/12-34;Drones/12-34/556.csv
train;Drones;00493;Drones/12-34;Drones/12-34/559.csv
train;Drones;00494;Drones/12-34;Drones/12-34/560.csv
train;Drones;00497;Drones/12-34;Drones/12-34/563.csv
train;Drones;00499;Drones/12-34;Drones/12-34/565.csv
train;Drones;00500;Drones/12-34;Drones/12-34/566.csv
train;Drones;00501;Drones/12-34;Drones/12-34/567.csv
train;Drones;00503;Drones/12-34;Drones/12-34/569.csv
train;Drones;00504;Drones/12-34;Drones/12-34/570.csv
train;Drones;00505;Drones/12-34;Drones/12-34/571.csv
train;Drones;00508;Drones/12-34;Drones/12-34/574.csv
train;Drones;00509;Drones/12-34;Drones/12-34/575.csv
train;Drones;00510;Drones/12-34;Drones/12-34/576.csv
train;Drones;00511;Drones/12-34;Drones/12-34/577.csv
train;Drones;00513;Drones/12-34;Drones/12-34/579.csv
train;Drones;00514;Drones/12-34;Drones/12-34/580.csv
train;Drones;00515;Drones/12-34;Drones/12-34/581.csv
train;Drones;00516;Drones/12-34;Drones/12-34/582.csv
train;Drones;00517;Drones/12-34;Drones/12-34/583.csv
train;Drones;00520;Drones/12-34;Drones/12-34/589.csv
train;Drones;00521;Drones/12-34;Drones/12-34/590.csv
train;Drones;00522;Drones/12-34;Drones/12-34/591.csv
train;Drones;00523;Drones/12-34;Drones/12-34/592.csv
train;Drones;00524;Drones/12-34;Drones/12-34/593.csv
train;Drones;00525;Drones/12-34;Drones/12-34/594.csv
train;Drones;00526;Drones/12-34;Drones/12-34/595.csv
train;Drones;00527;Drones/12-34;Drones/12-34/596.csv
train;Drones;00529;Drones/12-34;Drones/12-34/598.csv
train;Drones;00530;Drones/12-34;Drones/12-34/599.csv
train;Drones;00532;Drones/12-34;Drones/12-34/601.csv
train;Drones;00533;Drones/12-34;Drones/12-34/602.csv
train;Drones;00537;Drones/12-34;Drones/12-34/607.csv
train;Drones;00538;Drones/12-34;Drones/12-34/608.csv
train;Drones;00540;Drones/12-34;Drones/12-34/610.csv
train;Drones;00542;Drones/12-34;Drones/12-34/612.csv
train;Drones;00543;Drones/12-34;Drones/12-34/613.csv
train;Drones;00544;Drones/12-34;Drones/12-34/614.csv
train;Drones;00546;Drones/12-34;Drones/12-34/616.csv
train;Drones;00547;Drones/12-34;Drones/12-34/617.csv
train;Drones;00548;Drones/12-34;Drones/12-34/618.csv
train;Drones;00549;Drones/12-34;Drones/12-34/619.csv
train;Drones;00551;Drones/12-34;Drones/12-34/621.csv
train;Drones;00553;Drones/12-34;Drones/12-34/623.csv
train;Drones;00555;Drones/12-34;Drones/12-34/628.csv
train;Drones;00557;Drones/12-34;Drones/12-34/630.csv
train;Drones;00558;Drones/12-34;Drones/12-34/631.csv
train;Drones;00559;Drones/12-34;Drones/12-34/632.csv
train;Drones;00560;Drones/12-34;Drones/12-34/636.csv
train;Drones;00561;Drones/12-34;Drones/12-34/637.csv
train;Drones;00563;Drones/12-34;Drones/12-34/639.csv
train;Drones;00564;Drones/12-34;Drones/12-34/640.csv
train;Drones;00570;Drones/12-34;Drones/12-34/646.csv
train;Drones;00571;Drones/12-34;Drones/12-34/647.csv
train;Drones;00572;Drones/12-34;Drones/12-34/648.csv
train;Drones;00573;Drones/12-34;Drones/12-34/649.csv
train;Drones;00574;Drones/12-34;Drones/12-34/650.csv
train;Drones;00575;Drones/12-34;Drones/12-34/651.csv
train;Drones;00576;Drones/12-34;Drones/12-34/652.csv
train;Drones;00579;Drones/12-34;Drones/12-34/655.csv
train;Drones;00580;Drones/12-34;Drones/12-34/656.csv
train;Drones;00581;Drones/12-34;Drones/12-34/657.csv
train;Drones;00582;Drones/12-34;Drones/12-34/658.csv
train;Drones;00584;Drones/12-34;Drones/12-34/660.csv
train;Drones;00586;Drones/12-34;Drones/12-34/662.csv
train;Drones;00588;Drones/12-34;Drones/12-34/664.csv
train;Drones;00589;Drones/12-34;Drones/12-34/665.csv
train;Drones;00591;Drones/12-34;Drones/12-34/667.csv
train;Drones;00592;Drones/12-34;Drones/12-34/668.csv
train;Drones;00593;Drones/12-34;Drones/12-34/669.csv
train;Drones;00594;Drones/12-34;Drones/12-34/670.csv
train;Drones;00596;Drones/12-34;Drones/12-34/672.csv
train;Drones;00598;Drones/12-34;Drones/12-34/674.csv
train;Drones;00601;Drones/12-34;Drones/12-34/678.csv
train;Drones;00602;Drones/12-34;Drones/12-34/679.csv
train;Drones;00604;Drones/12-34;Drones/12-34/681.csv
train;Drones;00607;Drones/12-34;Drones/12-34/685.csv
train;Drones;00608;Drones/12-34;Drones/12-34/686.csv
train;Drones;00609;Drones/12-34;Drones/12-34/687.csv
train;Drones;00610;Drones/12-34;Drones/12-34/688.csv
train;Drones;00611;Drones/12-34;Drones/12-34/689.csv
train;Drones;00613;Drones/12-34;Drones/12-34/691.csv
train;Drones;00615;Drones/12-34;Drones/12-34/693.csv
train;Drones;00617;Drones/12-34;Drones/12-34/695.csv
train;Drones;00618;Drones/12-34;Drones/12-34/696.csv
train;Drones;00620;Drones/12-34;Drones/12-34/698.csv
train;Drones;00624;Drones/12-34;Drones/12-34/702.csv
train;Drones;00629;Drones/12-34;Drones/12-34/707.csv
train;Drones;00630;Drones/12-34;Drones/12-34/708.csv
train;Drones;00631;Drones/12-34;Drones/12-34/709.csv
train;Drones;00632;Drones/12-34;Drones/12-34/710.csv
train;Drones;00633;Drones/12-34;Drones/12-34/711.csv
train;Drones;00635;Drones/12-34;Drones/12-34/713.csv
train;Drones;00636;Drones/12-34;Drones/12-34/714.csv
train;Drones;00637;Drones/12-34;Drones/12-34/715.csv
train;Drones;00638;Drones/12-34;Drones/12-34/716.csv
train;Drones;00639;Drones/12-34;Drones/12-34/717.csv
train;Drones;00640;Drones/12-34;Drones/12-34/718.csv
train;Drones;00641;Drones/12-34;Drones/12-34/719.csv
train;Drones;00642;Drones/12-34;Drones/12-34/720.csv
train;Drones;00646;Drones/12-34;Drones/12-34/724.csv
train;Drones;00647;Drones/12-34;Drones/12-34/725.csv
train;Drones;00648;Drones/12-34;Drones/12-34/726.csv
train;Drones;00650;Drones/12-34;Drones/12-34/728.csv
train;Drones;00652;Drones/12-34;Drones/12-34/730.csv
train;Drones;00653;Drones/12-34;Drones/12-34/731.csv
train;Drones;00655;Drones/12-34;Drones/12-34/733.csv
train;Drones;00657;Drones/12-34;Drones/12-34/735.csv
train;Drones;00659;Drones/12-34;Drones/12-34/737.csv
train;Drones;00660;Drones/12-34;Drones/12-34/738.csv
train;Drones;00661;Drones/12-41;Drones/12-41/001.csv
train;Drones;00662;Drones/12-41;Drones/12-41/002.csv
train;Drones;00663;Drones/12-41;Drones/12-41/003.csv
train;Drones;00664;Drones/12-41;Drones/12-41/004.csv
train;Drones;00665;Drones/12-41;Drones/12-41/005.csv
train;Drones;00666;Drones/12-41;Drones/12-41/006.csv
train;Drones;00667;Drones/12-41;Drones/12-41/007.csv
train;Drones;00668;Drones/12-41;Drones/12-41/008.csv
train;Drones;00670;Drones/12-41;Drones/12-41/010.csv
train;Drones;00672;Drones/12-41;Drones/12-41/012.csv
train;Drones;00673;Drones/12-41;Drones/12-41/013.csv
train;Drones;00674;Drones/12-41;Drones/12-41/014.csv
train;Drones;00675;Drones/12-41;Drones/12-41/015.csv
train;Drones;00676;Drones/12-41;Drones/12-41/016.csv
train;Drones;00679;Drones/12-41;Drones/12-41/019.csv
train;Drones;00683;Drones/12-41;Drones/12-41/023.csv
train;Drones;00685;Drones/12-41;Drones/12-41/025.csv
train;Drones;00686;Drones/12-41;Drones/12-41/026.csv
train;Drones;00687;Drones/12-41;Drones/12-41/027.csv
train;Drones;00688;Drones/12-41;Drones/12-41/028.csv
train;Drones;00689;Drones/12-41;Drones/12-41/029.csv
train;Drones;00690;Drones/12-41;Drones/12-41/030.csv
train;Drones;00693;Drones/12-41;Drones/12-41/033.csv
train;Drones;00695;Drones/12-41;Drones/12-41/035.csv
train;Drones;00696;Drones/12-41;Drones/12-41/036.csv
train;Drones;00697;Drones/12-41;Drones/12-41/037.csv
train;Drones;00698;Drones/12-41;Drones/12-41/038.csv
train;Drones;00699;Drones/12-41;Drones/12-41/039.csv
train;Drones;00700;Drones/12-41;Drones/12-41/040.csv
train;Drones;00701;Drones/12-41;Drones/12-41/041.csv
train;Drones;00702;Drones/12-41;Drones/12-41/042.csv
train;Drones;00703;Drones/12-41;Drones/12-41/043.csv
train;Drones;00704;Drones/12-41;Drones/12-41/044.csv
train;Drones;00705;Drones/12-41;Drones/12-41/045.csv
train;Drones;00707;Drones/12-41;Drones/12-41/047.csv
train;Drones;00708;Drones/12-41;Drones/12-41/048.csv
train;Drones;00710;Drones/12-41;Drones/12-41/050.csv
train;Drones;00711;Drones/12-41;Drones/12-41/051.csv
train;Drones;00713;Drones/12-41;Drones/12-41/053.csv
train;Drones;00714;Drones/12-41;Drones/12-41/054.csv
train;Drones;00715;Drones/12-41;Drones/12-41/055.csv
train;Drones;00716;Drones/12-41;Drones/12-41/056.csv
train;Drones;00717;Drones/12-41;Drones/12-41/057.csv
train;Drones;00718;Drones/12-41;Drones/12-41/058.csv
train;Drones;00720;Drones/12-41;Drones/12-41/060.csv
train;Drones;00723;Drones/12-41;Drones/12-41/063.csv
train;Drones;00724;Drones/12-41;Drones/12-41/064.csv
train;Drones;00726;Drones/12-41;Drones/12-41/066.csv
train;Drones;00727;Drones/12-41;Drones/12-41/067.csv
train;Drones;00728;Drones/12-41;Drones/12-41/068.csv
train;Drones;00729;Drones/12-41;Drones/12-41/069.csv
train;Drones;00730;Drones/12-41;Drones/12-41/070.csv
train;Drones;00731;Drones/12-41;Drones/12-41/071.csv
train;Drones;00733;Drones/12-41;Drones/12-41/073.csv
train;Drones;00736;Drones/12-41;Drones/12-41/076.csv
train;Drones;00737;Drones/12-41;Drones/12-41/077.csv
train;Drones;00738;Drones/12-41;Drones/12-41/078.csv
train;Drones;00739;Drones/12-41;Drones/12-41/079.csv
train;Drones;00740;Drones/12-41;Drones/12-41/080.csv
train;Drones;00741;Drones/12-41;Drones/12-41/081.csv
train;Drones;00742;Drones/12-41;Drones/12-41/082.csv
train;Drones;00744;Drones/12-41;Drones/12-41/084.csv
train;Drones;00746;Drones/12-41;Drones/12-41/086.csv
train;Drones;00748;Drones/12-41;Drones/12-41/088.csv
train;Drones;00749;Drones/12-41;Drones/12-41/089.csv
train;Drones;00750;Drones/12-41;Drones/12-41/090.csv
train;Drones;00751;Drones/12-41;Drones/12-41/091.csv
train;Drones;00753;Drones/12-41;Drones/12-41/093.csv
train;Drones;00754;Drones/12-41;Drones/12-41/094.csv
train;Drones;00755;Drones/12-41;Drones/12-41/095.csv
train;Drones;00758;Drones/12-41;Drones/12-41/098.csv
train;Drones;00759;Drones/12-41;Drones/12-41/099.csv
train;Drones;00761;Drones/12-41;Drones/12-41/101.csv
train;Drones;00762;Drones/12-41;Drones/12-41/102.csv
train;Drones;00763;Drones/12-41;Drones/12-41/103.csv
train;Drones;00767;Drones/12-41;Drones/12-41/107.csv
train;Drones;00768;Drones/12-41;Drones/12-41/108.csv
train;Drones;00769;Drones/12-41;Drones/12-41/109.csv
train;Drones;00770;Drones/12-41;Drones/12-41/110.csv
train;Drones;00771;Drones/12-41;Drones/12-41/111.csv
train;Drones;00772;Drones/12-41;Drones/12-41/112.csv
train;Drones;00773;Drones/12-41;Drones/12-41/113.csv
train;Drones;00774;Drones/12-41;Drones/12-41/114.csv
train;Drones;00775;Drones/12-41;Drones/12-41/115.csv
train;Drones;00776;Drones/12-41;Drones/12-41/116.csv
train;Drones;00778;Drones/12-41;Drones/12-41/118.csv
train;Drones;00779;Drones/12-41;Drones/12-41/119.csv
train;Drones;00780;Drones/12-41;Drones/12-41/120.csv
train;Drones;00781;Drones/12-41;Drones/12-41/121.csv
train;Drones;00782;Drones/12-41;Drones/12-41/122.csv
train;Drones;00783;Drones/12-41;Drones/12-41/123.csv
train;Drones;00785;Drones/12-41;Drones/12-41/125.csv
train;Drones;00786;Drones/12-41;Drones/12-41/126.csv
train;Drones;00787;Drones/12-41;Drones/12-41/127.csv
train;Drones;00789;Drones/12-41;Drones/12-41/129.csv
train;Drones;00792;Drones/12-41;Drones/12-41/132.csv
train;Drones;00793;Drones/12-41;Drones/12-41/133.csv
train;Drones;00794;Drones/12-41;Drones/12-41/134.csv
train;Drones;00796;Drones/12-41;Drones/12-41/136.csv
train;Drones;00797;Drones/12-41;Drones/12-41/137.csv
train;Drones;00798;Drones/12-41;Drones/12-41/138.csv
train;Drones;00800;Drones/12-41;Drones/12-41/140.csv
train;Drones;00802;Drones/12-41;Drones/12-41/142.csv
train;Drones;00805;Drones/12-41;Drones/12-41/145.csv
train;Drones;00807;Drones/12-41;Drones/12-41/147.csv
train;Drones;00809;Drones/12-41;Drones/12-41/149.csv
train;Drones;00814;Drones/12-41;Drones/12-41/154.csv
train;Drones;00815;Drones/12-41;Drones/12-41/155.csv
train;Drones;00816;Drones/12-41;Drones/12-41/156.csv
train;Drones;00817;Drones/12-41;Drones/12-41/157.csv
train;Drones;00819;Drones/12-41;Drones/12-41/159.csv
train;Drones;00820;Drones/12-41;Drones/12-41/160.csv
train;Drones;00821;Drones/12-41;Drones/12-41/161.csv
train;Drones;00822;Drones/12-41;Drones/12-41/162.csv
train;Drones;00823;Drones/12-41;Drones/12-41/163.csv
train;Drones;00824;Drones/12-41;Drones/12-41/164.csv
train;Drones;00825;Drones/12-41;Drones/12-41/165.csv
train;Drones;00826;Drones/12-41;Drones/12-41/166.csv
train;Drones;00827;Drones/12-41;Drones/12-41/167.csv
train;Drones;00828;Drones/12-41;Drones/12-41/168.csv
train;Drones;00831;Drones/12-41;Drones/12-41/171.csv
train;Drones;00833;Drones/12-41;Drones/12-41/173.csv
train;Drones;00835;Drones/12-41;Drones/12-41/175.csv
train;Drones;00836;Drones/12-41;Drones/12-41/176.csv
train;Drones;00837;Drones/12-41;Drones/12-41/177.csv
train;Drones;00838;Drones/12-41;Drones/12-41/178.csv
train;Drones;00840;Drones/12-41;Drones/12-41/180.csv
train;Drones;00841;Drones/12-41;Drones/12-41/181.csv
train;Drones;00845;Drones/12-41;Drones/12-41/185.csv
train;Drones;00846;Drones/12-41;Drones/12-41/186.csv
train;Drones;00847;Drones/12-41;Drones/12-41/187.csv
train;Drones;00848;Drones/12-41;Drones/12-41/188.csv
train;Drones;00850;Drones/12-41;Drones/12-41/190.csv
train;Drones;00851;Drones/12-41;Drones/12-41/191.csv
train;Drones;00852;Drones/12-41;Drones/12-41/192.csv
train;Drones;00853;Drones/12-41;Drones/12-41/193.csv
train;Drones;00854;Drones/12-41;Drones/12-41/194.csv
train;Drones;00855;Drones/12-41;Drones/12-41/195.csv
train;Drones;00856;Drones/12-41;Drones/12-41/196.csv
train;Drones;00859;Drones/12-41;Drones/12-41/199.csv
train;Drones;00861;Drones/12-41;Drones/12-41/201.csv
train;Drones;00862;Drones/12-41;Drones/12-41/202.csv
train;Drones;00864;Drones/12-41;Drones/12-41/204.csv
train;Drones;00865;Drones/12-41;Drones/12-41/205.csv
train;Drones;00866;Drones/12-41;Drones/12-41/206.csv
train;Drones;00867;Drones/12-41;Drones/12-41/207.csv
train;Drones;00868;Drones/12-41;Drones/12-41/208.csv
train;Drones;00869;Drones/12-41;Drones/12-41/209.csv
train;Drones;00871;Drones/12-41;Drones/12-41/211.csv
train;Drones;00873;Drones/12-41;Drones/12-41/213.csv
train;Drones;00874;Drones/12-41;Drones/12-41/214.csv
train;Drones;00875;Drones/12-41;Drones/12-41/215.csv
train;Drones;00876;Drones/12-41;Drones/12-41/216.csv
train;Drones;00877;Drones/12-41;Drones/12-41/217.csv
train;Drones;00879;Drones/12-41;Drones/12-41/219.csv
train;Drones;00881;Drones/12-41;Drones/12-41/221.csv
train;Drones;00883;Drones/12-41;Drones/12-41/223.csv
train;Drones;00884;Drones/12-41;Drones/12-41/224.csv
train;Drones;00885;Drones/12-41;Drones/12-41/225.csv
train;Drones;00886;Drones/12-41;Drones/12-41/226.csv
train;Drones;00887;Drones/12-41;Drones/12-41/227.csv
train;Drones;00891;Drones/12-41;Drones/12-41/231.csv
train;Drones;00892;Drones/12-41;Drones/12-41/232.csv
train;Drones;00893;Drones/12-41;Drones/12-41/233.csv
train;Drones;00895;Drones/12-41;Drones/12-41/235.csv
train;Drones;00896;Drones/12-41;Drones/12-41/236.csv
train;Drones;00899;Drones/12-41;Drones/12-41/239.csv
train;Drones;00900;Drones/12-41;Drones/12-41/240.csv
train;Drones;00901;Drones/12-41;Drones/12-41/241.csv
train;Drones;00902;Drones/12-41;Drones/12-41/242.csv
train;Drones;00903;Drones/12-41;Drones/12-41/243.csv
train;Drones;00904;Drones/12-41;Drones/12-41/244.csv
train;Drones;00905;Drones/12-41;Drones/12-41/245.csv
train;Drones;00906;Drones/12-41;Drones/12-41/246.csv
train;Drones;00907;Drones/12-41;Drones/12-41/247.csv
train;Drones;00909;Drones/12-41;Drones/12-41/249.csv
train;Drones;00910;Drones/12-41;Drones/12-41/250.csv
train;Drones;00911;Drones/12-41;Drones/12-41/251.csv
train;Drones;00913;Drones/12-41;Drones/12-41/253.csv
train;Drones;00914;Drones/12-41;Drones/12-41/254.csv
train;Drones;00915;Drones/12-41;Drones/12-41/255.csv
train;Drones;00917;Drones/12-41;Drones/12-41/257.csv
train;Drones;00918;Drones/12-41;Drones/12-41/258.csv
train;Drones;00919;Drones/12-41;Drones/12-41/259.csv
train;Drones;00920;Drones/12-41;Drones/12-41/260.csv
train;Drones;00921;Drones/12-41;Drones/12-41/261.csv
train;Drones;00922;Drones/12-41;Drones/12-41/262.csv
train;Drones;00923;Drones/12-41;Drones/12-41/263.csv
train;Drones;00924;Drones/12-41;Drones/12-41/264.csv
train;Drones;00925;Drones/12-41;Drones/12-41/265.csv
train;Drones;00926;Drones/12-41;Drones/12-41/266.csv
train;Drones;00929;Drones/12-41;Drones/12-41/269.csv
train;Drones;00930;Drones/12-41;Drones/12-41/270.csv
train;Drones;00931;Drones/12-41;Drones/12-41/271.csv
train;Drones;00933;Drones/12-41;Drones/12-41/273.csv
train;Drones;00934;Drones/12-41;Drones/12-41/274.csv
train;Drones;00935;Drones/12-41;Drones/12-41/275.csv
train;Drones;00936;Drones/12-41;Drones/12-41/276.csv
train;Drones;00937;Drones/12-41;Drones/12-41/277.csv
train;Drones;00939;Drones/12-41;Drones/12-41/279.csv
train;Drones;00940;Drones/12-41;Drones/12-41/280.csv
train;Drones;00941;Drones/12-41;Drones/12-41/281.csv
train;Drones;00942;Drones/12-41;Drones/12-41/282.csv
train;Drones;00943;Drones/12-41;Drones/12-41/283.csv
train;Drones;00944;Drones/12-41;Drones/12-41/284.csv
train;Drones;00947;Drones/12-41;Drones/12-41/287.csv
train;Drones;00948;Drones/12-41;Drones/12-41/288.csv
train;Drones;00949;Drones/12-41;Drones/12-41/289.csv
train;Drones;00951;Drones/12-41;Drones/12-41/291.csv
train;Drones;00952;Drones/12-41;Drones/12-41/292.csv
train;Drones;00954;Drones/12-41;Drones/12-41/294.csv
train;Drones;00955;Drones/12-41;Drones/12-41/295.csv
train;Drones;00956;Drones/12-41;Drones/12-41/296.csv
train;Drones;00957;Drones/12-41;Drones/12-41/297.csv
train;Drones;00958;Drones/12-41;Drones/12-41/298.csv
train;Drones;00959;Drones/12-41;Drones/12-41/299.csv
train;Drones;00960;Drones/12-41;Drones/12-41/300.csv
train;Drones;00962;Drones/12-41;Drones/12-41/302.csv
train;Drones;00963;Drones/12-41;Drones/12-41/303.csv
train;Drones;00964;Drones/12-41;Drones/12-41/304.csv
train;Drones;00966;Drones/12-41;Drones/12-41/306.csv
train;Drones;00967;Drones/12-41;Drones/12-41/307.csv
train;Drones;00968;Drones/12-41;Drones/12-41/308.csv
train;Drones;00969;Drones/12-41;Drones/12-41/309.csv
train;Drones;00971;Drones/12-41;Drones/12-41/311.csv
train;Drones;00972;Drones/12-41;Drones/12-41/312.csv
train;Drones;00973;Drones/12-41;Drones/12-41/313.csv
train;Drones;00974;Drones/12-41;Drones/12-41/314.csv
train;Drones;00975;Drones/12-41;Drones/12-41/315.csv
train;Drones;00976;Drones/12-41;Drones/12-41/316.csv
train;Drones;00977;Drones/12-41;Drones/12-41/317.csv
train;Drones;00980;Drones/12-41;Drones/12-41/320.csv
train;Drones;00981;Drones/12-41;Drones/12-41/321.csv
train;Drones;00982;Drones/12-41;Drones/12-41/322.csv
train;Drones;00983;Drones/12-41;Drones/12-41/323.csv
train;Drones;00984;Drones/12-41;Drones/12-41/324.csv
train;Drones;00985;Drones/12-41;Drones/12-41/325.csv
train;Drones;00986;Drones/12-41;Drones/12-41/326.csv
train;Drones;00987;Drones/12-41;Drones/12-41/327.csv
train;Drones;00988;Drones/12-41;Drones/12-41/328.csv
train;Drones;00989;Drones/12-41;Drones/12-41/329.csv
train;Drones;00990;Drones/12-41;Drones/12-41/330.csv
train;Drones;00992;Drones/12-41;Drones/12-41/332.csv
train;Drones;00993;Drones/12-41;Drones/12-41/333.csv
train;Drones;00994;Drones/12-41;Drones/12-41/334.csv
train;Drones;00996;Drones/12-41;Drones/12-41/336.csv
train;Drones;00998;Drones/12-41;Drones/12-41/338.csv
train;Drones;00999;Drones/12-41;Drones/12-41/339.csv
train;Drones;01001;Drones/12-41;Drones/12-41/341.csv
train;Drones;01004;Drones/12-41;Drones/12-41/344.csv
train;Drones;01005;Drones/12-41;Drones/12-41/345.csv
train;Drones;01006;Drones/12-41;Drones/12-41/346.csv
train;Drones;01007;Drones/12-41;Drones/12-41/347.csv
train;Drones;01008;Drones/12-41;Drones/12-41/348.csv
train;Drones;01009;Drones/12-41;Drones/12-41/349.csv
train;Drones;01010;Drones/12-41;Drones/12-41/350.csv
train;Drones;01012;Drones/12-41;Drones/12-41/352.csv
train;Drones;01013;Drones/12-41;Drones/12-41/353.csv
train;Drones;01014;Drones/12-41;Drones/12-41/354.csv
train;Drones;01015;Drones/12-41;Drones/12-41/355.csv
train;Drones;01016;Drones/12-41;Drones/12-41/356.csv
train;Drones;01017;Drones/12-41;Drones/12-41/357.csv
train;Drones;01018;Drones/12-41;Drones/12-41/358.csv
train;Drones;01020;Drones/12-41;Drones/12-41/360.csv
train;Drones;01022;Drones/12-41;Drones/12-41/362.csv
train;Drones;01023;Drones/12-41;Drones/12-41/363.csv
train;Drones;01027;Drones/12-41;Drones/12-41/367.csv
train;Drones;01029;Drones/12-41;Drones/12-41/369.csv
train;Drones;01031;Drones/12-41;Drones/12-41/371.csv
train;Drones;01032;Drones/12-41;Drones/12-41/372.csv
train;Drones;01034;Drones/12-41;Drones/12-41/374.csv
train;Drones;01036;Drones/12-41;Drones/12-41/376.csv
train;Drones;01037;Drones/12-41;Drones/12-41/377.csv
train;Drones;01038;Drones/12-41;Drones/12-41/378.csv
train;Drones;01040;Drones/12-41;Drones/12-41/380.csv
train;Drones;01041;Drones/12-41;Drones/12-41/381.csv
train;Drones;01044;Drones/12-41;Drones/12-41/384.csv
train;Drones;01046;Drones/12-41;Drones/12-41/386.csv
train;Drones;01047;Drones/12-41;Drones/12-41/387.csv
train;Drones;01049;Drones/12-41;Drones/12-41/389.csv
train;Drones;01051;Drones/12-41;Drones/12-41/391.csv
train;Drones;01054;Drones/12-41;Drones/12-41/394.csv
train;Drones;01055;Drones/12-41;Drones/12-41/395.csv
train;Drones;01059;Drones/12-41;Drones/12-41/399.csv
train;Drones;01060;Drones/12-41;Drones/12-41/400.csv
train;Drones;01061;Drones/12-41;Drones/12-41/401.csv
train;Drones;01063;Drones/12-41;Drones/12-41/403.csv
train;Drones;01064;Drones/12-41;Drones/12-41/404.csv
train;Drones;01065;Drones/12-41;Drones/12-41/405.csv
train;Drones;01066;Drones/12-41;Drones/12-41/406.csv
train;Drones;01067;Drones/12-41;Drones/12-41/407.csv
train;Drones;01068;Drones/12-41;Drones/12-41/408.csv
train;Drones;01070;Drones/12-41;Drones/12-41/410.csv
train;Drones;01071;Drones/12-41;Drones/12-41/411.csv
train;Drones;01072;Drones/12-41;Drones/12-41/412.csv
train;Drones;01073;Drones/12-41;Drones/12-41/413.csv
train;Drones;01077;Drones/12-41;Drones/12-41/417.csv
train;Drones;01078;Drones/12-41;Drones/12-41/418.csv
train;Drones;01079;Drones/12-41;Drones/12-41/419.csv
train;Drones;01080;Drones/12-41;Drones/12-41/420.csv
train;Drones;01081;Drones/12-41;Drones/12-41/421.csv
train;Drones;01082;Drones/12-41;Drones/12-41/422.csv
train;Drones;01083;Drones/12-41;Drones/12-41/423.csv
train;Drones;01084;Drones/12-41;Drones/12-41/424.csv
train;Drones;01086;Drones/12-41;Drones/12-41/426.csv
train;Drones;01087;Drones/12-41;Drones/12-41/427.csv
train;Drones;01088;Drones/12-41;Drones/12-41/428.csv
train;Drones;01089;Drones/12-41;Drones/12-41/429.csv
train;Drones;01090;Drones/12-41;Drones/12-41/430.csv
train;Drones;01092;Drones/12-41;Drones/12-41/432.csv
train;Drones;01093;Drones/12-41;Drones/12-41/433.csv
train;Drones;01094;Drones/12-41;Drones/12-41/434.csv
train;Drones;01098;Drones/12-41;Drones/12-41/438.csv
train;Drones;01099;Drones/12-41;Drones/12-41/439.csv
train;Drones;01100;Drones/12-41;Drones/12-41/440.csv
train;Drones;01101;Drones/12-41;Drones/12-41/441.csv
train;Drones;01105;Drones/12-41;Drones/12-41/445.csv
train;Drones;01106;Drones/12-41;Drones/12-41/446.csv
train;Drones;01108;Drones/12-41;Drones/12-41/448.csv
train;Drones;01110;Drones/12-41;Drones/12-41/450.csv
train;Drones;01111;Drones/12-41;Drones/12-41/451.csv
train;Drones;01112;Drones/12-41;Drones/12-41/452.csv
train;Drones;01113;Drones/12-41;Drones/12-41/453.csv
train;Drones;01115;Drones/12-41;Drones/12-41/455.csv
train;Drones;01119;Drones/12-41;Drones/12-41/459.csv
train;Drones;01121;Drones/12-41;Drones/12-41/461.csv
train;Drones;01122;Drones/12-41;Drones/12-41/462.csv
train;Drones;01123;Drones/12-41;Drones/12-41/463.csv
train;Drones;01125;Drones/12-41;Drones/12-41/465.csv
train;Drones;01126;Drones/12-41;Drones/12-41/466.csv
train;Drones;01128;Drones/12-41;Drones/12-41/468.csv
train;Drones;01131;Drones/12-41;Drones/12-41/471.csv
train;Drones;01132;Drones/12-41;Drones/12-41/472.csv
train;Drones;01133;Drones/12-41;Drones/12-41/473.csv
train;Drones;01134;Drones/12-41;Drones/12-41/474.csv
train;Drones;01135;Drones/12-41;Drones/12-41/475.csv
train;Drones;01137;Drones/12-41;Drones/12-41/477.csv
train;Drones;01138;Drones/12-41;Drones/12-41/478.csv
train;Drones;01139;Drones/12-41;Drones/12-41/479.csv
train;Drones;01140;Drones/12-41;Drones/12-41/480.csv
train;Drones;01141;Drones/12-41;Drones/12-41/481.csv
train;Drones;01142;Drones/12-41;Drones/12-41/482.csv
train;Drones;01143;Drones/12-41;Drones/12-41/483.csv
train;Drones;01144;Drones/12-41;Drones/12-41/484.csv
train;Drones;01146;Drones/12-41;Drones/12-41/486.csv
train;Drones;01147;Drones/12-41;Drones/12-41/487.csv
train;Drones;01148;Drones/12-41;Drones/12-41/488.csv
train;Drones;01149;Drones/12-41;Drones/12-41/489.csv
train;Drones;01151;Drones/12-41;Drones/12-41/491.csv
train;Drones;01152;Drones/12-41;Drones/12-41/492.csv
train;Drones;01153;Drones/12-41;Drones/12-41/493.csv
train;Drones;01154;Drones/12-41;Drones/12-41/494.csv
train;Drones;01155;Drones/12-41;Drones/12-41/495.csv
train;Drones;01156;Drones/12-41;Drones/12-41/496.csv
train;Drones;01157;Drones/12-41;Drones/12-41/497.csv
train;Drones;01160;Drones/12-41;Drones/12-41/500.csv
train;Drones;01161;Drones/13-14;Drones/13-14/001.csv
train;Drones;01164;Drones/13-14;Drones/13-14/004.csv
train;Drones;01166;Drones/13-14;Drones/13-14/006.csv
train;Drones;01167;Drones/13-14;Drones/13-14/007.csv
train;Drones;01168;Drones/13-14;Drones/13-14/008.csv
train;Drones;01170;Drones/13-14;Drones/13-14/010.csv
train;Drones;01172;Drones/13-14;Drones/13-14/012.csv
train;Drones;01177;Drones/13-14;Drones/13-14/017.csv
train;Drones;01178;Drones/13-14;Drones/13-14/018.csv
train;Drones;01179;Drones/13-14;Drones/13-14/019.csv
train;Drones;01180;Drones/13-14;Drones/13-14/020.csv
train;Drones;01183;Drones/13-14;Drones/13-14/023.csv
train;Drones;01185;Drones/13-14;Drones/13-14/025.csv
train;Drones;01186;Drones/13-14;Drones/13-14/026.csv
train;Drones;01187;Drones/13-14;Drones/13-14/027.csv
train;Drones;01189;Drones/13-14;Drones/13-14/029.csv
train;Drones;01191;Drones/13-14;Drones/13-14/031.csv
train;Drones;01192;Drones/13-14;Drones/13-14/032.csv
train;Drones;01194;Drones/13-14;Drones/13-14/034.csv
train;Drones;01195;Drones/13-14;Drones/13-14/035.csv
train;Drones;01196;Drones/13-14;Drones/13-14/036.csv
train;Drones;01199;Drones/13-14;Drones/13-14/039.csv
train;Drones;01200;Drones/13-14;Drones/13-14/040.csv
train;Drones;01202;Drones/13-14;Drones/13-14/042.csv
train;Drones;01203;Drones/13-14;Drones/13-14/043.csv
train;Drones;01204;Drones/13-14;Drones/13-14/044.csv
train;Drones;01206;Drones/13-14;Drones/13-14/046.csv
train;Drones;01207;Drones/13-14;Drones/13-14/047.csv
train;Drones;01208;Drones/13-14;Drones/13-14/048.csv
train;Drones;01209;Drones/13-14;Drones/13-14/049.csv
train;Drones;01212;Drones/13-14;Drones/13-14/052.csv
train;Drones;01214;Drones/13-14;Drones/13-14/054.csv
train;Drones;01215;Drones/13-14;Drones/13-14/055.csv
train;Drones;01217;Drones/13-14;Drones/13-14/057.csv
train;Drones;01218;Drones/13-14;Drones/13-14/058.csv
train;Drones;01219;Drones/13-14;Drones/13-14/059.csv
train;Drones;01220;Drones/13-14;Drones/13-14/060.csv
train;Drones;01224;Drones/13-14;Drones/13-14/064.csv
train;Drones;01226;Drones/13-14;Drones/13-14/066.csv
train;Drones;01227;Drones/13-14;Drones/13-14/067.csv
train;Drones;01228;Drones/13-14;Drones/13-14/068.csv
train;Drones;01230;Drones/13-14;Drones/13-14/070.csv
train;Drones;01231;Drones/13-14;Drones/13-14/071.csv
train;Drones;01233;Drones/13-14;Drones/13-14/073.csv
train;Drones;01234;Drones/13-14;Drones/13-14/074.csv
train;Drones;01235;Drones/13-14;Drones/13-14/075.csv
train;Drones;01237;Drones/13-14;Drones/13-14/077.csv
train;Drones;01238;Drones/13-14;Drones/13-14/078.csv
train;Drones;01239;Drones/13-14;Drones/13-14/079.csv
train;Drones;01240;Drones/13-14;Drones/13-14/080.csv
train;Drones;01241;Drones/13-14;Drones/13-14/081.csv
train;Drones;01242;Drones/13-14;Drones/13-14/082.csv
train;Drones;01244;Drones/13-14;Drones/13-14/084.csv
train;Drones;01246;Drones/13-14;Drones/13-14/086.csv
train;Drones;01247;Drones/13-14;Drones/13-14/087.csv
train;Drones;01248;Drones/13-14;Drones/13-14/088.csv
train;Drones;01249;Drones/13-14;Drones/13-14/089.csv
train;Drones;01250;Drones/13-14;Drones/13-14/090.csv
train;Drones;01251;Drones/13-14;Drones/13-14/091.csv
train;Drones;01252;Drones/13-14;Drones/13-14/092.csv
train;Drones;01253;Drones/13-14;Drones/13-14/093.csv
train;Drones;01255;Drones/13-14;Drones/13-14/095.csv
train;Drones;01257;Drones/13-14;Drones/13-14/097.csv
train;Drones;01258;Drones/13-14;Drones/13-14/098.csv
train;Drones;01260;Drones/13-14;Drones/13-14/100.csv
train;Drones;01263;Drones/13-14;Drones/13-14/103.csv
train;Drones;01264;Drones/13-14;Drones/13-14/104.csv
train;Drones;01266;Drones/13-14;Drones/13-14/106.csv
train;Drones;01267;Drones/13-14;Drones/13-14/107.csv
train;Drones;01268;Drones/13-14;Drones/13-14/108.csv
train;Drones;01270;Drones/13-14;Drones/13-14/110.csv
train;Drones;01272;Drones/13-14;Drones/13-14/112.csv
train;Drones;01274;Drones/13-14;Drones/13-14/114.csv
train;Drones;01275;Drones/13-14;Drones/13-14/115.csv
train;Drones;01276;Drones/13-14;Drones/13-14/116.csv
train;Drones;01277;Drones/13-14;Drones/13-14/117.csv
train;Drones;01278;Drones/13-14;Drones/13-14/118.csv
train;Drones;01279;Drones/13-14;Drones/13-14/119.csv
train;Drones;01280;Drones/13-14;Drones/13-14/120.csv
train;Drones;01281;Drones/13-14;Drones/13-14/121.csv
train;Drones;01283;Drones/13-14;Drones/13-14/123.csv
train;Drones;01284;Drones/13-14;Drones/13-14/124.csv
train;Drones;01285;Drones/13-14;Drones/13-14/125.csv
train;Drones;01286;Drones/13-14;Drones/13-14/126.csv
train;Drones;01287;Drones/13-14;Drones/13-14/127.csv
train;Drones;01288;Drones/13-14;Drones/13-14/128.csv
train;Drones;01289;Drones/13-14;Drones/13-14/129.csv
train;Drones;01290;Drones/13-14;Drones/13-14/130.csv
train;Drones;01291;Drones/13-14;Drones/13-14/131.csv
train;Drones;01292;Drones/13-14;Drones/13-14/132.csv
train;Drones;01295;Drones/13-14;Drones/13-14/135.csv
train;Drones;01297;Drones/13-14;Drones/13-14/137.csv
train;Drones;01298;Drones/13-14;Drones/13-14/138.csv
train;Drones;01299;Drones/13-14;Drones/13-14/139.csv
train;Drones;01300;Drones/13-14;Drones/13-14/140.csv
train;Drones;01301;Drones/13-14;Drones/13-14/141.csv
train;Drones;01302;Drones/13-14;Drones/13-14/142.csv
train;Drones;01303;Drones/13-14;Drones/13-14/143.csv
train;Drones;01304;Drones/13-14;Drones/13-14/144.csv
train;Drones;01305;Drones/13-14;Drones/13-14/145.csv
train;Drones;01307;Drones/13-14;Drones/13-14/147.csv
train;Drones;01308;Drones/13-14;Drones/13-14/148.csv
train;Drones;01309;Drones/13-14;Drones/13-14/149.csv
train;Drones;01310;Drones/13-14;Drones/13-14/150.csv
train;Drones;01311;Drones/13-14;Drones/13-14/151.csv
train;Drones;01312;Drones/13-14;Drones/13-14/152.csv
train;Drones;01313;Drones/13-14;Drones/13-14/153.csv
train;Drones;01314;Drones/13-14;Drones/13-14/154.csv
train;Drones;01315;Drones/13-14;Drones/13-14/155.csv
train;Drones;01316;Drones/13-14;Drones/13-14/156.csv
train;Drones;01317;Drones/13-14;Drones/13-14/157.csv
train;Drones;01318;Drones/13-14;Drones/13-14/158.csv
train;Drones;01319;Drones/13-14;Drones/13-14/159.csv
train;Drones;01320;Drones/13-14;Drones/13-14/160.csv
train;Drones;01321;Drones/13-14;Drones/13-14/161.csv
train;Drones;01325;Drones/13-14;Drones/13-14/165.csv
train;Drones;01326;Drones/13-14;Drones/13-14/166.csv
train;Drones;01327;Drones/13-14;Drones/13-14/167.csv
train;Drones;01328;Drones/13-14;Drones/13-14/168.csv
train;Drones;01329;Drones/13-14;Drones/13-14/169.csv
train;Drones;01330;Drones/13-14;Drones/13-14/170.csv
train;Drones;01332;Drones/13-14;Drones/13-14/172.csv
train;Drones;01333;Drones/13-14;Drones/13-14/173.csv
train;Drones;01334;Drones/13-14;Drones/13-14/174.csv
train;Drones;01335;Drones/13-14;Drones/13-14/175.csv
train;Drones;01337;Drones/13-14;Drones/13-14/177.csv
train;Drones;01338;Drones/13-14;Drones/13-14/178.csv
train;Drones;01340;Drones/13-14;Drones/13-14/180.csv
train;Drones;01342;Drones/13-14;Drones/13-14/182.csv
train;Drones;01343;Drones/13-14;Drones/13-14/183.csv
train;Drones;01344;Drones/13-14;Drones/13-14/184.csv
train;Drones;01347;Drones/13-14;Drones/13-14/187.csv
train;Drones;01348;Drones/13-14;Drones/13-14/188.csv
train;Drones;01349;Drones/13-14;Drones/13-14/189.csv
train;Drones;01350;Drones/13-14;Drones/13-14/190.csv
train;Drones;01351;Drones/13-14;Drones/13-14/191.csv
train;Drones;01353;Drones/13-14;Drones/13-14/193.csv
train;Drones;01354;Drones/13-14;Drones/13-14/194.csv
train;Drones;01355;Drones/13-14;Drones/13-14/195.csv
train;Drones;01356;Drones/13-14;Drones/13-14/196.csv
train;Drones;01357;Drones/13-14;Drones/13-14/197.csv
train;Drones;01358;Drones/13-14;Drones/13-14/198.csv
train;Drones;01359;Drones/13-14;Drones/13-14/199.csv
train;Drones;01360;Drones/13-14;Drones/13-14/200.csv
train;Drones;01364;Drones/13-14;Drones/13-14/204.csv
train;Drones;01365;Drones/13-14;Drones/13-14/205.csv
train;Drones;01366;Drones/13-14;Drones/13-14/206.csv
train;Drones;01367;Drones/13-14;Drones/13-14/207.csv
train;Drones;01368;Drones/13-14;Drones/13-14/208.csv
train;Drones;01369;Drones/13-14;Drones/13-14/209.csv
train;Drones;01370;Drones/13-14;Drones/13-14/210.csv
train;Drones;01373;Drones/13-14;Drones/13-14/213.csv
train;Drones;01374;Drones/13-14;Drones/13-14/214.csv
train;Drones;01377;Drones/13-14;Drones/13-14/217.csv
train;Drones;01378;Drones/13-14;Drones/13-14/218.csv
train;Drones;01379;Drones/13-14;Drones/13-14/219.csv
train;Drones;01380;Drones/13-14;Drones/13-14/220.csv
train;Drones;01381;Drones/13-14;Drones/13-14/221.csv
train;Drones;01382;Drones/13-14;Drones/13-14/222.csv
train;Drones;01383;Drones/13-14;Drones/13-14/223.csv
train;Drones;01385;Drones/13-14;Drones/13-14/225.csv
train;Drones;01386;Drones/13-14;Drones/13-14/226.csv
train;Drones;01387;Drones/13-14;Drones/13-14/227.csv
train;Drones;01388;Drones/13-14;Drones/13-14/228.csv
train;Drones;01389;Drones/13-14;Drones/13-14/229.csv
train;Drones;01390;Drones/13-14;Drones/13-14/230.csv
train;Drones;01391;Drones/13-14;Drones/13-14/231.csv
train;Drones;01394;Drones/13-14;Drones/13-14/234.csv
train;Drones;01395;Drones/13-14;Drones/13-14/235.csv
train;Drones;01396;Drones/13-14;Drones/13-14/236.csv
train;Drones;01397;Drones/13-14;Drones/13-14/237.csv
train;Drones;01399;Drones/13-14;Drones/13-14/239.csv
train;Drones;01400;Drones/13-14;Drones/13-14/240.csv
train;Drones;01401;Drones/13-14;Drones/13-14/241.csv
train;Drones;01402;Drones/13-14;Drones/13-14/242.csv
train;Drones;01403;Drones/13-14;Drones/13-14/243.csv
train;Drones;01404;Drones/13-14;Drones/13-14/244.csv
train;Drones;01405;Drones/13-14;Drones/13-14/245.csv
train;Drones;01408;Drones/13-14;Drones/13-14/248.csv
train;Drones;01409;Drones/13-14;Drones/13-14/249.csv
train;Drones;01410;Drones/13-14;Drones/13-14/250.csv
train;Drones;01411;Drones/13-14;Drones/13-14/251.csv
train;Drones;01412;Drones/13-14;Drones/13-14/252.csv
train;Drones;01415;Drones/13-14;Drones/13-14/255.csv
train;Drones;01416;Drones/13-14;Drones/13-14/256.csv
train;Drones;01417;Drones/13-14;Drones/13-14/257.csv
train;Drones;01419;Drones/13-14;Drones/13-14/259.csv
train;Drones;01423;Drones/13-14;Drones/13-14/263.csv
train;Drones;01424;Drones/13-14;Drones/13-14/264.csv
train;Drones;01427;Drones/13-14;Drones/13-14/267.csv
train;Drones;01429;Drones/13-14;Drones/13-14/269.csv
train;Drones;01430;Drones/13-14;Drones/13-14/270.csv
train;Drones;01431;Drones/13-14;Drones/13-14/271.csv
train;Drones;01432;Drones/13-14;Drones/13-14/272.csv
train;Drones;01436;Drones/13-14;Drones/13-14/276.csv
train;Drones;01440;Drones/13-14;Drones/13-14/280.csv
train;Drones;01441;Drones/13-14;Drones/13-14/281.csv
train;Drones;01442;Drones/13-14;Drones/13-14/282.csv
train;Drones;01443;Drones/13-14;Drones/13-14/283.csv
train;Drones;01444;Drones/13-14;Drones/13-14/284.csv
train;Drones;01446;Drones/13-14;Drones/13-14/286.csv
train;Drones;01447;Drones/13-14;Drones/13-14/287.csv
train;Drones;01448;Drones/13-14;Drones/13-14/288.csv
train;Drones;01450;Drones/13-14;Drones/13-14/290.csv
train;Drones;01451;Drones/13-14;Drones/13-14/291.csv
train;Drones;01453;Drones/13-14;Drones/13-14/293.csv
train;Drones;01454;Drones/13-14;Drones/13-14/294.csv
train;Drones;01456;Drones/13-14;Drones/13-14/296.csv
train;Drones;01458;Drones/13-14;Drones/13-14/298.csv
train;Drones;01459;Drones/13-14;Drones/13-14/299.csv
train;Drones;01460;Drones/13-14;Drones/13-14/300.csv
train;Drones;01461;Drones/13-14;Drones/13-14/301.csv
train;Drones;01462;Drones/13-14;Drones/13-14/302.csv
train;Drones;01463;Drones/13-14;Drones/13-14/303.csv
train;Drones;01464;Drones/13-14;Drones/13-14/304.csv
train;Drones;01465;Drones/13-14;Drones/13-14/305.csv
train;Drones;01466;Drones/13-14;Drones/13-14/306.csv
train;Drones;01467;Drones/13-14;Drones/13-14/307.csv
train;Drones;01468;Drones/13-14;Drones/13-14/308.csv
train;Drones;01470;Drones/13-14;Drones/13-14/310.csv
train;Drones;01471;Drones/13-14;Drones/13-14/311.csv
train;Drones;01473;Drones/13-14;Drones/13-14/313.csv
train;Drones;01474;Drones/13-14;Drones/13-14/314.csv
train;Drones;01475;Drones/13-14;Drones/13-14/315.csv
train;Drones;01476;Drones/13-14;Drones/13-14/316.csv
train;Drones;01477;Drones/13-14;Drones/13-14/317.csv
train;Drones;01479;Drones/13-14;Drones/13-14/319.csv
train;Drones;01480;Drones/13-14;Drones/13-14/320.csv
train;Drones;01482;Drones/13-14;Drones/13-14/322.csv
train;Drones;01485;Drones/13-14;Drones/13-14/325.csv
train;Drones;01487;Drones/13-14;Drones/13-14/327.csv
train;Drones;01489;Drones/13-14;Drones/13-14/329.csv
train;Drones;01491;Drones/13-14;Drones/13-14/331.csv
train;Drones;01493;Drones/13-14;Drones/13-14/333.csv
train;Drones;01494;Drones/13-14;Drones/13-14/334.csv
train;Drones;01495;Drones/13-14;Drones/13-14/335.csv
train;Drones;01496;Drones/13-14;Drones/13-14/336.csv
train;Drones;01497;Drones/13-14;Drones/13-14/337.csv
train;Drones;01498;Drones/13-14;Drones/13-14/338.csv
train;Drones;01499;Drones/13-14;Drones/13-14/339.csv
train;Drones;01501;Drones/13-14;Drones/13-14/341.csv
train;Drones;01503;Drones/13-14;Drones/13-14/343.csv
train;Drones;01507;Drones/13-14;Drones/13-14/347.csv
train;Drones;01508;Drones/13-14;Drones/13-14/348.csv
train;Drones;01509;Drones/13-14;Drones/13-14/349.csv
train;Drones;01510;Drones/13-14;Drones/13-14/350.csv
train;Drones;01511;Drones/13-14;Drones/13-14/351.csv
train;Drones;01512;Drones/13-14;Drones/13-14/352.csv
train;Drones;01513;Drones/13-14;Drones/13-14/353.csv
train;Drones;01516;Drones/13-14;Drones/13-14/356.csv
train;Drones;01517;Drones/13-14;Drones/13-14/357.csv
train;Drones;01518;Drones/13-14;Drones/13-14/358.csv
train;Drones;01519;Drones/13-14;Drones/13-14/359.csv
train;Drones;01521;Drones/13-14;Drones/13-14/361.csv
train;Drones;01522;Drones/13-14;Drones/13-14/362.csv
train;Drones;01523;Drones/13-14;Drones/13-14/363.csv
train;Drones;01524;Drones/13-14;Drones/13-14/364.csv
train;Drones;01525;Drones/13-14;Drones/13-14/365.csv
train;Drones;01526;Drones/13-14;Drones/13-14/366.csv
train;Drones;01528;Drones/13-14;Drones/13-14/368.csv
train;Drones;01529;Drones/13-14;Drones/13-14/369.csv
train;Drones;01530;Drones/13-14;Drones/13-14/370.csv
train;Drones;01531;Drones/13-14;Drones/13-14/371.csv
train;Drones;01532;Drones/13-14;Drones/13-14/372.csv
train;Drones;01536;Drones/13-21;Drones/13-21/004.csv
train;Drones;01538;Drones/13-21;Drones/13-21/006.csv
train;Drones;01541;Drones/13-21;Drones/13-21/011.csv
train;Drones;01543;Drones/13-21;Drones/13-21/013.csv
train;Drones;01545;Drones/13-21;Drones/13-21/015.csv
train;Drones;01547;Drones/13-21;Drones/13-21/017.csv
train;Drones;01548;Drones/13-21;Drones/13-21/018.csv
train;Drones;01549;Drones/13-21;Drones/13-21/019.csv
train;Drones;01550;Drones/13-21;Drones/13-21/020.csv
train;Drones;01552;Drones/13-21;Drones/13-21/022.csv
train;Drones;01553;Drones/13-21;Drones/13-21/023.csv
train;Drones;01556;Drones/13-21;Drones/13-21/026.csv
train;Drones;01557;Drones/13-21;Drones/13-21/027.csv
train;Drones;01559;Drones/13-21;Drones/13-21/032.csv
train;Drones;01560;Drones/13-21;Drones/13-21/033.csv
train;Drones;01561;Drones/13-21;Drones/13-21/034.csv
train;Drones;01562;Drones/13-21;Drones/13-21/035.csv
train;Drones;01563;Drones/13-21;Drones/13-21/036.csv
train;Drones;01564;Drones/13-21;Drones/13-21/040.csv
train;Drones;01566;Drones/13-21;Drones/13-21/042.csv
train;Drones;01568;Drones/13-21;Drones/13-21/046.csv
train;Drones;01569;Drones/13-21;Drones/13-21/047.csv
train;Drones;01571;Drones/13-21;Drones/13-21/049.csv
train;Drones;01572;Drones/13-21;Drones/13-21/050.csv
train;Drones;01573;Drones/13-21;Drones/13-21/051.csv
train;Drones;01574;Drones/13-21;Drones/13-21/052.csv
train;Drones;01575;Drones/13-21;Drones/13-21/053.csv
train;Drones;01576;Drones/13-21;Drones/13-21/054.csv
train;Drones;01577;Drones/13-21;Drones/13-21/055.csv
train;Drones;01578;Drones/13-21;Drones/13-21/056.csv
train;Drones;01580;Drones/13-21;Drones/13-21/058.csv
train;Drones;01581;Drones/13-21;Drones/13-21/059.csv
train;Drones;01582;Drones/13-21;Drones/13-21/061.csv
train;Drones;01583;Drones/13-21;Drones/13-21/063.csv
train;Drones;01585;Drones/13-21;Drones/13-21/066.csv
train;Drones;01586;Drones/13-21;Drones/13-21/069.csv
train;Drones;01587;Drones/13-21;Drones/13-21/070.csv
train;Drones;01588;Drones/13-21;Drones/13-21/072.csv
train;Drones;01590;Drones/13-21;Drones/13-21/076.csv
train;Drones;01592;Drones/13-21;Drones/13-21/083.csv
train;Drones;01595;Drones/13-21;Drones/13-21/086.csv
train;Drones;01596;Drones/13-21;Drones/13-21/087.csv
train;Drones;01597;Drones/13-21;Drones/13-21/091.csv
train;Drones;01598;Drones/13-21;Drones/13-21/092.csv
train;Drones;01599;Drones/13-21;Drones/13-21/093.csv
train;Drones;01600;Drones/13-21;Drones/13-21/094.csv
train;Drones;01602;Drones/13-21;Drones/13-21/096.csv
train;Drones;01603;Drones/13-21;Drones/13-21/097.csv
train;Drones;01604;Drones/13-21;Drones/13-21/098.csv
train;Drones;01605;Drones/13-21;Drones/13-21/099.csv
train;Drones;01606;Drones/13-21;Drones/13-21/100.csv
train;Drones;01608;Drones/13-21;Drones/13-21/102.csv
train;Drones;01609;Drones/13-21;Drones/13-21/103.csv
train;Drones;01611;Drones/13-21;Drones/13-21/105.csv
train;Drones;01614;Drones/13-21;Drones/13-21/108.csv
train;Drones;01620;Drones/13-21;Drones/13-21/114.csv
train;Drones;01622;Drones/13-21;Drones/13-21/116.csv
train;Drones;01623;Drones/13-21;Drones/13-21/117.csv
train;Drones;01625;Drones/13-21;Drones/13-21/119.csv
train;Drones;01626;Drones/13-21;Drones/13-21/120.csv
train;Drones;01628;Drones/13-21;Drones/13-21/122.csv
train;Drones;01629;Drones/13-21;Drones/13-21/123.csv
train;Drones;01632;Drones/13-21;Drones/13-21/126.csv
train;Drones;01634;Drones/13-21;Drones/13-21/128.csv
train;Drones;01636;Drones/13-21;Drones/13-21/131.csv
train;Drones;01637;Drones/13-21;Drones/13-21/132.csv
train;Drones;01638;Drones/13-21;Drones/13-21/133.csv
train;Drones;01639;Drones/13-21;Drones/13-21/134.csv
train;Drones;01640;Drones/13-21;Drones/13-21/135.csv
train;Drones;01641;Drones/13-21;Drones/13-21/137.csv
train;Drones;01642;Drones/13-21;Drones/13-21/138.csv
train;Drones;01643;Drones/13-21;Drones/13-21/139.csv
train;Drones;01644;Drones/13-21;Drones/13-21/140.csv
train;Drones;01645;Drones/13-21;Drones/13-21/141.csv
train;Drones;01646;Drones/13-21;Drones/13-21/142.csv
train;Drones;01647;Drones/13-21;Drones/13-21/143.csv
train;Drones;01649;Drones/13-21;Drones/13-21/145.csv
train;Drones;01650;Drones/13-21;Drones/13-21/146.csv
train;Drones;01652;Drones/13-21;Drones/13-21/148.csv
train;Drones;01654;Drones/13-21;Drones/13-21/151.csv
train;Drones;01656;Drones/13-21;Drones/13-21/153.csv
train;Drones;01657;Drones/13-21;Drones/13-21/154.csv
train;Drones;01658;Drones/13-21;Drones/13-21/155.csv
train;Drones;01660;Drones/13-21;Drones/13-21/157.csv
train;Drones;01661;Drones/13-21;Drones/13-21/158.csv
train;Drones;01662;Drones/13-21;Drones/13-21/159.csv
train;Drones;01664;Drones/13-21;Drones/13-21/161.csv
train;Drones;01665;Drones/13-21;Drones/13-21/162.csv
train;Drones;01666;Drones/13-21;Drones/13-21/163.csv
train;Drones;01668;Drones/13-21;Drones/13-21/165.csv
train;Drones;01669;Drones/13-21;Drones/13-21/166.csv
train;Drones;01672;Drones/13-21;Drones/13-21/169.csv
train;Drones;01674;Drones/13-21;Drones/13-21/171.csv
train;Drones;01675;Drones/13-21;Drones/13-21/172.csv
train;Drones;01677;Drones/13-21;Drones/13-21/174.csv
train;Drones;01678;Drones/13-21;Drones/13-21/175.csv
train;Drones;01679;Drones/13-21;Drones/13-21/176.csv
train;Drones;01680;Drones/13-21;Drones/13-21/179.csv
train;Drones;01681;Drones/13-21;Drones/13-21/183.csv
train;Drones;01682;Drones/13-21;Drones/13-21/186.csv
train;Drones;01683;Drones/13-21;Drones/13-21/189.csv
train;Drones;01684;Drones/13-21;Drones/13-21/190.csv
train;Drones;01685;Drones/13-21;Drones/13-21/191.csv
train;Drones;01686;Drones/13-21;Drones/13-21/192.csv
train;Drones;01687;Drones/13-21;Drones/13-21/193.csv
train;Drones;01688;Drones/13-21;Drones/13-21/195.csv
train;Drones;01689;Drones/13-21;Drones/13-21/196.csv
train;Drones;01690;Drones/13-21;Drones/13-21/197.csv
train;Drones;01691;Drones/13-21;Drones/13-21/198.csv
train;Drones;01692;Drones/13-21;Drones/13-21/199.csv
train;Drones;01693;Drones/13-21;Drones/13-21/200.csv
train;Drones;01694;Drones/13-21;Drones/13-21/201.csv
train;Drones;01696;Drones/13-21;Drones/13-21/203.csv
train;Drones;01697;Drones/13-21;Drones/13-21/204.csv
train;Drones;01699;Drones/13-21;Drones/13-21/206.csv
train;Drones;01701;Drones/13-21;Drones/13-21/208.csv
train;Drones;01702;Drones/13-21;Drones/13-21/209.csv
train;Drones;01705;Drones/13-21;Drones/13-21/212.csv
train;Drones;01707;Drones/13-21;Drones/13-21/214.csv
train;Drones;01708;Drones/13-21;Drones/13-21/215.csv
train;Drones;01709;Drones/13-21;Drones/13-21/216.csv
train;Drones;01710;Drones/13-21;Drones/13-21/217.csv
train;Drones;01711;Drones/13-21;Drones/13-21/218.csv
train;Drones;01712;Drones/13-21;Drones/13-21/219.csv
train;Drones;01713;Drones/13-21;Drones/13-21/220.csv
train;Drones;01714;Drones/13-21;Drones/13-21/221.csv
train;Drones;01716;Drones/13-21;Drones/13-21/223.csv
train;Drones;01717;Drones/13-21;Drones/13-21/224.csv
train;Drones;01720;Drones/13-21;Drones/13-21/227.csv
train;Drones;01723;Drones/13-21;Drones/13-21/230.csv
train;Drones;01725;Drones/13-21;Drones/13-21/232.csv
train;Drones;01726;Drones/13-21;Drones/13-21/233.csv
train;Drones;01728;Drones/13-21;Drones/13-21/235.csv
train;Drones;01732;Drones/13-21;Drones/13-21/240.csv
train;Drones;01734;Drones/13-21;Drones/13-21/242.csv
train;Drones;01735;Drones/13-21;Drones/13-21/243.csv
train;Drones;01736;Drones/13-21;Drones/13-21/244.csv
train;Drones;01738;Drones/13-21;Drones/13-21/246.csv
train;Drones;01740;Drones/13-21;Drones/13-21/248.csv
train;Drones;01743;Drones/13-21;Drones/13-21/251.csv
train;Drones;01745;Drones/13-21;Drones/13-21/253.csv
train;Drones;01748;Drones/13-21;Drones/13-21/256.csv
train;Drones;01749;Drones/13-21;Drones/13-21/257.csv
train;Drones;01750;Drones/13-21;Drones/13-21/258.csv
train;Drones;01751;Drones/13-21;Drones/13-21/259.csv
train;Drones;01754;Drones/13-21;Drones/13-21/262.csv
train;Drones;01755;Drones/13-21;Drones/13-21/263.csv
train;Drones;01758;Drones/13-21;Drones/13-21/266.csv
train;Drones;01759;Drones/13-21;Drones/13-21/267.csv
train;Drones;01760;Drones/13-21;Drones/13-21/268.csv
train;Drones;01761;Drones/13-21;Drones/13-21/269.csv
train;Drones;01762;Drones/13-21;Drones/13-21/270.csv
train;Drones;01763;Drones/13-21;Drones/13-21/271.csv
train;Drones;01764;Drones/13-21;Drones/13-21/272.csv
train;Drones;01765;Drones/13-21;Drones/13-21/273.csv
train;Drones;01767;Drones/13-21;Drones/13-21/275.csv
train;Drones;01769;Drones/13-21;Drones/13-21/277.csv
train;Drones;01772;Drones/13-21;Drones/13-21/280.csv
train;Drones;01773;Drones/13-21;Drones/13-21/281.csv
train;Drones;01775;Drones/13-21;Drones/13-21/283.csv
train;Drones;01776;Drones/13-21;Drones/13-21/284.csv
train;Drones;01777;Drones/13-21;Drones/13-21/285.csv
train;Drones;01779;Drones/13-21;Drones/13-21/287.csv
train;Drones;01781;Drones/13-21;Drones/13-21/289.csv
train;Drones;01782;Drones/13-21;Drones/13-21/290.csv
train;Drones;01784;Drones/13-21;Drones/13-21/292.csv
train;Drones;01785;Drones/13-21;Drones/13-21/293.csv
train;Drones;01786;Drones/13-21;Drones/13-21/294.csv
train;Drones;01788;Drones/13-21;Drones/13-21/296.csv
train;Drones;01789;Drones/13-21;Drones/13-21/297.csv
train;Drones;01791;Drones/13-21;Drones/13-21/299.csv
train;Drones;01792;Drones/13-21;Drones/13-21/300.csv
train;Drones;01793;Drones/13-21;Drones/13-21/301.csv
train;Drones;01794;Drones/13-21;Drones/13-21/302.csv
train;Drones;01795;Drones/13-21;Drones/13-21/303.csv
train;Drones;01796;Drones/13-21;Drones/13-21/304.csv
train;Drones;01797;Drones/13-21;Drones/13-21/305.csv
train;Drones;01798;Drones/13-21;Drones/13-21/306.csv
train;Drones;01799;Drones/13-21;Drones/13-21/307.csv
train;Drones;01800;Drones/13-21;Drones/13-21/308.csv
train;Drones;01801;Drones/13-21;Drones/13-21/309.csv
train;Drones;01802;Drones/13-21;Drones/13-21/310.csv
train;Drones;01803;Drones/13-21;Drones/13-21/311.csv
train;Drones;01804;Drones/13-21;Drones/13-21/312.csv
train;Drones;01805;Drones/13-21;Drones/13-21/313.csv
train;Drones;01806;Drones/13-21;Drones/13-21/314.csv
train;Drones;01807;Drones/13-21;Drones/13-21/315.csv
train;Drones;01809;Drones/13-21;Drones/13-21/317.csv
train;Drones;01810;Drones/13-21;Drones/13-21/318.csv
train;Drones;01811;Drones/13-21;Drones/13-21/319.csv
train;Drones;01812;Drones/13-21;Drones/13-21/320.csv
train;Drones;01813;Drones/13-21;Drones/13-21/321.csv
train;Drones;01815;Drones/13-21;Drones/13-21/323.csv
train;Drones;01816;Drones/13-21;Drones/13-21/324.csv
train;Drones;01817;Drones/13-21;Drones/13-21/325.csv
train;Drones;01818;Drones/13-21;Drones/13-21/326.csv
train;Drones;01820;Drones/13-21;Drones/13-21/328.csv
train;Drones;01821;Drones/13-21;Drones/13-21/329.csv
train;Drones;01822;Drones/13-21;Drones/13-21/330.csv
train;Drones;01824;Drones/13-21;Drones/13-21/332.csv
train;Drones;01825;Drones/13-21;Drones/13-21/333.csv
train;Drones;01826;Drones/13-21;Drones/13-21/334.csv
train;Drones;01827;Drones/13-21;Drones/13-21/335.csv
train;Drones;01828;Drones/13-21;Drones/13-21/336.csv
train;Drones;01829;Drones/13-21;Drones/13-21/337.csv
train;Drones;01830;Drones/13-21;Drones/13-21/338.csv
train;Drones;01831;Drones/13-21;Drones/13-21/339.csv
train;Drones;01835;Drones/13-21;Drones/13-21/343.csv
train;Drones;01837;Drones/13-21;Drones/13-21/345.csv
train;Drones;01839;Drones/13-21;Drones/13-21/347.csv
train;Drones;01841;Drones/13-21;Drones/13-21/349.csv
train;Drones;01842;Drones/13-21;Drones/13-21/350.csv
train;Drones;01843;Drones/13-21;Drones/13-21/351.csv
train;Drones;01844;Drones/13-21;Drones/13-21/352.csv
train;Drones;01846;Drones/13-21;Drones/13-21/354.csv
train;Drones;01847;Drones/13-21;Drones/13-21/355.csv
train;Drones;01848;Drones/13-21;Drones/13-21/356.csv
train;Drones;01849;Drones/13-21;Drones/13-21/357.csv
train;Drones;01851;Drones/13-21;Drones/13-21/359.csv
train;Drones;01852;Drones/13-21;Drones/13-21/360.csv
train;Drones;01853;Drones/13-21;Drones/13-21/361.csv
train;Drones;01854;Drones/13-21;Drones/13-21/362.csv
train;Drones;01855;Drones/13-21;Drones/13-21/363.csv
train;Drones;01856;Drones/13-21;Drones/13-21/364.csv
train;Drones;01857;Drones/13-21;Drones/13-21/365.csv
train;Drones;01858;Drones/13-21;Drones/13-21/366.csv
train;Drones;01859;Drones/13-21;Drones/13-21/367.csv
train;Drones;01862;Drones/13-21;Drones/13-21/370.csv
train;Drones;01864;Drones/13-21;Drones/13-21/372.csv
train;Drones;01866;Drones/13-21;Drones/13-21/374.csv
train;Drones;01867;Drones/13-21;Drones/13-21/375.csv
train;Drones;01869;Drones/13-21;Drones/13-21/377.csv
train;Drones;01870;Drones/13-21;Drones/13-21/378.csv
train;Drones;01873;Drones/13-21;Drones/13-21/381.csv
train;Drones;01876;Drones/13-21;Drones/13-21/384.csv
train;Drones;01880;Drones/13-21;Drones/13-21/388.csv
train;Drones;01881;Drones/13-21;Drones/13-21/389.csv
train;Drones;01883;Drones/13-21;Drones/13-21/391.csv
train;Drones;01884;Drones/13-21;Drones/13-21/392.csv
train;Drones;01885;Drones/13-21;Drones/13-21/393.csv
train;Drones;01886;Drones/13-21;Drones/13-21/394.csv
train;Drones;01888;Drones/13-21;Drones/13-21/396.csv
train;Drones;01890;Drones/13-21;Drones/13-21/398.csv
train;Drones;01891;Drones/13-21;Drones/13-21/399.csv
train;Drones;01896;Drones/13-21;Drones/13-21/404.csv
train;Drones;01897;Drones/13-21;Drones/13-21/405.csv
train;Drones;01899;Drones/13-21;Drones/13-21/407.csv
train;Drones;01900;Drones/13-21;Drones/13-21/408.csv
train;Drones;01901;Drones/13-21;Drones/13-21/409.csv
train;Drones;01902;Drones/13-21;Drones/13-21/410.csv
train;Drones;01904;Drones/13-21;Drones/13-21/412.csv
train;Drones;01905;Drones/13-21;Drones/13-21/413.csv
train;Drones;01906;Drones/13-21;Drones/13-21/414.csv
train;Drones;01907;Drones/13-21;Drones/13-21/415.csv
train;Drones;01909;Drones/13-21;Drones/13-21/417.csv
train;Drones;01911;Drones/13-21;Drones/13-21/419.csv
train;Drones;01912;Drones/13-21;Drones/13-21/420.csv
train;Drones;01914;Drones/13-21;Drones/13-21/422.csv
train;Drones;01915;Drones/13-21;Drones/13-21/423.csv
train;Drones;01916;Drones/13-21;Drones/13-21/424.csv
train;Drones;01917;Drones/13-21;Drones/13-21/425.csv
train;Drones;01918;Drones/13-21;Drones/13-21/426.csv
train;Drones;01920;Drones/13-21;Drones/13-21/428.csv
train;Drones;01921;Drones/13-21;Drones/13-21/429.csv
train;Drones;01922;Drones/13-21;Drones/13-21/430.csv
train;Drones;01923;Drones/13-21;Drones/13-21/431.csv
train;Drones;01924;Drones/13-21;Drones/13-21/432.csv
train;Drones;01926;Drones/13-21;Drones/13-21/434.csv
train;Drones;01928;Drones/13-21;Drones/13-21/436.csv
train;Drones;01929;Drones/13-21;Drones/13-21/437.csv
train;Drones;01930;Drones/13-21;Drones/13-21/438.csv
train;Drones;01931;Drones/13-21;Drones/13-21/439.csv
train;Drones;01932;Drones/13-21;Drones/13-21/440.csv
train;Drones;01934;Drones/13-21;Drones/13-21/442.csv
train;Drones;01937;Drones/13-21;Drones/13-21/445.csv
train;Drones;01938;Drones/13-21;Drones/13-21/446.csv
train;Drones;01939;Drones/13-21;Drones/13-21/447.csv
train;Drones;01940;Drones/13-21;Drones/13-21/448.csv
train;Drones;01941;Drones/13-21;Drones/13-21/449.csv
train;Drones;01942;Drones/13-21;Drones/13-21/450.csv
train;Drones;01944;Drones/13-21;Drones/13-21/452.csv
train;Drones;01945;Drones/13-21;Drones/13-21/453.csv
train;Drones;01948;Drones/13-21;Drones/13-21/456.csv
train;Drones;01949;Drones/13-21;Drones/13-21/457.csv
train;Drones;01950;Drones/13-21;Drones/13-21/458.csv
train;Drones;01951;Drones/13-21;Drones/13-21/459.csv
train;Drones;01952;Drones/13-21;Drones/13-21/460.csv
train;Drones;01953;Drones/13-21;Drones/13-21/461.csv
train;Drones;01954;Drones/13-21;Drones/13-21/462.csv
train;Drones;01955;Drones/13-21;Drones/13-21/463.csv
train;Drones;01956;Drones/13-21;Drones/13-21/464.csv
train;Drones;01957;Drones/13-21;Drones/13-21/465.csv
train;Drones;01959;Drones/13-21;Drones/13-21/467.csv
train;Drones;01960;Drones/13-21;Drones/13-21/468.csv
train;Drones;01961;Drones/13-21;Drones/13-21/469.csv
train;Drones;01962;Drones/13-21;Drones/13-21/470.csv
train;Drones;01964;Drones/13-21;Drones/13-21/472.csv
train;Drones;01968;Drones/13-21;Drones/13-21/476.csv
train;Drones;01969;Drones/13-21;Drones/13-21/477.csv
train;Drones;01970;Drones/13-21;Drones/13-21/478.csv
train;Drones;01971;Drones/13-21;Drones/13-21/479.csv
train;Drones;01973;Drones/13-21;Drones/13-21/481.csv
train;Drones;01975;Drones/13-21;Drones/13-21/483.csv
train;Drones;01976;Drones/13-21;Drones/13-21/484.csv
train;Drones;01977;Drones/13-21;Drones/13-21/485.csv
train;Drones;01978;Drones/13-21;Drones/13-21/486.csv
train;Drones;01980;Drones/13-21;Drones/13-21/488.csv
train;Drones;01981;Drones/13-21;Drones/13-21/489.csv
train;Drones;01982;Drones/13-21;Drones/13-21/490.csv
train;Drones;01983;Drones/13-21;Drones/13-21/491.csv
train;Drones;01985;Drones/13-21;Drones/13-21/493.csv
train;Drones;01986;Drones/13-21;Drones/13-21/494.csv
train;Drones;01987;Drones/13-21;Drones/13-21/495.csv
train;Drones;01988;Drones/13-21;Drones/13-21/496.csv
train;Drones;01990;Drones/13-21;Drones/13-21/498.csv
train;Drones;01991;Drones/13-21;Drones/13-21/499.csv
train;Drones;01992;Drones/13-21;Drones/13-21/500.csv
train;Drones;01993;Drones/13-21;Drones/13-21/501.csv
train;Drones;01994;Drones/13-21;Drones/13-21/502.csv
train;Drones;01995;Drones/13-21;Drones/13-21/503.csv
train;Drones;01997;Drones/13-21;Drones/13-21/505.csv
train;Drones;01998;Drones/13-21;Drones/13-21/506.csv
train;Drones;01999;Drones/13-21;Drones/13-21/507.csv
train;Drones;02000;Drones/13-21;Drones/13-21/508.csv
train;Drones;02001;Drones/13-21;Drones/13-21/510.csv
train;Drones;02002;Drones/13-21;Drones/13-21/513.csv
train;Drones;02003;Drones/13-21;Drones/13-21/514.csv
train;Drones;02004;Drones/13-48;Drones/13-48/001.csv
train;Drones;02007;Drones/13-48;Drones/13-48/004.csv
train;Drones;02008;Drones/13-48;Drones/13-48/005.csv
train;Drones;02009;Drones/13-48;Drones/13-48/006.csv
train;Drones;02010;Drones/13-48;Drones/13-48/007.csv
train;Drones;02011;Drones/13-48;Drones/13-48/008.csv
train;Drones;02012;Drones/13-48;Drones/13-48/009.csv
train;Drones;02013;Drones/13-48;Drones/13-48/010.csv
train;Drones;02014;Drones/13-48;Drones/13-48/011.csv
train;Drones;02015;Drones/13-48;Drones/13-48/012.csv
train;Drones;02017;Drones/13-48;Drones/13-48/014.csv
train;Drones;02018;Drones/13-48;Drones/13-48/015.csv
train;Drones;02020;Drones/13-48;Drones/13-48/017.csv
train;Drones;02021;Drones/13-48;Drones/13-48/018.csv
train;Drones;02024;Drones/13-48;Drones/13-48/021.csv
train;Drones;02026;Drones/13-48;Drones/13-48/023.csv
train;Drones;02027;Drones/13-48;Drones/13-48/024.csv
train;Drones;02028;Drones/13-48;Drones/13-48/025.csv
train;Drones;02029;Drones/13-48;Drones/13-48/026.csv
train;Drones;02030;Drones/13-48;Drones/13-48/027.csv
train;Drones;02031;Drones/13-48;Drones/13-48/028.csv
train;Drones;02032;Drones/13-48;Drones/13-48/029.csv
train;Drones;02033;Drones/13-48;Drones/13-48/030.csv
train;Drones;02034;Drones/13-48;Drones/13-48/031.csv
train;Drones;02036;Drones/13-48;Drones/13-48/033.csv
train;Drones;02038;Drones/13-48;Drones/13-48/035.csv
train;Drones;02039;Drones/13-48;Drones/13-48/036.csv
train;Drones;02040;Drones/13-48;Drones/13-48/037.csv
train;Drones;02041;Drones/13-48;Drones/13-48/038.csv
train;Drones;02042;Drones/13-48;Drones/13-48/039.csv
train;Drones;02044;Drones/13-48;Drones/13-48/041.csv
train;Drones;02045;Drones/13-48;Drones/13-48/042.csv
train;Drones;02047;Drones/13-48;Drones/13-48/044.csv
train;Drones;02048;Drones/13-48;Drones/13-48/045.csv
train;Drones;02049;Drones/13-48;Drones/13-48/046.csv
train;Drones;02050;Drones/13-48;Drones/13-48/047.csv
train;Drones;02051;Drones/13-48;Drones/13-48/048.csv
train;Drones;02052;Drones/13-48;Drones/13-48/049.csv
train;Drones;02053;Drones/13-48;Drones/13-48/050.csv
train;Drones;02055;Drones/13-48;Drones/13-48/052.csv
train;Drones;02056;Drones/13-48;Drones/13-48/053.csv
train;Drones;02057;Drones/13-48;Drones/13-48/054.csv
train;Drones;02058;Drones/13-48;Drones/13-48/055.csv
train;Drones;02059;Drones/13-48;Drones/13-48/056.csv
train;Drones;02060;Drones/13-48;Drones/13-48/057.csv
train;Drones;02061;Drones/13-48;Drones/13-48/058.csv
train;Drones;02062;Drones/13-48;Drones/13-48/059.csv
train;Drones;02063;Drones/13-48;Drones/13-48/060.csv
train;Drones;02065;Drones/13-48;Drones/13-48/062.csv
train;Drones;02066;Drones/13-48;Drones/13-48/063.csv
train;Drones;02067;Drones/13-48;Drones/13-48/064.csv
train;Drones;02069;Drones/13-48;Drones/13-48/066.csv
train;Drones;02070;Drones/13-48;Drones/13-48/067.csv
train;Drones;02071;Drones/13-48;Drones/13-48/068.csv
train;Drones;02072;Drones/13-48;Drones/13-48/069.csv
train;Drones;02075;Drones/13-48;Drones/13-48/072.csv
train;Drones;02076;Drones/13-48;Drones/13-48/073.csv
train;Drones;02077;Drones/13-48;Drones/13-48/074.csv
train;Drones;02080;Drones/13-48;Drones/13-48/077.csv
train;Drones;02081;Drones/13-48;Drones/13-48/078.csv
train;Drones;02082;Drones/13-48;Drones/13-48/079.csv
train;Drones;02083;Drones/13-48;Drones/13-48/080.csv
train;Drones;02084;Drones/13-48;Drones/13-48/081.csv
train;Drones;02085;Drones/13-48;Drones/13-48/082.csv
train;Drones;02086;Drones/13-48;Drones/13-48/083.csv
train;Drones;02087;Drones/13-48;Drones/13-48/084.csv
train;Drones;02088;Drones/13-48;Drones/13-48/085.csv
train;Drones;02090;Drones/13-48;Drones/13-48/087.csv
train;Drones;02091;Drones/13-48;Drones/13-48/088.csv
train;Drones;02094;Drones/13-48;Drones/13-48/091.csv
train;Drones;02095;Drones/13-48;Drones/13-48/092.csv
train;Drones;02096;Drones/13-48;Drones/13-48/093.csv
train;Drones;02097;Drones/13-48;Drones/13-48/094.csv
train;Drones;02098;Drones/13-48;Drones/13-48/095.csv
train;Drones;02103;Drones/13-48;Drones/13-48/100.csv
train;Drones;02104;Drones/13-48;Drones/13-48/101.csv
train;Drones;02105;Drones/13-48;Drones/13-48/102.csv
train;Drones;02106;Drones/13-48;Drones/13-48/103.csv
train;Drones;02107;Drones/13-48;Drones/13-48/104.csv
train;Drones;02108;Drones/13-48;Drones/13-48/105.csv
train;Drones;02109;Drones/13-48;Drones/13-48/106.csv
train;Drones;02110;Drones/13-48;Drones/13-48/107.csv
train;Drones;02113;Drones/13-48;Drones/13-48/110.csv
train;Drones;02114;Drones/13-48;Drones/13-48/111.csv
train;Drones;02117;Drones/13-48;Drones/13-48/114.csv
train;Drones;02118;Drones/13-48;Drones/13-48/115.csv
train;Drones;02121;Drones/13-48;Drones/13-48/118.csv
train;Drones;02123;Drones/13-48;Drones/13-48/120.csv
train;Drones;02126;Drones/13-48;Drones/13-48/123.csv
train;Drones;02127;Drones/13-48;Drones/13-48/124.csv
train;Drones;02129;Drones/13-48;Drones/13-48/126.csv
train;Drones;02130;Drones/13-48;Drones/13-48/127.csv
train;Drones;02131;Drones/13-48;Drones/13-48/128.csv
train;Drones;02133;Drones/13-48;Drones/13-48/130.csv
train;Drones;02135;Drones/13-48;Drones/13-48/132.csv
train;Drones;02137;Drones/13-48;Drones/13-48/134.csv
train;Drones;02138;Drones/13-48;Drones/13-48/135.csv
train;Drones;02139;Drones/13-48;Drones/13-48/136.csv
train;Drones;02140;Drones/13-48;Drones/13-48/137.csv
train;Drones;02141;Drones/13-48;Drones/13-48/138.csv
train;Drones;02142;Drones/13-48;Drones/13-48/139.csv
train;Drones;02143;Drones/13-48;Drones/13-48/140.csv
train;Drones;02144;Drones/13-48;Drones/13-48/141.csv
train;Drones;02145;Drones/13-48;Drones/13-48/142.csv
train;Drones;02148;Drones/13-48;Drones/13-48/145.csv
train;Drones;02149;Drones/13-48;Drones/13-48/146.csv
train;Drones;02150;Drones/13-48;Drones/13-48/147.csv
train;Drones;02151;Drones/13-48;Drones/13-48/148.csv
train;Drones;02152;Drones/13-48;Drones/13-48/149.csv
train;Drones;02153;Drones/13-48;Drones/13-48/150.csv
train;Drones;02154;Drones/13-48;Drones/13-48/151.csv
train;Drones;02156;Drones/13-48;Drones/13-48/153.csv
train;Drones;02157;Drones/13-48;Drones/13-48/154.csv
train;Drones;02159;Drones/13-48;Drones/13-48/156.csv
train;Drones;02160;Drones/13-48;Drones/13-48/157.csv
train;Drones;02161;Drones/13-48;Drones/13-48/158.csv
train;Drones;02162;Drones/13-48;Drones/13-48/159.csv
train;Drones;02163;Drones/13-48;Drones/13-48/160.csv
train;Drones;02164;Drones/13-48;Drones/13-48/161.csv
train;Drones;02165;Drones/13-48;Drones/13-48/162.csv
train;Drones;02166;Drones/13-48;Drones/13-48/163.csv
train;Drones;02167;Drones/13-48;Drones/13-48/164.csv
train;Drones;02170;Drones/13-48;Drones/13-48/167.csv
train;Drones;02171;Drones/13-48;Drones/13-48/168.csv
train;Drones;02172;Drones/13-48;Drones/13-48/169.csv
train;Drones;02176;Drones/13-48;Drones/13-48/173.csv
train;Drones;02177;Drones/13-48;Drones/13-48/174.csv
train;Drones;02179;Drones/13-48;Drones/13-48/176.csv
train;Drones;02180;Drones/13-48;Drones/13-48/177.csv
train;Drones;02181;Drones/13-48;Drones/13-48/178.csv
train;Drones;02182;Drones/13-48;Drones/13-48/179.csv
train;Drones;02183;Drones/13-48;Drones/13-48/180.csv
train;Drones;02184;Drones/13-48;Drones/13-48/181.csv
train;Drones;02185;Drones/13-48;Drones/13-48/182.csv
train;Drones;02186;Drones/13-48;Drones/13-48/183.csv
train;Drones;02187;Drones/13-48;Drones/13-48/184.csv
train;Drones;02189;Drones/13-48;Drones/13-48/186.csv
train;Drones;02190;Drones/13-48;Drones/13-48/187.csv
train;Drones;02191;Drones/13-48;Drones/13-48/188.csv
train;Drones;02192;Drones/13-48;Drones/13-48/189.csv
train;Drones;02193;Drones/13-48;Drones/13-48/190.csv
train;Drones;02194;Drones/13-48;Drones/13-48/191.csv
train;Drones;02197;Drones/13-48;Drones/13-48/194.csv
train;Drones;02198;Drones/13-48;Drones/13-48/195.csv
train;Drones;02199;Drones/13-48;Drones/13-48/196.csv
train;Drones;02200;Drones/13-48;Drones/13-48/197.csv
train;Drones;02201;Drones/13-48;Drones/13-48/198.csv
train;Drones;02202;Drones/13-48;Drones/13-48/199.csv
train;Drones;02203;Drones/13-48;Drones/13-48/200.csv
train;Drones;02204;Drones/13-48;Drones/13-48/201.csv
train;Drones;02205;Drones/13-48;Drones/13-48/202.csv
train;Drones;02206;Drones/13-48;Drones/13-48/203.csv
train;Drones;02207;Drones/13-48;Drones/13-48/204.csv
train;Drones;02208;Drones/13-48;Drones/13-48/205.csv
train;Drones;02209;Drones/13-48;Drones/13-48/206.csv
train;Drones;02211;Drones/13-48;Drones/13-48/208.csv
train;Drones;02212;Drones/13-48;Drones/13-48/209.csv
train;Drones;02213;Drones/13-48;Drones/13-48/210.csv
train;Drones;02214;Drones/13-48;Drones/13-48/211.csv
train;Drones;02215;Drones/13-48;Drones/13-48/212.csv
train;Drones;02216;Drones/13-48;Drones/13-48/213.csv
train;Drones;02217;Drones/13-48;Drones/13-48/214.csv
train;Drones;02220;Drones/13-48;Drones/13-48/217.csv
train;Drones;02224;Drones/13-48;Drones/13-48/221.csv
train;Drones;02225;Drones/13-48;Drones/13-48/222.csv
train;Drones;02227;Drones/13-48;Drones/13-48/224.csv
train;Drones;02230;Drones/13-48;Drones/13-48/227.csv
train;Drones;02231;Drones/13-48;Drones/13-48/228.csv
train;Drones;02235;Drones/13-48;Drones/13-48/232.csv
train;Drones;02236;Drones/13-48;Drones/13-48/233.csv
train;Drones;02238;Drones/13-48;Drones/13-48/235.csv
train;Drones;02240;Drones/13-48;Drones/13-48/237.csv
train;Drones;02241;Drones/13-48;Drones/13-48/238.csv
train;Drones;02242;Drones/13-48;Drones/13-48/239.csv
train;Drones;02244;Drones/13-48;Drones/13-48/241.csv
train;Drones;02245;Drones/13-48;Drones/13-48/242.csv
train;Drones;02247;Drones/13-48;Drones/13-48/244.csv
train;Drones;02248;Drones/13-48;Drones/13-48/245.csv
train;Drones;02249;Drones/13-48;Drones/13-48/246.csv
train;Drones;02250;Drones/13-48;Drones/13-48/247.csv
train;Drones;02251;Drones/13-48;Drones/13-48/248.csv
train;Drones;02252;Drones/13-48;Drones/13-48/249.csv
train;Drones;02254;Drones/13-48;Drones/13-48/251.csv
train;Drones;02255;Drones/13-48;Drones/13-48/252.csv
train;Drones;02256;Drones/13-48;Drones/13-48/253.csv
train;Drones;02257;Drones/13-48;Drones/13-48/254.csv
train;Drones;02258;Drones/13-48;Drones/13-48/255.csv
train;Drones;02259;Drones/13-48;Drones/13-48/256.csv
train;Drones;02261;Drones/13-48;Drones/13-48/258.csv
train;Drones;02262;Drones/13-48;Drones/13-48/259.csv
train;Drones;02263;Drones/13-48;Drones/13-48/260.csv
train;Drones;02264;Drones/13-48;Drones/13-48/261.csv
train;Drones;02266;Drones/13-48;Drones/13-48/263.csv
train;Drones;02271;Drones/13-48;Drones/13-48/268.csv
train;Drones;02272;Drones/13-48;Drones/13-48/269.csv
train;Drones;02273;Drones/13-48;Drones/13-48/270.csv
train;Drones;02274;Drones/13-48;Drones/13-48/271.csv
train;Drones;02276;Drones/13-48;Drones/13-48/273.csv
train;Drones;02279;Drones/13-48;Drones/13-48/276.csv
train;Drones;02280;Drones/13-48;Drones/13-48/277.csv
train;Drones;02282;Drones/13-48;Drones/13-48/279.csv
train;Drones;02283;Drones/13-48;Drones/13-48/280.csv
train;Drones;02284;Drones/13-48;Drones/13-48/281.csv
train;Drones;02285;Drones/13-48;Drones/13-48/282.csv
train;Drones;02286;Drones/13-48;Drones/13-48/283.csv
train;Drones;02287;Drones/13-48;Drones/13-48/284.csv
train;Drones;02290;Drones/13-48;Drones/13-48/287.csv
train;Drones;02292;Drones/13-48;Drones/13-48/289.csv
train;Drones;02294;Drones/13-48;Drones/13-48/291.csv
train;Drones;02295;Drones/13-48;Drones/13-48/292.csv
train;Drones;02297;Drones/13-48;Drones/13-48/294.csv
train;Drones;02298;Drones/13-48;Drones/13-48/295.csv
train;Drones;02301;Drones/13-48;Drones/13-48/298.csv
train;Drones;02302;Drones/13-48;Drones/13-48/299.csv
train;Drones;02304;Drones/13-48;Drones/13-48/301.csv
train;Drones;02307;Drones/13-48;Drones/13-48/304.csv
train;Drones;02308;Drones/13-48;Drones/13-48/305.csv
train;Drones;02309;Drones/13-48;Drones/13-48/306.csv
train;Drones;02311;Drones/13-48;Drones/13-48/308.csv
train;Drones;02313;Drones/13-48;Drones/13-48/310.csv
train;Drones;02316;Drones/13-48;Drones/13-48/313.csv
train;Drones;02320;Drones/13-48;Drones/13-48/317.csv
train;Drones;02321;Drones/13-48;Drones/13-48/318.csv
train;Drones;02322;Drones/13-48;Drones/13-48/319.csv
train;Drones;02323;Drones/13-48;Drones/13-48/320.csv
train;Drones;02324;Drones/13-48;Drones/13-48/321.csv
train;Drones;02325;Drones/13-48;Drones/13-48/322.csv
train;Drones;02326;Drones/13-48;Drones/13-48/323.csv
train;Drones;02327;Drones/13-48;Drones/13-48/324.csv
train;Drones;02328;Drones/13-48;Drones/13-48/325.csv
train;Drones;02329;Drones/13-48;Drones/13-48/326.csv
train;Drones;02330;Drones/13-48;Drones/13-48/327.csv
train;Drones;02333;Drones/13-48;Drones/13-48/330.csv
train;Drones;02334;Drones/13-48;Drones/13-48/331.csv
train;Drones;02335;Drones/13-48;Drones/13-48/332.csv
train;Drones;02336;Drones/13-48;Drones/13-48/333.csv
train;Drones;02337;Drones/13-48;Drones/13-48/334.csv
train;Drones;02339;Drones/13-48;Drones/13-48/336.csv
train;Drones;02340;Drones/13-48;Drones/13-48/337.csv
train;Drones;02341;Drones/13-48;Drones/13-48/338.csv
train;Drones;02344;Drones/13-48;Drones/13-48/341.csv
train;Drones;02346;Drones/13-48;Drones/13-48/343.csv
train;Drones;02347;Drones/13-48;Drones/13-48/344.csv
train;Drones;02348;Drones/13-48;Drones/13-48/345.csv
train;Drones;02349;Drones/13-48;Drones/13-48/346.csv
train;Drones;02350;Drones/13-48;Drones/13-48/347.csv
train;Drones;02351;Drones/13-48;Drones/13-48/348.csv
train;Drones;02352;Drones/13-48;Drones/13-48/349.csv
train;Drones;02353;Drones/13-48;Drones/13-48/350.csv
train;Drones;02354;Drones/13-48;Drones/13-48/351.csv
train;Drones;02356;Drones/13-48;Drones/13-48/353.csv
train;Drones;02357;Drones/13-48;Drones/13-48/354.csv
train;Drones;02358;Drones/13-48;Drones/13-48/355.csv
train;Drones;02359;Drones/13-48;Drones/13-48/356.csv
train;Drones;02360;Drones/13-48;Drones/13-48/357.csv
train;Drones;02361;Drones/13-48;Drones/13-48/358.csv
train;Drones;02363;Drones/13-48;Drones/13-48/360.csv
train;Drones;02364;Drones/13-48;Drones/13-48/361.csv
train;Drones;02366;Drones/13-48;Drones/13-48/363.csv
train;Drones;02367;Drones/13-48;Drones/13-48/364.csv
train;Drones;02369;Drones/13-48;Drones/13-48/366.csv
train;Drones;02370;Drones/13-48;Drones/13-48/367.csv
train;Drones;02372;Drones/13-48;Drones/13-48/369.csv
train;Drones;02373;Drones/13-48;Drones/13-48/370.csv
train;Drones;02375;Drones/13-48;Drones/13-48/372.csv
train;Drones;02376;Drones/13-48;Drones/13-48/373.csv
train;Drones;02377;Drones/13-48;Drones/13-48/374.csv
train;Drones;02380;Drones/13-48;Drones/13-48/377.csv
train;Drones;02381;Drones/13-48;Drones/13-48/378.csv
train;Drones;02382;Drones/13-48;Drones/13-48/379.csv
train;Drones;02383;Drones/13-48;Drones/13-48/380.csv
train;Drones;02384;Drones/13-48;Drones/13-48/381.csv
train;Drones;02386;Drones/13-48;Drones/13-48/383.csv
train;Drones;02387;Drones/13-48;Drones/13-48/384.csv
train;Drones;02389;Drones/13-48;Drones/13-48/386.csv
train;Drones;02391;Drones/13-48;Drones/13-48/388.csv
train;Drones;02392;Drones/13-48;Drones/13-48/389.csv
train;Drones;02393;Drones/13-48;Drones/13-48/390.csv
train;Drones;02394;Drones/13-48;Drones/13-48/391.csv
train;Drones;02395;Drones/13-48;Drones/13-48/392.csv
train;Drones;02397;Drones/15-16;Drones/15-16/001.csv
train;Drones;02398;Drones/15-16;Drones/15-16/002.csv
train;Drones;02399;Drones/15-16;Drones/15-16/003.csv
train;Drones;02400;Drones/15-16;Drones/15-16/004.csv
train;Drones;02401;Drones/15-16;Drones/15-16/005.csv
train;Drones;02402;Drones/15-16;Drones/15-16/006.csv
train;Drones;02403;Drones/15-16;Drones/15-16/007.csv
train;Drones;02404;Drones/15-16;Drones/15-16/008.csv
train;Drones;02406;Drones/15-16;Drones/15-16/010.csv
train;Drones;02407;Drones/15-16;Drones/15-16/011.csv
train;Drones;02408;Drones/15-16;Drones/15-16/012.csv
train;Drones;02409;Drones/15-16;Drones/15-16/013.csv
train;Drones;02410;Drones/15-16;Drones/15-16/014.csv
train;Drones;02411;Drones/15-16;Drones/15-16/015.csv
train;Drones;02412;Drones/15-16;Drones/15-16/016.csv
train;Drones;02413;Drones/15-16;Drones/15-16/017.csv
train;Drones;02414;Drones/15-16;Drones/15-16/018.csv
train;Drones;02415;Drones/15-16;Drones/15-16/019.csv
train;Drones;02416;Drones/15-16;Drones/15-16/020.csv
train;Drones;02417;Drones/15-16;Drones/15-16/021.csv
train;Drones;02420;Drones/15-16;Drones/15-16/024.csv
train;Drones;02422;Drones/15-16;Drones/15-16/026.csv
train;Drones;02423;Drones/15-16;Drones/15-16/027.csv
train;Drones;02425;Drones/15-16;Drones/15-16/029.csv
train;Drones;02426;Drones/15-16;Drones/15-16/030.csv
train;Drones;02428;Drones/15-18;Drones/15-18/001.csv
train;Drones;02429;Drones/15-18;Drones/15-18/002.csv
train;Drones;02430;Drones/15-18;Drones/15-18/003.csv
train;Drones;02431;Drones/15-18;Drones/15-18/004.csv
train;Drones;02432;Drones/15-18;Drones/15-18/005.csv
train;Drones;02433;Drones/15-18;Drones/15-18/006.csv
train;Drones;02434;Drones/15-18;Drones/15-18/007.csv
train;Drones;02435;Drones/15-18;Drones/15-18/008.csv
train;Drones;02436;Drones/15-18;Drones/15-18/009.csv
train;Drones;02437;Drones/15-18;Drones/15-18/010.csv
train;Drones;02440;Drones/15-18;Drones/15-18/013.csv
train;Drones;02441;Drones/15-18;Drones/15-18/014.csv
train;Drones;02442;Drones/15-18;Drones/15-18/015.csv
train;Drones;02443;Drones/15-18;Drones/15-18/016.csv
train;Drones;02444;Drones/15-18;Drones/15-18/017.csv
train;Drones;02445;Drones/15-18;Drones/15-18/018.csv
train;Drones;02446;Drones/15-18;Drones/15-18/019.csv
train;Drones;02447;Drones/15-18;Drones/15-18/020.csv
train;Drones;02448;Drones/15-18;Drones/15-18/021.csv
train;Drones;02449;Drones/15-18;Drones/15-18/022.csv
train;Drones;02450;Drones/15-18;Drones/15-18/023.csv
train;Drones;02453;Drones/15-18;Drones/15-18/026.csv
train;Drones;02454;Drones/15-18;Drones/15-18/027.csv
train;Drones;02455;Drones/15-18;Drones/15-18/028.csv
train;Drones;02456;Drones/15-18;Drones/15-18/029.csv
train;Drones;02457;Drones/15-18;Drones/15-18/030.csv
train;Drones;02459;Drones/15-18;Drones/15-18/032.csv
train;Drones;02461;Drones/15-18;Drones/15-18/034.csv
train;Drones;02462;Drones/15-18;Drones/15-18/035.csv
train;Drones;02467;Drones/15-18;Drones/15-18/040.csv
train;Drones;02468;Drones/15-18;Drones/15-18/041.csv
train;Drones;02469;Drones/15-18;Drones/15-18/042.csv
train;Drones;02470;Drones/15-21;Drones/15-21/001.csv
train;Drones;02472;Drones/15-21;Drones/15-21/003.csv
train;Drones;02473;Drones/15-21;Drones/15-21/004.csv
train;Drones;02475;Drones/15-21;Drones/15-21/006.csv
train;Drones;02476;Drones/15-21;Drones/15-21/007.csv
train;Drones;02478;Drones/15-21;Drones/15-21/009.csv
train;Drones;02479;Drones/15-21;Drones/15-21/010.csv
train;Drones;02480;Drones/15-21;Drones/15-21/011.csv
train;Drones;02482;Drones/15-21;Drones/15-21/013.csv
train;Drones;02483;Drones/15-21;Drones/15-21/014.csv
train;Drones;02484;Drones/15-21;Drones/15-21/015.csv
train;Drones;02486;Drones/15-21;Drones/15-21/017.csv
train;Drones;02489;Drones/15-21;Drones/15-21/020.csv
train;Drones;02490;Drones/15-21;Drones/15-21/021.csv
train;Drones;02491;Drones/15-21;Drones/15-21/022.csv
train;Drones;02492;Drones/15-21;Drones/15-21/023.csv
train;Drones;02493;Drones/15-21;Drones/15-21/024.csv
train;Drones;02494;Drones/15-21;Drones/15-21/025.csv
train;Drones;02495;Drones/15-21;Drones/15-21/026.csv
train;Drones;02497;Drones/15-21;Drones/15-21/028.csv
train;Drones;02498;Drones/15-21;Drones/15-21/029.csv
train;Drones;02500;Drones/15-21;Drones/15-21/031.csv
train;Drones;02501;Drones/15-21;Drones/15-21/032.csv
train;Drones;02502;Drones/15-21;Drones/15-21/033.csv
train;Drones;02503;Drones/15-21;Drones/15-21/034.csv
train;Drones;02504;Drones/15-21;Drones/15-21/035.csv
train;Drones;02505;Drones/15-21;Drones/15-21/036.csv
train;Drones;02506;Drones/15-21;Drones/15-21/037.csv
train;Drones;02507;Drones/15-21;Drones/15-21/038.csv
train;Drones;02508;Drones/15-21;Drones/15-21/039.csv
train;Drones;02509;Drones/15-21;Drones/15-21/040.csv
train;Drones;02510;Drones/15-21;Drones/15-21/041.csv
train;Drones;02511;Drones/15-21;Drones/15-21/042.csv
train;Drones;02512;Drones/15-21;Drones/15-21/043.csv
train;Drones;02513;Drones/15-21;Drones/15-21/044.csv
train;Drones;02514;Drones/15-21;Drones/15-21/045.csv
train;Drones;02515;Drones/15-21;Drones/15-21/046.csv
train;Drones;02517;Drones/15-21;Drones/15-21/048.csv
train;Drones;02523;Drones/15-21;Drones/15-21/054.csv
train;Drones;02524;Drones/15-21;Drones/15-21/055.csv
train;Drones;02525;Drones/15-21;Drones/15-21/056.csv
train;Drones;02527;Drones/15-21;Drones/15-21/058.csv
train;Drones;02528;Drones/15-21;Drones/15-21/059.csv
train;Drones;02530;Drones/15-21;Drones/15-21/061.csv
train;Drones;02531;Drones/15-21;Drones/15-21/062.csv
train;Drones;02533;Drones/15-21;Drones/15-21/064.csv
train;Drones;02536;Drones/15-21;Drones/15-21/067.csv
train;Drones;02537;Drones/15-21;Drones/15-21/068.csv
train;Drones;02538;Drones/15-21;Drones/15-21/069.csv
train;Drones;02539;Drones/15-21;Drones/15-21/070.csv
train;Drones;02540;Drones/15-21;Drones/15-21/071.csv
train;Drones;02541;Drones/15-21;Drones/15-21/072.csv
train;Drones;02542;Drones/15-21;Drones/15-21/073.csv
train;Drones;02543;Drones/15-21;Drones/15-21/074.csv
train;Drones;02544;Drones/15-21;Drones/15-21/075.csv
train;Drones;02545;Drones/15-21;Drones/15-21/076.csv
train;Drones;02546;Drones/15-21;Drones/15-21/077.csv
train;Drones;02547;Drones/15-21;Drones/15-21/078.csv
train;Drones;02549;Drones/15-21;Drones/15-21/080.csv
train;Drones;02552;Drones/15-21;Drones/15-21/083.csv
train;Drones;02553;Drones/15-21;Drones/15-21/084.csv
train;Drones;02554;Drones/15-21;Drones/15-21/085.csv
train;Drones;02557;Drones/15-21;Drones/15-21/088.csv
train;Drones;02558;Drones/15-21;Drones/15-21/089.csv
train;Drones;02559;Drones/15-21;Drones/15-21/090.csv
train;Drones;02560;Drones/15-21;Drones/15-21/091.csv
train;Drones;02561;Drones/15-21;Drones/15-21/092.csv
train;Drones;02563;Drones/15-21;Drones/15-21/094.csv
train;Drones;02564;Drones/15-21;Drones/15-21/095.csv
train;Drones;02565;Drones/15-21;Drones/15-21/096.csv
train;Drones;02566;Drones/15-21;Drones/15-21/097.csv
train;Drones;02567;Drones/15-21;Drones/15-21/098.csv
train;Drones;02568;Drones/15-21;Drones/15-21/099.csv
train;Drones;02569;Drones/15-21;Drones/15-21/100.csv
train;Drones;02572;Drones/15-21;Drones/15-21/103.csv
train;Drones;02574;Drones/15-21;Drones/15-21/105.csv
train;Drones;02579;Drones/15-21;Drones/15-21/110.csv
train;Drones;02580;Drones/15-21;Drones/15-21/111.csv
train;Drones;02582;Drones/15-21;Drones/15-21/113.csv
train;Drones;02583;Drones/15-21;Drones/15-21/114.csv
train;Drones;02584;Drones/15-21;Drones/15-21/115.csv
train;Drones;02586;Drones/15-21;Drones/15-21/117.csv
train;Drones;02588;Drones/15-21;Drones/15-21/119.csv
train;Drones;02591;Drones/15-21;Drones/15-21/122.csv
train;Drones;02593;Drones/15-21;Drones/15-21/124.csv
train;Drones;02594;Drones/15-21;Drones/15-21/125.csv
train;Drones;02595;Drones/15-21;Drones/15-21/126.csv
train;Drones;02596;Drones/15-21;Drones/15-21/127.csv
train;Drones;02597;Drones/15-21;Drones/15-21/128.csv
train;Drones;02598;Drones/15-21;Drones/15-21/129.csv
train;Drones;02599;Drones/15-21;Drones/15-21/130.csv
train;Drones;02600;Drones/15-21;Drones/15-21/131.csv
train;Drones;02602;Drones/15-21;Drones/15-21/133.csv
train;Drones;02604;Drones/15-21;Drones/15-21/135.csv
train;Drones;02605;Drones/15-21;Drones/15-21/136.csv
train;Drones;02607;Drones/15-21;Drones/15-21/138.csv
train;Drones;02608;Drones/15-21;Drones/15-21/139.csv
train;Drones;02609;Drones/15-21;Drones/15-21/140.csv
train;Drones;02611;Drones/15-21;Drones/15-21/142.csv
train;Drones;02612;Drones/15-21;Drones/15-21/143.csv
train;Drones;02613;Drones/15-21;Drones/15-21/144.csv
train;Drones;02614;Drones/15-21;Drones/15-21/145.csv
train;Drones;02615;Drones/15-21;Drones/15-21/146.csv
train;Drones;02617;Drones/15-21;Drones/15-21/148.csv
train;Drones;02618;Drones/15-21;Drones/15-21/149.csv
train;Drones;02619;Drones/15-21;Drones/15-21/150.csv
train;Drones;02621;Drones/15-21;Drones/15-21/152.csv
train;Drones;02622;Drones/15-21;Drones/15-21/153.csv
train;Drones;02625;Drones/15-21;Drones/15-21/156.csv
train;Drones;02626;Drones/15-21;Drones/15-21/157.csv
train;Drones;02627;Drones/15-21;Drones/15-21/158.csv
train;Drones;02628;Drones/15-21;Drones/15-21/159.csv
train;Drones;02632;Drones/15-21;Drones/15-21/163.csv
train;Drones;02633;Drones/15-21;Drones/15-21/164.csv
train;Drones;02634;Drones/15-21;Drones/15-21/165.csv
train;Drones;02635;Drones/15-21;Drones/15-21/166.csv
train;Drones;02636;Drones/15-21;Drones/15-21/167.csv
train;Drones;02637;Drones/15-21;Drones/15-21/168.csv
train;Drones;02638;Drones/15-21;Drones/15-21/169.csv
train;Drones;02640;Drones/15-21;Drones/15-21/171.csv
train;Drones;02641;Drones/15-21;Drones/15-21/172.csv
train;Drones;02642;Drones/15-21;Drones/15-21/173.csv
train;Drones;02643;Drones/15-21;Drones/15-21/174.csv
train;Drones;02646;Drones/15-21;Drones/15-21/177.csv
train;Drones;02647;Drones/15-21;Drones/15-21/178.csv
train;Drones;02651;Drones/15-24;Drones/15-24/001.csv
train;Drones;02652;Drones/15-24;Drones/15-24/002.csv
train;Drones;02653;Drones/15-24;Drones/15-24/003.csv
train;Drones;02654;Drones/15-24;Drones/15-24/004.csv
train;Drones;02655;Drones/15-24;Drones/15-24/005.csv
train;Drones;02656;Drones/15-24;Drones/15-24/006.csv
train;Drones;02657;Drones/15-24;Drones/15-24/007.csv
train;Drones;02658;Drones/15-24;Drones/15-24/008.csv
train;Drones;02661;Drones/15-24;Drones/15-24/011.csv
train;Drones;02662;Drones/15-24;Drones/15-24/012.csv
train;Drones;02663;Drones/15-24;Drones/15-24/013.csv
train;Drones;02664;Drones/15-24;Drones/15-24/014.csv
train;Drones;02666;Drones/15-24;Drones/15-24/016.csv
train;Drones;02667;Drones/15-24;Drones/15-24/017.csv
train;Drones;02668;Drones/15-24;Drones/15-24/018.csv
train;Drones;02669;Drones/15-24;Drones/15-24/019.csv
train;Drones;02671;Drones/15-24;Drones/15-24/021.csv
train;Drones;02675;Drones/15-24;Drones/15-24/025.csv
train;Drones;02676;Drones/15-24;Drones/15-24/026.csv
train;Drones;02677;Drones/15-24;Drones/15-24/027.csv
train;Drones;02678;Drones/15-24;Drones/15-24/028.csv
train;Drones;02680;Drones/15-24;Drones/15-24/030.csv
train;Drones;02681;Drones/15-24;Drones/15-24/031.csv
train;Drones;02682;Drones/15-24;Drones/15-24/032.csv
train;Drones;02683;Drones/15-24;Drones/15-24/033.csv
train;Drones;02684;Drones/15-24;Drones/15-24/034.csv
train;Drones;02685;Drones/15-24;Drones/15-24/035.csv
train;Drones;02686;Drones/15-24;Drones/15-24/036.csv
train;Drones;02688;Drones/15-24;Drones/15-24/038.csv
train;Drones;02691;Drones/15-24;Drones/15-24/041.csv
train;Drones;02692;Drones/15-24;Drones/15-24/042.csv
train;Drones;02694;Drones/15-24;Drones/15-24/044.csv
train;Drones;02696;Drones/15-24;Drones/15-24/046.csv
train;Drones;02697;Drones/15-24;Drones/15-24/047.csv
train;Drones;02698;Drones/15-24;Drones/15-24/048.csv
train;Drones;02699;Drones/15-24;Drones/15-24/049.csv
train;Drones;02700;Drones/15-24;Drones/15-24/050.csv
train;Drones;02701;Drones/15-24;Drones/15-24/051.csv
train;Drones;02702;Drones/15-24;Drones/15-24/052.csv
train;Drones;02703;Drones/15-24;Drones/15-24/053.csv
train;Drones;02704;Drones/15-24;Drones/15-24/054.csv
train;Drones;02706;Drones/15-24;Drones/15-24/056.csv
train;Drones;02709;Drones/15-24;Drones/15-24/059.csv
train;Drones;02710;Drones/15-24;Drones/15-24/060.csv
train;Drones;02711;Drones/15-24;Drones/15-24/061.csv
train;Drones;02712;Drones/15-24;Drones/15-24/062.csv
train;Drones;02713;Drones/15-24;Drones/15-24/063.csv
train;Drones;02714;Drones/15-24;Drones/15-24/064.csv
train;Drones;02715;Drones/15-24;Drones/15-24/065.csv
train;Drones;02717;Drones/15-24;Drones/15-24/067.csv
train;Drones;02718;Drones/15-24;Drones/15-24/068.csv
train;Drones;02719;Drones/15-24;Drones/15-24/069.csv
train;Drones;02720;Drones/15-24;Drones/15-24/070.csv
train;Drones;02721;Drones/15-24;Drones/15-24/071.csv
train;Drones;02723;Drones/15-24;Drones/15-24/073.csv
train;Drones;02724;Drones/15-24;Drones/15-24/074.csv
train;Drones;02725;Drones/15-24;Drones/15-24/075.csv
train;Drones;02726;Drones/15-24;Drones/15-24/076.csv
train;Drones;02727;Drones/15-24;Drones/15-24/077.csv
train;Drones;02728;Drones/15-24;Drones/15-24/078.csv
train;Drones;02730;Drones/15-24;Drones/15-24/080.csv
train;Drones;02731;Drones/15-24;Drones/15-24/081.csv
train;Drones;02732;Drones/15-24;Drones/15-24/082.csv
train;Drones;02734;Drones/15-24;Drones/15-24/084.csv
train;Drones;02735;Drones/15-24;Drones/15-24/085.csv
train;Drones;02736;Drones/15-24;Drones/15-24/086.csv
train;Drones;02737;Drones/15-24;Drones/15-24/087.csv
train;Drones;02738;Drones/15-24;Drones/15-24/088.csv
train;Drones;02739;Drones/15-24;Drones/15-24/089.csv
train;Drones;02740;Drones/15-24;Drones/15-24/090.csv
train;Drones;02741;Drones/15-24;Drones/15-24/091.csv
train;Drones;02745;Drones/15-24;Drones/15-24/095.csv
train;Drones;02746;Drones/15-24;Drones/15-24/096.csv
train;Drones;02748;Drones/15-24;Drones/15-24/098.csv
train;Drones;02753;Drones/15-24;Drones/15-24/103.csv
train;Drones;02754;Drones/15-24;Drones/15-24/104.csv
train;Drones;02756;Drones/15-24;Drones/15-24/106.csv
train;Drones;02757;Drones/15-24;Drones/15-24/107.csv
train;Drones;02761;Drones/15-24;Drones/15-24/111.csv
train;Drones;02762;Drones/15-24;Drones/15-24/112.csv
train;Drones;02763;Drones/15-24;Drones/15-24/113.csv
train;Drones;02766;Drones/15-24;Drones/15-24/116.csv
train;Drones;02767;Drones/15-24;Drones/15-24/117.csv
train;Drones;02768;Drones/15-24;Drones/15-24/118.csv
train;Drones;02769;Drones/15-24;Drones/15-24/119.csv
train;Drones;02770;Drones/15-24;Drones/15-24/120.csv
train;Drones;02771;Drones/15-24;Drones/15-24/121.csv
train;Drones;02772;Drones/15-24;Drones/15-24/122.csv
train;Drones;02773;Drones/15-24;Drones/15-24/123.csv
train;Drones;02774;Drones/15-24;Drones/15-24/124.csv
train;Drones;02775;Drones/15-24;Drones/15-24/125.csv
train;Drones;02777;Drones/15-24;Drones/15-24/127.csv
train;Drones;02778;Drones/15-24;Drones/15-24/128.csv
train;Drones;02779;Drones/15-24;Drones/15-24/129.csv
train;Drones;02780;Drones/15-24;Drones/15-24/130.csv
train;Drones;02781;Drones/15-24;Drones/15-24/131.csv
train;Drones;02782;Drones/15-24;Drones/15-24/132.csv
train;Drones;02783;Drones/15-24;Drones/15-24/133.csv
train;Drones;02784;Drones/15-24;Drones/15-24/134.csv
train;Drones;02786;Drones/15-24;Drones/15-24/136.csv
train;Drones;02787;Drones/15-24;Drones/15-24/137.csv
train;Drones;02790;Drones/15-24;Drones/15-24/140.csv
train;Drones;02791;Drones/15-24;Drones/15-24/141.csv
train;Drones;02792;Drones/15-24;Drones/15-24/142.csv
train;Drones;02794;Drones/15-24;Drones/15-24/144.csv
train;Drones;02796;Drones/15-24;Drones/15-24/146.csv
train;Drones;02797;Drones/15-24;Drones/15-24/147.csv
train;Drones;02798;Drones/15-24;Drones/15-24/148.csv
train;Drones;02799;Drones/15-24;Drones/15-24/149.csv
train;Drones;02800;Drones/15-24;Drones/15-24/150.csv
train;Drones;02801;Drones/15-24;Drones/15-24/151.csv
train;Drones;02806;Drones/15-24;Drones/15-24/156.csv
train;Drones;02807;Drones/15-24;Drones/15-24/157.csv
train;Drones;02809;Drones/15-24;Drones/15-24/159.csv
train;Drones;02810;Drones/15-24;Drones/15-24/160.csv
train;Drones;02812;Drones/15-24;Drones/15-24/162.csv
train;Drones;02815;Drones/15-24;Drones/15-24/165.csv
train;Drones;02816;Drones/15-24;Drones/15-24/166.csv
train;Drones;02817;Drones/15-24;Drones/15-24/167.csv
train;Drones;02818;Drones/15-24;Drones/15-24/168.csv
train;Drones;02819;Drones/15-24;Drones/15-24/169.csv
train;Drones;02820;Drones/15-30;Drones/15-30/001.csv
train;Drones;02822;Drones/15-30;Drones/15-30/003.csv
train;Drones;02824;Drones/15-30;Drones/15-30/005.csv
train;Drones;02825;Drones/15-30;Drones/15-30/006.csv
train;Drones;02829;Drones/15-30;Drones/15-30/010.csv
train;Drones;02831;Drones/15-30;Drones/15-30/012.csv
train;Drones;02832;Drones/15-30;Drones/15-30/013.csv
train;Drones;02833;Drones/15-30;Drones/15-30/014.csv
train;Drones;02834;Drones/15-30;Drones/15-30/015.csv
train;Drones;02835;Drones/15-30;Drones/15-30/016.csv
train;Drones;02836;Drones/15-30;Drones/15-30/017.csv
train;Drones;02839;Drones/15-30;Drones/15-30/020.csv
train;Drones;02840;Drones/15-30;Drones/15-30/021.csv
train;Drones;02841;Drones/15-30;Drones/15-30/022.csv
train;Drones;02843;Drones/15-30;Drones/15-30/024.csv
train;Drones;02844;Drones/15-30;Drones/15-30/025.csv
train;Drones;02845;Drones/15-30;Drones/15-30/026.csv
train;Drones;02847;Drones/15-30;Drones/15-30/028.csv
train;Drones;02848;Drones/15-30;Drones/15-30/029.csv
train;Drones;02849;Drones/15-30;Drones/15-30/030.csv
train;Drones;02850;Drones/15-30;Drones/15-30/031.csv
train;Drones;02851;Drones/15-30;Drones/15-30/032.csv
train;Drones;02853;Drones/15-30;Drones/15-30/034.csv
train;Drones;02854;Drones/15-30;Drones/15-30/035.csv
train;Drones;02855;Drones/15-30;Drones/15-30/036.csv
train;Drones;02858;Drones/15-30;Drones/15-30/039.csv
train;Drones;02860;Drones/15-30;Drones/15-30/041.csv
train;Drones;02862;Drones/15-30;Drones/15-30/043.csv
train;Drones;02863;Drones/15-30;Drones/15-30/044.csv
train;Drones;02864;Drones/15-30;Drones/15-30/045.csv
train;Drones;02865;Drones/15-30;Drones/15-30/046.csv
train;Drones;02866;Drones/15-30;Drones/15-30/047.csv
train;Drones;02867;Drones/15-30;Drones/15-30/048.csv
train;Drones;02868;Drones/15-30;Drones/15-30/049.csv
train;Drones;02869;Drones/15-30;Drones/15-30/050.csv
train;Drones;02870;Drones/15-30;Drones/15-30/051.csv
train;Drones;02871;Drones/15-30;Drones/15-30/052.csv
train;Drones;02872;Drones/15-30;Drones/15-30/053.csv
train;Drones;02873;Drones/15-30;Drones/15-30/054.csv
train;Drones;02874;Drones/15-30;Drones/15-30/055.csv
train;Drones;02876;Drones/15-30;Drones/15-30/057.csv
train;Drones;02878;Drones/15-30;Drones/15-30/059.csv
train;Drones;02879;Drones/15-30;Drones/15-30/060.csv
train;Drones;02881;Drones/15-30;Drones/15-30/062.csv
train;Drones;02882;Drones/15-30;Drones/15-30/063.csv
train;Drones;02885;Drones/15-30;Drones/15-30/066.csv
train;Drones;02886;Drones/15-30;Drones/15-30/067.csv
train;Drones;02888;Drones/15-30;Drones/15-30/069.csv
train;Drones;02889;Drones/15-30;Drones/15-30/070.csv
train;Drones;02890;Drones/15-30;Drones/15-30/071.csv
train;Drones;02891;Drones/15-30;Drones/15-30/072.csv
train;Drones;02892;Drones/15-30;Drones/15-30/073.csv
train;Drones;02893;Drones/15-30;Drones/15-30/074.csv
train;Drones;02894;Drones/15-30;Drones/15-30/075.csv
train;Drones;02895;Drones/15-30;Drones/15-30/076.csv
train;Drones;02897;Drones/15-30;Drones/15-30/078.csv
train;Drones;02899;Drones/15-30;Drones/15-30/080.csv
train;Drones;02900;Drones/15-30;Drones/15-30/081.csv
train;Drones;02901;Drones/15-30;Drones/15-30/082.csv
train;Drones;02902;Drones/15-30;Drones/15-30/083.csv
train;Drones;02903;Drones/15-30;Drones/15-30/084.csv
train;Drones;02904;Drones/15-30;Drones/15-30/085.csv
train;Drones;02905;Drones/15-30;Drones/15-30/086.csv
train;Drones;02906;Drones/15-30;Drones/15-30/087.csv
train;Drones;02910;Drones/15-30;Drones/15-30/091.csv
train;Drones;02912;Drones/15-30;Drones/15-30/093.csv
train;Drones;02913;Drones/15-30;Drones/15-30/094.csv
train;Drones;02914;Drones/15-30;Drones/15-30/095.csv
train;Drones;02915;Drones/15-30;Drones/15-30/096.csv
train;Drones;02917;Drones/15-30;Drones/15-30/098.csv
train;Drones;02918;Drones/15-30;Drones/15-30/099.csv
train;Drones;02919;Drones/15-30;Drones/15-30/100.csv
train;Drones;02920;Drones/15-30;Drones/15-30/101.csv
train;Drones;02921;Drones/15-30;Drones/15-30/102.csv
train;Drones;02924;Drones/15-30;Drones/15-30/105.csv
train;Drones;02927;Drones/15-30;Drones/15-30/108.csv
train;Drones;02928;Drones/15-30;Drones/15-30/109.csv
train;Drones;02929;Drones/15-30;Drones/15-30/110.csv
train;Drones;02930;Drones/15-30;Drones/15-30/111.csv
train;Drones;02931;Drones/15-30;Drones/15-30/112.csv
train;Drones;02932;Drones/15-30;Drones/15-30/113.csv
train;Drones;02934;Drones/15-30;Drones/15-30/115.csv
train;Drones;02935;Drones/15-30;Drones/15-30/116.csv
train;Drones;02936;Drones/15-30;Drones/15-30/117.csv
train;Drones;02937;Drones/15-30;Drones/15-30/118.csv
train;Drones;02938;Drones/15-30;Drones/15-30/119.csv
train;Drones;02939;Drones/15-30;Drones/15-30/120.csv
train;Drones;02942;Drones/15-30;Drones/15-30/123.csv
train;Drones;02945;Drones/15-30;Drones/15-30/126.csv
train;Drones;02946;Drones/15-30;Drones/15-30/127.csv
train;Drones;02947;Drones/15-30;Drones/15-30/128.csv
train;Drones;02948;Drones/15-30;Drones/15-30/129.csv
train;Drones;02950;Drones/15-30;Drones/15-30/131.csv
train;Drones;02951;Drones/15-30;Drones/15-30/132.csv
train;Drones;02954;Drones/15-30;Drones/15-30/135.csv
train;Drones;02955;Drones/15-30;Drones/15-30/136.csv
train;Drones;02956;Drones/15-30;Drones/15-30/137.csv
train;Drones;02957;Drones/15-30;Drones/15-30/138.csv
train;Drones;02959;Drones/15-30;Drones/15-30/140.csv
train;Drones;02960;Drones/15-30;Drones/15-30/141.csv
train;Drones;02961;Drones/15-30;Drones/15-30/142.csv
train;Drones;02962;Drones/15-30;Drones/15-30/143.csv
train;Drones;02964;Drones/15-30;Drones/15-30/145.csv
train;Drones;02966;Drones/15-30;Drones/15-30/147.csv
train;Drones;02967;Drones/15-30;Drones/15-30/148.csv
train;Drones;02968;Drones/15-30;Drones/15-30/149.csv
train;Drones;02970;Drones/15-30;Drones/15-30/151.csv
train;Drones;02972;Drones/15-30;Drones/15-30/153.csv
train;Drones;02973;Drones/15-30;Drones/15-30/154.csv
train;Drones;02974;Drones/15-30;Drones/15-30/155.csv
train;Drones;02975;Drones/15-30;Drones/15-30/156.csv
train;Drones;02976;Drones/15-30;Drones/15-30/157.csv
train;Drones;02977;Drones/15-30;Drones/15-30/158.csv
train;Drones;02979;Drones/15-30;Drones/15-30/160.csv
train;Drones;02980;Drones/15-30;Drones/15-30/161.csv
train;Drones;02981;Drones/15-30;Drones/15-30/162.csv
train;Drones;02982;Drones/15-30;Drones/15-30/163.csv
train;Drones;02983;Drones/15-30;Drones/15-30/164.csv
train;Drones;02984;Drones/15-30;Drones/15-30/165.csv
train;Drones;02986;Drones/15-30;Drones/15-30/167.csv
train;Drones;02987;Drones/15-30;Drones/15-30/168.csv
train;Drones;02988;Drones/15-30;Drones/15-30/169.csv
train;Drones;02989;Drones/15-30;Drones/15-30/170.csv
train;Drones;02990;Drones/15-30;Drones/15-30/171.csv
train;Drones;02992;Drones/15-30;Drones/15-30/173.csv
train;Drones;02993;Drones/15-30;Drones/15-30/174.csv
train;Drones;02994;Drones/15-30;Drones/15-30/175.csv
train;Drones;02995;Drones/15-30;Drones/15-30/176.csv
train;Drones;02996;Drones/15-30;Drones/15-30/177.csv
train;Drones;02997;Drones/15-30;Drones/15-30/178.csv
train;Drones;02998;Drones/15-30;Drones/15-30/179.csv
train;Drones;02999;Drones/15-30;Drones/15-30/180.csv
train;Drones;03000;Drones/15-30;Drones/15-30/181.csv
train;Drones;03001;Drones/15-30;Drones/15-30/182.csv
train;Drones;03002;Drones/15-30;Drones/15-30/183.csv
train;Drones;03003;Drones/15-30;Drones/15-30/184.csv
train;Drones;03004;Drones/15-30;Drones/15-30/185.csv
train;Drones;03005;Drones/15-30;Drones/15-30/186.csv
train;Drones;03006;Drones/15-30;Drones/15-30/187.csv
train;Drones;03007;Drones/15-30;Drones/15-30/188.csv
train;Drones;03010;Drones/15-30;Drones/15-30/191.csv
train;Drones;03011;Drones/15-30;Drones/15-30/192.csv
train;Drones;03014;Drones/15-30;Drones/15-30/195.csv
train;Drones;03015;Drones/15-30;Drones/15-30/196.csv
train;Drones;03016;Drones/15-30;Drones/15-30/197.csv
train;Drones;03019;Drones/15-30;Drones/15-30/200.csv
train;Drones;03020;Drones/15-30;Drones/15-30/201.csv
train;Drones;03021;Drones/15-30;Drones/15-30/202.csv
train;Drones;03022;Drones/15-30;Drones/15-30/203.csv
train;Drones;03024;Drones/15-30;Drones/15-30/205.csv
train;Drones;03026;Drones/15-30;Drones/15-30/207.csv
train;Drones;03027;Drones/15-30;Drones/15-30/208.csv
train;Drones;03029;Drones/15-30;Drones/15-30/210.csv
train;Drones;03030;Drones/15-30;Drones/15-30/211.csv
train;Drones;03031;Drones/15-30;Drones/15-30/212.csv
train;Drones;03032;Drones/15-33;Drones/15-33/001.csv
train;Drones;03033;Drones/15-33;Drones/15-33/002.csv
train;Drones;03034;Drones/15-33;Drones/15-33/003.csv
train;Drones;03035;Drones/15-33;Drones/15-33/004.csv
train;Drones;03037;Drones/15-33;Drones/15-33/006.csv
train;Drones;03038;Drones/15-33;Drones/15-33/007.csv
train;Drones;03040;Drones/15-33;Drones/15-33/009.csv
train;Drones;03042;Drones/15-33;Drones/15-33/011.csv
train;Drones;03043;Drones/15-33;Drones/15-33/012.csv
train;Drones;03045;Drones/15-33;Drones/15-33/014.csv
train;Drones;03046;Drones/15-33;Drones/15-33/015.csv
train;Drones;03048;Drones/15-33;Drones/15-33/017.csv
train;Drones;03050;Drones/15-33;Drones/15-33/019.csv
train;Drones;03052;Drones/15-33;Drones/15-33/021.csv
train;Drones;03053;Drones/15-33;Drones/15-33/022.csv
train;Drones;03054;Drones/15-33;Drones/15-33/023.csv
train;Drones;03055;Drones/15-33;Drones/15-33/024.csv
train;Drones;03057;Drones/15-33;Drones/15-33/026.csv
train;Drones;03058;Drones/15-33;Drones/15-33/027.csv
train;Drones;03059;Drones/15-33;Drones/15-33/028.csv
train;Drones;03060;Drones/15-33;Drones/15-33/029.csv
train;Drones;03061;Drones/15-33;Drones/15-33/030.csv
train;Drones;03062;Drones/15-33;Drones/15-33/031.csv
train;Drones;03063;Drones/15-33;Drones/15-33/032.csv
train;Drones;03064;Drones/15-33;Drones/15-33/033.csv
train;Drones;03067;Drones/15-33;Drones/15-33/036.csv
train;Drones;03068;Drones/15-33;Drones/15-33/037.csv
train;Drones;03069;Drones/15-33;Drones/15-33/038.csv
train;Drones;03070;Drones/15-33;Drones/15-33/039.csv
train;Drones;03071;Drones/15-33;Drones/15-33/040.csv
train;Drones;03072;Drones/15-33;Drones/15-33/041.csv
train;Drones;03073;Drones/15-33;Drones/15-33/042.csv
train;Drones;03074;Drones/15-33;Drones/15-33/043.csv
train;Drones;03075;Drones/15-33;Drones/15-33/044.csv
train;Drones;03076;Drones/15-33;Drones/15-33/045.csv
train;Drones;03077;Drones/15-33;Drones/15-33/046.csv
train;Drones;03078;Drones/15-33;Drones/15-33/047.csv
train;Drones;03079;Drones/15-33;Drones/15-33/048.csv
train;Drones;03080;Drones/15-33;Drones/15-33/049.csv
train;Drones;03082;Drones/15-33;Drones/15-33/051.csv
train;Drones;03083;Drones/15-33;Drones/15-33/052.csv
train;Drones;03084;Drones/15-33;Drones/15-33/053.csv
train;Drones;03087;Drones/15-33;Drones/15-33/056.csv
train;Drones;03088;Drones/15-33;Drones/15-33/057.csv
train;Drones;03089;Drones/15-33;Drones/15-33/058.csv
train;Drones;03090;Drones/15-33;Drones/15-33/059.csv
train;Drones;03092;Drones/15-33;Drones/15-33/061.csv
train;Drones;03093;Drones/15-33;Drones/15-33/062.csv
train;Drones;03094;Drones/15-33;Drones/15-33/063.csv
train;Drones;03100;Drones/15-33;Drones/15-33/069.csv
train;Drones;03101;Drones/15-33;Drones/15-33/070.csv
train;Drones;03103;Drones/15-33;Drones/15-33/072.csv
train;Drones;03104;Drones/15-33;Drones/15-33/073.csv
train;Drones;03105;Drones/15-33;Drones/15-33/074.csv
train;Drones;03108;Drones/15-33;Drones/15-33/077.csv
train;Drones;03109;Drones/15-33;Drones/15-33/078.csv
train;Drones;03110;Drones/15-33;Drones/15-33/079.csv
train;Drones;03111;Drones/15-33;Drones/15-33/080.csv
train;Drones;03112;Drones/15-33;Drones/15-33/081.csv
train;Drones;03116;Drones/15-33;Drones/15-33/085.csv
train;Drones;03118;Drones/15-33;Drones/15-33/087.csv
train;Drones;03119;Drones/15-33;Drones/15-33/088.csv
train;Drones;03120;Drones/15-33;Drones/15-33/089.csv
train;Drones;03121;Drones/15-33;Drones/15-33/090.csv
train;Drones;03122;Drones/15-33;Drones/15-33/091.csv
train;Drones;03123;Drones/15-33;Drones/15-33/092.csv
train;Drones;03125;Drones/15-33;Drones/15-33/094.csv
train;Drones;03126;Drones/15-33;Drones/15-33/095.csv
train;Drones;03128;Drones/15-33;Drones/15-33/097.csv
train;Drones;03129;Drones/15-33;Drones/15-33/098.csv
train;Drones;03130;Drones/15-33;Drones/15-33/099.csv
train;Drones;03132;Drones/15-33;Drones/15-33/101.csv
train;Drones;03135;Drones/15-33;Drones/15-33/104.csv
train;Drones;03137;Drones/15-33;Drones/15-33/106.csv
train;Drones;03138;Drones/15-33;Drones/15-33/107.csv
train;Drones;03141;Drones/15-33;Drones/15-33/110.csv
train;Drones;03142;Drones/15-33;Drones/15-33/111.csv
train;Drones;03143;Drones/15-33;Drones/15-33/112.csv
train;Drones;03144;Drones/15-33;Drones/15-33/113.csv
train;Drones;03145;Drones/15-33;Drones/15-33/114.csv
train;Drones;03147;Drones/15-33;Drones/15-33/116.csv
train;Drones;03148;Drones/15-33;Drones/15-33/117.csv
train;Drones;03150;Drones/15-33;Drones/15-33/119.csv
train;Drones;03152;Drones/15-33;Drones/15-33/121.csv
train;Drones;03153;Drones/15-33;Drones/15-33/122.csv
train;Drones;03154;Drones/15-33;Drones/15-33/123.csv
train;Drones;03155;Drones/15-33;Drones/15-33/124.csv
train;Drones;03156;Drones/15-33;Drones/15-33/125.csv
train;Drones;03157;Drones/15-33;Drones/15-33/126.csv
train;Drones;03158;Drones/15-33;Drones/15-33/127.csv
train;Drones;03159;Drones/15-33;Drones/15-33/128.csv
train;Drones;03160;Drones/15-33;Drones/15-33/129.csv
train;Drones;03161;Drones/15-33;Drones/15-33/130.csv
train;Drones;03162;Drones/15-33;Drones/15-33/131.csv
train;Drones;03163;Drones/15-33;Drones/15-33/132.csv
train;Drones;03165;Drones/15-33;Drones/15-33/134.csv
train;Drones;03166;Drones/15-33;Drones/15-33/135.csv
train;Drones;03167;Drones/15-33;Drones/15-33/136.csv
train;Drones;03168;Drones/15-33;Drones/15-33/137.csv
train;Drones;03169;Drones/15-33;Drones/15-33/138.csv
train;Drones;03170;Drones/15-33;Drones/15-33/139.csv
train;Drones;03171;Drones/15-33;Drones/15-33/140.csv
train;Drones;03172;Drones/15-33;Drones/15-33/141.csv
train;Drones;03173;Drones/15-33;Drones/15-33/142.csv
train;Drones;03174;Drones/15-33;Drones/15-33/143.csv
train;Drones;03175;Drones/15-33;Drones/15-33/144.csv
train;Drones;03176;Drones/15-33;Drones/15-33/145.csv
train;Drones;03178;Drones/15-33;Drones/15-33/147.csv
train;Drones;03179;Drones/15-33;Drones/15-33/148.csv
train;Drones;03180;Drones/15-33;Drones/15-33/149.csv
train;Drones;03181;Drones/15-33;Drones/15-33/150.csv
train;Drones;03182;Drones/15-33;Drones/15-33/151.csv
train;Drones;03183;Drones/15-33;Drones/15-33/152.csv
train;Drones;03184;Drones/15-33;Drones/15-33/153.csv
train;Drones;03185;Drones/15-33;Drones/15-33/154.csv
train;Drones;03186;Drones/15-33;Drones/15-33/155.csv
train;Drones;03187;Drones/15-33;Drones/15-33/156.csv
train;Drones;03188;Drones/15-33;Drones/15-33/157.csv
train;Drones;03189;Drones/15-33;Drones/15-33/158.csv
train;Drones;03191;Drones/15-33;Drones/15-33/160.csv
train;Drones;03192;Drones/15-33;Drones/15-33/161.csv
train;Drones;03193;Drones/15-33;Drones/15-33/162.csv
train;Drones;03194;Drones/15-33;Drones/15-33/163.csv
train;Drones;03196;Drones/15-33;Drones/15-33/165.csv
train;Drones;03197;Drones/15-33;Drones/15-33/166.csv
train;Drones;03199;Drones/15-33;Drones/15-33/168.csv
train;Drones;03200;Drones/15-33;Drones/15-33/169.csv
train;Drones;03202;Drones/15-33;Drones/15-33/171.csv
train;Drones;03203;Drones/15-33;Drones/15-33/172.csv
train;Drones;03205;Drones/15-33;Drones/15-33/174.csv
train;Drones;03206;Drones/15-33;Drones/15-33/175.csv
train;Drones;03210;Drones/15-36;Drones/15-36/002.csv
train;Drones;03212;Drones/15-36;Drones/15-36/004.csv
train;Drones;03213;Drones/15-36;Drones/15-36/005.csv
train;Drones;03214;Drones/15-36;Drones/15-36/006.csv
train;Drones;03215;Drones/15-36;Drones/15-36/007.csv
train;Drones;03216;Drones/15-36;Drones/15-36/008.csv
train;Drones;03217;Drones/15-36;Drones/15-36/009.csv
train;Drones;03218;Drones/15-36;Drones/15-36/010.csv
train;Drones;03219;Drones/15-36;Drones/15-36/011.csv
train;Drones;03220;Drones/15-36;Drones/15-36/012.csv
train;Drones;03223;Drones/15-36;Drones/15-36/015.csv
train;Drones;03224;Drones/15-36;Drones/15-36/016.csv
train;Drones;03225;Drones/15-36;Drones/15-36/017.csv
train;Drones;03226;Drones/15-36;Drones/15-36/018.csv
train;Drones;03227;Drones/15-36;Drones/15-36/019.csv
train;Drones;03229;Drones/15-36;Drones/15-36/021.csv
train;Drones;03230;Drones/15-36;Drones/15-36/022.csv
train;Drones;03231;Drones/15-36;Drones/15-36/023.csv
train;Drones;03232;Drones/15-36;Drones/15-36/024.csv
train;Drones;03233;Drones/15-36;Drones/15-36/025.csv
train;Drones;03234;Drones/15-36;Drones/15-36/026.csv
train;Drones;03235;Drones/15-36;Drones/15-36/027.csv
train;Drones;03237;Drones/15-36;Drones/15-36/029.csv
train;Drones;03238;Drones/15-36;Drones/15-36/030.csv
train;Drones;03240;Drones/15-36;Drones/15-36/032.csv
train;Drones;03242;Drones/15-36;Drones/15-36/034.csv
train;Drones;03243;Drones/15-36;Drones/15-36/035.csv
train;Drones;03245;Drones/15-36;Drones/15-36/037.csv
train;Drones;03246;Drones/15-36;Drones/15-36/038.csv
train;Drones;03250;Drones/15-36;Drones/15-36/042.csv
train;Drones;03251;Drones/15-36;Drones/15-36/043.csv
train;Drones;03252;Drones/15-36;Drones/15-36/044.csv
train;Drones;03254;Drones/15-36;Drones/15-36/046.csv
train;Drones;03255;Drones/15-36;Drones/15-36/047.csv
train;Drones;03256;Drones/15-36;Drones/15-36/048.csv
train;Drones;03257;Drones/15-36;Drones/15-36/049.csv
train;Drones;03258;Drones/15-36;Drones/15-36/050.csv
train;Drones;03260;Drones/15-36;Drones/15-36/052.csv
train;Drones;03261;Drones/15-36;Drones/15-36/053.csv
train;Drones;03262;Drones/15-36;Drones/15-36/054.csv
train;Drones;03263;Drones/15-36;Drones/15-36/055.csv
train;Drones;03264;Drones/15-36;Drones/15-36/056.csv
train;Drones;03265;Drones/15-36;Drones/15-36/057.csv
train;Drones;03266;Drones/15-36;Drones/15-36/058.csv
train;Drones;03267;Drones/15-36;Drones/15-36/059.csv
train;Drones;03268;Drones/15-36;Drones/15-36/060.csv
train;Drones;03269;Drones/15-36;Drones/15-36/061.csv
train;Drones;03271;Drones/15-36;Drones/15-36/063.csv
train;Drones;03273;Drones/15-36;Drones/15-36/065.csv
train;Drones;03275;Drones/15-36;Drones/15-36/067.csv
train;Drones;03276;Drones/15-36;Drones/15-36/068.csv
train;Drones;03277;Drones/15-36;Drones/15-36/069.csv
train;Drones;03279;Drones/15-36;Drones/15-36/071.csv
train;Drones;03280;Drones/15-36;Drones/15-36/072.csv
train;Drones;03281;Drones/15-36;Drones/15-36/073.csv
train;Drones;03282;Drones/15-36;Drones/15-36/074.csv
train;Drones;03283;Drones/15-36;Drones/15-36/075.csv
train;Drones;03284;Drones/15-36;Drones/15-36/076.csv
train;Drones;03285;Drones/15-36;Drones/15-36/077.csv
train;Drones;03287;Drones/15-36;Drones/15-36/079.csv
train;Drones;03288;Drones/15-36;Drones/15-36/080.csv
train;Drones;03290;Drones/15-36;Drones/15-36/082.csv
train;Drones;03291;Drones/15-36;Drones/15-36/083.csv
train;Drones;03293;Drones/15-36;Drones/15-36/085.csv
train;Drones;03294;Drones/15-36;Drones/15-36/086.csv
train;Drones;03295;Drones/15-36;Drones/15-36/087.csv
train;Drones;03296;Drones/15-36;Drones/15-36/088.csv
train;Drones;03297;Drones/15-36;Drones/15-36/089.csv
train;Drones;03298;Drones/15-36;Drones/15-36/090.csv
train;Drones;03299;Drones/15-36;Drones/15-36/091.csv
train;Drones;03300;Drones/15-36;Drones/15-36/092.csv
train;Drones;03301;Drones/15-36;Drones/15-36/093.csv
train;Drones;03302;Drones/15-36;Drones/15-36/094.csv
train;Drones;03303;Drones/15-36;Drones/15-36/095.csv
train;Drones;03305;Drones/15-36;Drones/15-36/097.csv
train;Drones;03306;Drones/15-36;Drones/15-36/098.csv
train;Drones;03307;Drones/15-36;Drones/15-36/099.csv
train;Drones;03308;Drones/15-36;Drones/15-36/100.csv
train;Drones;03310;Drones/15-36;Drones/15-36/102.csv
train;Drones;03311;Drones/15-36;Drones/15-36/103.csv
train;Drones;03314;Drones/15-36;Drones/15-36/106.csv
train;Drones;03315;Drones/15-36;Drones/15-36/107.csv
train;Drones;03316;Drones/15-36;Drones/15-36/108.csv
train;Drones;03318;Drones/15-36;Drones/15-36/110.csv
train;Drones;03323;Drones/15-36;Drones/15-36/115.csv
train;Drones;03324;Drones/15-36;Drones/15-36/116.csv
train;Drones;03325;Drones/15-36;Drones/15-36/117.csv
train;Drones;03326;Drones/15-36;Drones/15-36/118.csv
train;Drones;03328;Drones/15-36;Drones/15-36/120.csv
train;Drones;03329;Drones/15-36;Drones/15-36/121.csv
train;Drones;03330;Drones/15-36;Drones/15-36/122.csv
train;Drones;03331;Drones/15-36;Drones/15-36/123.csv
train;Drones;03333;Drones/15-36;Drones/15-36/125.csv
train;Drones;03334;Drones/15-36;Drones/15-36/126.csv
train;Drones;03336;Drones/15-36;Drones/15-36/128.csv
train;Drones;03338;Drones/15-36;Drones/15-36/130.csv
train;Drones;03339;Drones/15-36;Drones/15-36/131.csv
train;Drones;03341;Drones/15-36;Drones/15-36/133.csv
train;Drones;03342;Drones/15-36;Drones/15-36/134.csv
train;Drones;03343;Drones/15-36;Drones/15-36/135.csv
train;Drones;03344;Drones/15-36;Drones/15-36/136.csv
train;Drones;03345;Drones/15-36;Drones/15-36/137.csv
train;Drones;03346;Drones/15-36;Drones/15-36/138.csv
train;Drones;03349;Drones/15-36;Drones/15-36/141.csv
train;Drones;03350;Drones/15-36;Drones/15-36/142.csv
train;Drones;03352;Drones/15-36;Drones/15-36/144.csv
train;Drones;03353;Drones/15-36;Drones/15-36/145.csv
train;Drones;03355;Drones/15-36;Drones/15-36/147.csv
train;Drones;03357;Drones/15-36;Drones/15-36/149.csv
train;Drones;03359;Drones/15-36;Drones/15-36/151.csv
train;Drones;03360;Drones/15-36;Drones/15-36/152.csv
train;Drones;03361;Drones/15-36;Drones/15-36/153.csv
train;Drones;03362;Drones/15-36;Drones/15-36/154.csv
train;Drones;03364;Drones/15-36;Drones/15-36/156.csv
train;Drones;03367;Drones/15-36;Drones/15-36/159.csv
train;Drones;03368;Drones/15-36;Drones/15-36/160.csv
train;Drones;03369;Drones/15-36;Drones/15-36/161.csv
train;Drones;03370;Drones/15-36;Drones/15-36/162.csv
train;Drones;03374;Drones/15-38;Drones/15-38/001.csv
train;Drones;03375;Drones/15-38;Drones/15-38/002.csv
train;Drones;03377;Drones/15-38;Drones/15-38/004.csv
train;Drones;03378;Drones/15-38;Drones/15-38/005.csv
train;Drones;03380;Drones/15-38;Drones/15-38/007.csv
train;Drones;03381;Drones/15-38;Drones/15-38/008.csv
train;Drones;03382;Drones/15-38;Drones/15-38/009.csv
train;Drones;03384;Drones/15-38;Drones/15-38/011.csv
train;Drones;03386;Drones/15-38;Drones/15-38/013.csv
train;Drones;03387;Drones/15-38;Drones/15-38/014.csv
train;Drones;03388;Drones/15-38;Drones/15-38/015.csv
train;Drones;03390;Drones/15-38;Drones/15-38/017.csv
train;Drones;03391;Drones/15-38;Drones/15-38/018.csv
train;Drones;03392;Drones/15-38;Drones/15-38/019.csv
train;Drones;03393;Drones/15-38;Drones/15-38/020.csv
train;Drones;03394;Drones/15-38;Drones/15-38/021.csv
train;Drones;03395;Drones/15-38;Drones/15-38/022.csv
train;Drones;03396;Drones/15-38;Drones/15-38/023.csv
train;Drones;03398;Drones/15-38;Drones/15-38/025.csv
train;Drones;03399;Drones/15-38;Drones/15-38/026.csv
train;Drones;03400;Drones/15-38;Drones/15-38/027.csv
train;Drones;03401;Drones/15-38;Drones/15-38/028.csv
train;Drones;03402;Drones/15-38;Drones/15-38/029.csv
train;Drones;03403;Drones/15-38;Drones/15-38/030.csv
train;Drones;03404;Drones/15-38;Drones/15-38/031.csv
train;Drones;03405;Drones/15-38;Drones/15-38/032.csv
train;Drones;03406;Drones/15-38;Drones/15-38/033.csv
train;Drones;03409;Drones/15-38;Drones/15-38/036.csv
train;Drones;03413;Drones/15-38;Drones/15-38/040.csv
train;Drones;03414;Drones/15-38;Drones/15-38/041.csv
train;Drones;03416;Drones/15-38;Drones/15-38/043.csv
train;Drones;03417;Drones/15-38;Drones/15-38/044.csv
train;Drones;03418;Drones/15-38;Drones/15-38/045.csv
train;Drones;03419;Drones/15-38;Drones/15-38/046.csv
train;Drones;03420;Drones/15-38;Drones/15-38/047.csv
train;Drones;03421;Drones/15-38;Drones/15-38/048.csv
train;Drones;03422;Drones/15-38;Drones/15-38/049.csv
train;Drones;03423;Drones/15-38;Drones/15-38/050.csv
train;Drones;03425;Drones/15-38;Drones/15-38/052.csv
train;Drones;03426;Drones/15-38;Drones/15-38/053.csv
train;Drones;03428;Drones/15-38;Drones/15-38/055.csv
train;Drones;03431;Drones/15-38;Drones/15-38/058.csv
train;Drones;03432;Drones/15-38;Drones/15-38/059.csv
train;Drones;03433;Drones/15-38;Drones/15-38/060.csv
train;Drones;03435;Drones/15-38;Drones/15-38/062.csv
train;Drones;03437;Drones/15-38;Drones/15-38/064.csv
train;Drones;03440;Drones/15-38;Drones/15-38/067.csv
train;Drones;03441;Drones/15-38;Drones/15-38/068.csv
train;Drones;03442;Drones/15-38;Drones/15-38/069.csv
train;Drones;03444;Drones/15-38;Drones/15-38/071.csv
train;Drones;03445;Drones/15-38;Drones/15-38/072.csv
train;Drones;03446;Drones/15-38;Drones/15-38/073.csv
train;Drones;03447;Drones/15-38;Drones/15-38/074.csv
train;Drones;03448;Drones/15-38;Drones/15-38/075.csv
train;Drones;03449;Drones/15-38;Drones/15-38/076.csv
train;Drones;03450;Drones/15-38;Drones/15-38/077.csv
train;Drones;03452;Drones/15-38;Drones/15-38/079.csv
train;Drones;03453;Drones/15-38;Drones/15-38/080.csv
train;Drones;03454;Drones/15-38;Drones/15-38/081.csv
train;Drones;03456;Drones/15-38;Drones/15-38/083.csv
train;Drones;03458;Drones/15-38;Drones/15-38/085.csv
train;Drones;03460;Drones/15-38;Drones/15-38/087.csv
train;Drones;03462;Drones/15-38;Drones/15-38/089.csv
train;Drones;03463;Drones/15-38;Drones/15-38/090.csv
train;Drones;03464;Drones/15-38;Drones/15-38/091.csv
train;Drones;03465;Drones/15-38;Drones/15-38/092.csv
train;Drones;03466;Drones/15-38;Drones/15-38/093.csv
train;Drones;03467;Drones/15-38;Drones/15-38/094.csv
train;Drones;03468;Drones/15-38;Drones/15-38/095.csv
train;Drones;03469;Drones/15-38;Drones/15-38/096.csv
train;Drones;03471;Drones/15-38;Drones/15-38/098.csv
train;Drones;03472;Drones/15-38;Drones/15-38/099.csv
train;Drones;03473;Drones/15-38;Drones/15-38/100.csv
train;Drones;03474;Drones/15-38;Drones/15-38/101.csv
train;Drones;03475;Drones/15-38;Drones/15-38/102.csv
train;Drones;03476;Drones/15-38;Drones/15-38/103.csv
train;Drones;03477;Drones/15-38;Drones/15-38/104.csv
train;Drones;03478;Drones/15-38;Drones/15-38/105.csv
train;Drones;03479;Drones/15-38;Drones/15-38/106.csv
train;Drones;03481;Drones/15-38;Drones/15-38/108.csv
train;Drones;03483;Drones/15-38;Drones/15-38/110.csv
train;Drones;03484;Drones/15-38;Drones/15-38/111.csv
train;Drones;03485;Drones/15-38;Drones/15-38/112.csv
train;Drones;03486;Drones/15-38;Drones/15-38/113.csv
train;Drones;03487;Drones/15-38;Drones/15-38/114.csv
train;Drones;03488;Drones/15-38;Drones/15-38/115.csv
train;Drones;03489;Drones/15-38;Drones/15-38/116.csv
train;Drones;03490;Drones/15-38;Drones/15-38/117.csv
train;Drones;03491;Drones/15-38;Drones/15-38/118.csv
train;Drones;03492;Drones/15-38;Drones/15-38/119.csv
train;Drones;03493;Drones/15-38;Drones/15-38/120.csv
train;Drones;03494;Drones/15-38;Drones/15-38/121.csv
train;Drones;03496;Drones/15-38;Drones/15-38/123.csv
train;Drones;03497;Drones/15-38;Drones/15-38/124.csv
train;Drones;03499;Drones/15-38;Drones/15-38/126.csv
train;Drones;03500;Drones/15-38;Drones/15-38/127.csv
train;Drones;03501;Drones/15-38;Drones/15-38/128.csv
train;Drones;03503;Drones/15-38;Drones/15-38/130.csv
train;Drones;03504;Drones/15-38;Drones/15-38/131.csv
train;Drones;03506;Drones/15-38;Drones/15-38/133.csv
train;Drones;03507;Drones/15-38;Drones/15-38/134.csv
train;Drones;03508;Drones/15-38;Drones/15-38/135.csv
train;Drones;03509;Drones/15-38;Drones/15-38/136.csv
train;Drones;03510;Drones/15-38;Drones/15-38/137.csv
train;Drones;03511;Drones/15-38;Drones/15-38/138.csv
train;Drones;03512;Drones/15-38;Drones/15-38/139.csv
train;Drones;03513;Drones/15-38;Drones/15-38/140.csv
train;Drones;03515;Drones/15-38;Drones/15-38/142.csv
train;Drones;03518;Drones/15-38;Drones/15-38/145.csv
train;Drones;03519;Drones/15-38;Drones/15-38/146.csv
train;Drones;03520;Drones/15-38;Drones/15-38/147.csv
train;Drones;03522;Drones/15-38;Drones/15-38/149.csv
train;Drones;03523;Drones/15-38;Drones/15-38/150.csv
train;Drones;03524;Drones/15-38;Drones/15-38/151.csv
train;Drones;03525;Drones/15-38;Drones/15-38/152.csv
train;Drones;03526;Drones/15-38;Drones/15-38/153.csv
train;Drones;03527;Drones/15-38;Drones/15-38/154.csv
train;Drones;03529;Drones/15-38;Drones/15-38/156.csv
train;Drones;03530;Drones/15-38;Drones/15-38/157.csv
train;Drones;03531;Drones/15-38;Drones/15-38/158.csv
train;Drones;03532;Drones/15-38;Drones/15-38/159.csv
train;Drones;03533;Drones/15-38;Drones/15-38/160.csv
train;Drones;03534;Drones/15-38;Drones/15-38/161.csv
train;Drones;03535;Drones/15-38;Drones/15-38/162.csv
train;Drones;03536;Drones/15-38;Drones/15-38/163.csv
train;Drones;03539;Drones/15-38;Drones/15-38/166.csv
train;Drones;03540;Drones/15-38;Drones/15-38/167.csv
train;Drones;03541;Drones/15-38;Drones/15-38/168.csv
train;Drones;03542;Drones/15-38;Drones/15-38/169.csv
train;Drones;03543;Drones/15-38;Drones/15-38/170.csv
train;Drones;03544;Drones/15-38;Drones/15-38/171.csv
train;Drones;03546;Drones/15-38;Drones/15-38/173.csv
train;Drones;03547;Drones/15-38;Drones/15-38/174.csv
train;Drones;03548;Drones/15-38;Drones/15-38/175.csv
train;Drones;03549;Drones/15-38;Drones/15-38/176.csv
train;Drones;03550;Drones/15-42;Drones/15-42/001.csv
train;Drones;03551;Drones/15-42;Drones/15-42/002.csv
train;Drones;03552;Drones/15-42;Drones/15-42/003.csv
train;Drones;03553;Drones/15-42;Drones/15-42/004.csv
train;Drones;03554;Drones/15-42;Drones/15-42/005.csv
train;Drones;03557;Drones/15-42;Drones/15-42/008.csv
train;Drones;03558;Drones/15-42;Drones/15-42/009.csv
train;Drones;03560;Drones/15-42;Drones/15-42/011.csv
train;Drones;03561;Drones/15-42;Drones/15-42/012.csv
train;Drones;03562;Drones/15-42;Drones/15-42/013.csv
train;Drones;03563;Drones/15-42;Drones/15-42/014.csv
train;Drones;03564;Drones/15-42;Drones/15-42/015.csv
train;Drones;03565;Drones/15-42;Drones/15-42/016.csv
train;Drones;03566;Drones/15-42;Drones/15-42/017.csv
train;Drones;03567;Drones/15-42;Drones/15-42/018.csv
train;Drones;03570;Drones/15-42;Drones/15-42/021.csv
train;Drones;03571;Drones/15-42;Drones/15-42/022.csv
train;Drones;03572;Drones/15-42;Drones/15-42/023.csv
train;Drones;03573;Drones/15-42;Drones/15-42/024.csv
train;Drones;03574;Drones/15-42;Drones/15-42/025.csv
train;Drones;03578;Drones/15-42;Drones/15-42/029.csv
train;Drones;03579;Drones/15-42;Drones/15-42/030.csv
train;Drones;03580;Drones/15-42;Drones/15-42/031.csv
train;Drones;03581;Drones/15-42;Drones/15-42/032.csv
train;Drones;03582;Drones/15-42;Drones/15-42/033.csv
train;Drones;03583;Drones/15-42;Drones/15-42/034.csv
train;Drones;03584;Drones/15-42;Drones/15-42/035.csv
train;Drones;03585;Drones/15-42;Drones/15-42/036.csv
train;Drones;03587;Drones/15-42;Drones/15-42/038.csv
train;Drones;03588;Drones/15-42;Drones/15-42/039.csv
train;Drones;03589;Drones/15-42;Drones/15-42/040.csv
train;Drones;03590;Drones/15-42;Drones/15-42/041.csv
train;Drones;03591;Drones/15-42;Drones/15-42/042.csv
train;Drones;03593;Drones/15-42;Drones/15-42/044.csv
train;Drones;03595;Drones/15-42;Drones/15-42/046.csv
train;Drones;03597;Drones/15-42;Drones/15-42/048.csv
train;Drones;03598;Drones/15-42;Drones/15-42/049.csv
train;Drones;03599;Drones/15-42;Drones/15-42/050.csv
train;Drones;03600;Drones/15-42;Drones/15-42/051.csv
train;Drones;03601;Drones/15-42;Drones/15-42/052.csv
train;Drones;03603;Drones/15-42;Drones/15-42/054.csv
train;Drones;03604;Drones/15-42;Drones/15-42/055.csv
train;Drones;03606;Drones/15-42;Drones/15-42/057.csv
train;Drones;03607;Drones/15-42;Drones/15-42/058.csv
train;Drones;03608;Drones/15-42;Drones/15-42/059.csv
train;Drones;03609;Drones/15-42;Drones/15-42/060.csv
train;Drones;03610;Drones/15-42;Drones/15-42/061.csv
train;Drones;03613;Drones/15-42;Drones/15-42/064.csv
train;Drones;03616;Drones/15-42;Drones/15-42/067.csv
train;Drones;03617;Drones/15-42;Drones/15-42/068.csv
train;Drones;03618;Drones/15-42;Drones/15-42/069.csv
train;Drones;03620;Drones/15-42;Drones/15-42/071.csv
train;Drones;03621;Drones/15-42;Drones/15-42/072.csv
train;Drones;03625;Drones/15-42;Drones/15-42/076.csv
train;Drones;03628;Drones/15-42;Drones/15-42/079.csv
train;Drones;03630;Drones/15-42;Drones/15-42/081.csv
train;Drones;03631;Drones/15-42;Drones/15-42/082.csv
train;Drones;03632;Drones/15-42;Drones/15-42/083.csv
train;Drones;03633;Drones/15-42;Drones/15-42/084.csv
train;Drones;03634;Drones/15-42;Drones/15-42/085.csv
train;Drones;03635;Drones/15-42;Drones/15-42/086.csv
train;Drones;03636;Drones/15-42;Drones/15-42/087.csv
train;Drones;03637;Drones/15-42;Drones/15-42/088.csv
train;Drones;03638;Drones/15-42;Drones/15-42/089.csv
train;Drones;03639;Drones/15-42;Drones/15-42/090.csv
train;Drones;03640;Drones/15-42;Drones/15-42/091.csv
train;Drones;03641;Drones/15-42;Drones/15-42/092.csv
train;Drones;03642;Drones/15-42;Drones/15-42/093.csv
train;Drones;03643;Drones/15-42;Drones/15-42/094.csv
train;Drones;03644;Drones/15-42;Drones/15-42/095.csv
train;Drones;03645;Drones/15-42;Drones/15-42/096.csv
train;Drones;03646;Drones/15-42;Drones/15-42/097.csv
train;Drones;03647;Drones/15-42;Drones/15-42/098.csv
train;Drones;03649;Drones/15-42;Drones/15-42/100.csv
train;Drones;03650;Drones/15-42;Drones/15-42/101.csv
train;Drones;03653;Drones/15-42;Drones/15-42/104.csv
train;Drones;03654;Drones/15-42;Drones/15-42/105.csv
train;Drones;03655;Drones/15-42;Drones/15-42/106.csv
train;Drones;03657;Drones/15-42;Drones/15-42/108.csv
train;Drones;03658;Drones/15-42;Drones/15-42/109.csv
train;Drones;03660;Drones/15-42;Drones/15-42/111.csv
train;Drones;03661;Drones/15-42;Drones/15-42/112.csv
train;Drones;03662;Drones/15-42;Drones/15-42/113.csv
train;Drones;03663;Drones/15-42;Drones/15-42/114.csv
train;Drones;03664;Drones/15-42;Drones/15-42/115.csv
train;Drones;03665;Drones/15-42;Drones/15-42/116.csv
train;Drones;03666;Drones/15-42;Drones/15-42/117.csv
train;Drones;03668;Drones/15-42;Drones/15-42/119.csv
train;Drones;03669;Drones/15-42;Drones/15-42/120.csv
train;Drones;03672;Drones/15-42;Drones/15-42/123.csv
train;Drones;03673;Drones/15-42;Drones/15-42/124.csv
train;Drones;03676;Drones/15-42;Drones/15-42/127.csv
train;Drones;03677;Drones/15-42;Drones/15-42/128.csv
train;Drones;03678;Drones/15-42;Drones/15-42/129.csv
train;Drones;03679;Drones/15-42;Drones/15-42/130.csv
train;Drones;03680;Drones/15-42;Drones/15-42/131.csv
train;Drones;03681;Drones/15-42;Drones/15-42/132.csv
train;Drones;03686;Drones/15-42;Drones/15-42/137.csv
train;Drones;03687;Drones/15-42;Drones/15-42/138.csv
train;Drones;03688;Drones/15-42;Drones/15-42/139.csv
train;Drones;03691;Drones/15-42;Drones/15-42/142.csv
train;Drones;03693;Drones/15-42;Drones/15-42/144.csv
train;Drones;03694;Drones/15-42;Drones/15-42/145.csv
train;Drones;03695;Drones/15-42;Drones/15-42/146.csv
train;Drones;03696;Drones/15-42;Drones/15-42/147.csv
train;Drones;03697;Drones/15-42;Drones/15-42/148.csv
train;Drones;03699;Drones/15-42;Drones/15-42/150.csv
train;Drones;03700;Drones/15-42;Drones/15-42/151.csv
train;Drones;03701;Drones/15-42;Drones/15-42/152.csv
train;Drones;03702;Drones/15-42;Drones/15-42/153.csv
train;Drones;03703;Drones/15-42;Drones/15-42/154.csv
train;Drones;03704;Drones/15-42;Drones/15-42/155.csv
train;Drones;03705;Drones/15-42;Drones/15-42/156.csv
train;Drones;03708;Drones/15-42;Drones/15-42/159.csv
train;Drones;03710;Drones/15-42;Drones/15-42/161.csv
train;Drones;03711;Drones/15-42;Drones/15-42/162.csv
train;Drones;03713;Drones/15-42;Drones/15-42/164.csv
train;Drones;03714;Drones/15-42;Drones/15-42/165.csv
train;Drones;03715;Drones/15-42;Drones/15-42/166.csv
train;Drones;03716;Drones/15-42;Drones/15-42/167.csv
train;Drones;03717;Drones/15-42;Drones/15-42/168.csv
train;Drones;03718;Drones/15-42;Drones/15-42/169.csv
train;Drones;03719;Drones/15-42;Drones/15-42/170.csv
train;Drones;03720;Drones/15-42;Drones/15-42/171.csv
train;Drones;03721;Drones/15-42;Drones/15-42/172.csv
train;Drones;03723;Drones/15-42;Drones/15-42/174.csv
train;Drones;03724;Drones/15-42;Drones/15-42/175.csv
train;Drones;03726;Drones/15-42;Drones/15-42/177.csv
train;Drones;03727;Drones/15-42;Drones/15-42/178.csv
train;Drones;03728;Drones/15-42;Drones/15-42/179.csv
train;Drones;03731;Drones/15-42;Drones/15-42/182.csv
train;Drones;03736;Drones/15-44;Drones/15-44/001.csv
train;Drones;03737;Drones/15-44;Drones/15-44/002.csv
train;Drones;03739;Drones/15-44;Drones/15-44/004.csv
train;Drones;03744;Drones/15-44;Drones/15-44/009.csv
train;Drones;03745;Drones/15-44;Drones/15-44/010.csv
train;Drones;03747;Drones/15-44;Drones/15-44/012.csv
train;Drones;03748;Drones/15-44;Drones/15-44/013.csv
train;Drones;03749;Drones/15-44;Drones/15-44/014.csv
train;Drones;03752;Drones/15-44;Drones/15-44/017.csv
train;Drones;03753;Drones/15-44;Drones/15-44/018.csv
train;Drones;03754;Drones/15-44;Drones/15-44/019.csv
train;Drones;03755;Drones/15-44;Drones/15-44/020.csv
train;Drones;03757;Drones/15-44;Drones/15-44/022.csv
train;Drones;03759;Drones/15-44;Drones/15-44/024.csv
train;Drones;03760;Drones/15-44;Drones/15-44/025.csv
train;Drones;03761;Drones/15-44;Drones/15-44/026.csv
train;Drones;03762;Drones/15-44;Drones/15-44/027.csv
train;Drones;03763;Drones/15-44;Drones/15-44/028.csv
train;Drones;03764;Drones/15-44;Drones/15-44/029.csv
train;Drones;03765;Drones/15-44;Drones/15-44/030.csv
train;Drones;03767;Drones/15-44;Drones/15-44/032.csv
train;Drones;03768;Drones/15-44;Drones/15-44/033.csv
train;Drones;03770;Drones/15-44;Drones/15-44/035.csv
train;Drones;03771;Drones/15-44;Drones/15-44/036.csv
train;Drones;03773;Drones/15-44;Drones/15-44/038.csv
train;Drones;03776;Drones/15-44;Drones/15-44/041.csv
train;Drones;03777;Drones/15-44;Drones/15-44/042.csv
train;Drones;03778;Drones/15-44;Drones/15-44/043.csv
train;Drones;03779;Drones/15-44;Drones/15-44/044.csv
train;Drones;03781;Drones/15-44;Drones/15-44/046.csv
train;Drones;03782;Drones/15-44;Drones/15-44/047.csv
train;Drones;03783;Drones/15-44;Drones/15-44/048.csv
train;Drones;03784;Drones/15-44;Drones/15-44/049.csv
train;Drones;03785;Drones/15-44;Drones/15-44/050.csv
train;Drones;03786;Drones/15-44;Drones/15-44/051.csv
train;Drones;03787;Drones/15-44;Drones/15-44/052.csv
train;Drones;03788;Drones/15-44;Drones/15-44/053.csv
train;Drones;03790;Drones/15-44;Drones/15-44/055.csv
train;Drones;03792;Drones/15-44;Drones/15-44/057.csv
train;Drones;03794;Drones/15-44;Drones/15-44/059.csv
train;Drones;03795;Drones/15-44;Drones/15-44/060.csv
train;Drones;03796;Drones/15-44;Drones/15-44/061.csv
train;Drones;03798;Drones/15-44;Drones/15-44/063.csv
train;Drones;03799;Drones/15-44;Drones/15-44/064.csv
train;Drones;03801;Drones/15-44;Drones/15-44/066.csv
train;Drones;03802;Drones/15-44;Drones/15-44/067.csv
train;Drones;03804;Drones/15-44;Drones/15-44/069.csv
train;Drones;03807;Drones/15-44;Drones/15-44/072.csv
train;Drones;03808;Drones/15-44;Drones/15-44/073.csv
train;Drones;03809;Drones/15-44;Drones/15-44/074.csv
train;Drones;03811;Drones/15-44;Drones/15-44/076.csv
train;Drones;03813;Drones/15-44;Drones/15-44/078.csv
train;Drones;03818;Drones/15-44;Drones/15-44/083.csv
train;Drones;03819;Drones/15-44;Drones/15-44/084.csv
train;Drones;03824;Drones/15-44;Drones/15-44/089.csv
train;Drones;03826;Drones/15-44;Drones/15-44/091.csv
train;Drones;03832;Drones/15-44;Drones/15-44/097.csv
train;Drones;03833;Drones/15-44;Drones/15-44/098.csv
train;Drones;03835;Drones/15-44;Drones/15-44/100.csv
train;Drones;03836;Drones/15-44;Drones/15-44/101.csv
train;Drones;03838;Drones/15-44;Drones/15-44/103.csv
train;Drones;03840;Drones/15-44;Drones/15-44/105.csv
train;Drones;03841;Drones/15-44;Drones/15-44/106.csv
train;Drones;03842;Drones/15-44;Drones/15-44/107.csv
train;Drones;03843;Drones/15-44;Drones/15-44/108.csv
train;Drones;03844;Drones/15-44;Drones/15-44/109.csv
train;Drones;03845;Drones/15-44;Drones/15-44/110.csv
train;Drones;03846;Drones/15-44;Drones/15-44/111.csv
train;Drones;03847;Drones/15-44;Drones/15-44/112.csv
train;Drones;03848;Drones/15-44;Drones/15-44/113.csv
train;Drones;03849;Drones/15-44;Drones/15-44/114.csv
train;Drones;03850;Drones/15-44;Drones/15-44/115.csv
train;Drones;03851;Drones/15-44;Drones/15-44/116.csv
train;Drones;03852;Drones/15-44;Drones/15-44/117.csv
train;Drones;03853;Drones/15-44;Drones/15-44/118.csv
train;Drones;03855;Drones/15-44;Drones/15-44/120.csv
train;Drones;03856;Drones/15-44;Drones/15-44/121.csv
train;Drones;03857;Drones/15-44;Drones/15-44/122.csv
train;Drones;03858;Drones/15-44;Drones/15-44/123.csv
train;Drones;03861;Drones/15-44;Drones/15-44/126.csv
train;Drones;03862;Drones/15-44;Drones/15-44/127.csv
train;Drones;03863;Drones/15-44;Drones/15-44/128.csv
train;Drones;03864;Drones/15-44;Drones/15-44/129.csv
train;Drones;03869;Drones/15-44;Drones/15-44/134.csv
train;Drones;03870;Drones/15-44;Drones/15-44/135.csv
train;Drones;03871;Drones/15-44;Drones/15-44/136.csv
train;Drones;03872;Drones/15-44;Drones/15-44/137.csv
train;Drones;03873;Drones/15-44;Drones/15-44/138.csv
train;Drones;03874;Drones/15-44;Drones/15-44/139.csv
train;Drones;03875;Drones/15-44;Drones/15-44/140.csv
train;Drones;03876;Drones/15-44;Drones/15-44/141.csv
train;Drones;03877;Drones/15-44;Drones/15-44/142.csv
train;Drones;03880;Drones/15-44;Drones/15-44/145.csv
train;Drones;03881;Drones/15-44;Drones/15-44/146.csv
train;Drones;03882;Drones/15-44;Drones/15-44/147.csv
train;Drones;03885;Drones/15-44;Drones/15-44/150.csv
train;Drones;03886;Drones/15-44;Drones/15-44/151.csv
train;Drones;03887;Drones/15-44;Drones/15-44/152.csv
train;Drones;03888;Drones/15-44;Drones/15-44/153.csv
train;Drones;03890;Drones/15-44;Drones/15-44/155.csv
train;Drones;03891;Drones/15-44;Drones/15-44/156.csv
train;Drones;03893;Drones/15-44;Drones/15-44/158.csv
train;Drones;03894;Drones/15-44;Drones/15-44/159.csv
train;Drones;03895;Drones/15-44;Drones/15-44/160.csv
train;Drones;03896;Drones/15-44;Drones/15-44/161.csv
train;Drones;03897;Drones/15-44;Drones/15-44/162.csv
train;Drones;03899;Drones/15-44;Drones/15-44/164.csv
train;Drones;03901;Drones/15-44;Drones/15-44/166.csv
train;Drones;03904;Drones/15-44;Drones/15-44/169.csv
train;Drones;03906;Drones/15-47;Drones/15-47/001.csv
train;Drones;03907;Drones/15-47;Drones/15-47/002.csv
train;Drones;03909;Drones/15-47;Drones/15-47/004.csv
train;Drones;03910;Drones/15-47;Drones/15-47/005.csv
train;Drones;03911;Drones/15-47;Drones/15-47/006.csv
train;Drones;03912;Drones/15-47;Drones/15-47/007.csv
train;Drones;03913;Drones/15-47;Drones/15-47/008.csv
train;Drones;03914;Drones/15-47;Drones/15-47/009.csv
train;Drones;03915;Drones/15-47;Drones/15-47/010.csv
train;Drones;03916;Drones/15-47;Drones/15-47/011.csv
train;Drones;03917;Drones/15-47;Drones/15-47/012.csv
train;Drones;03918;Drones/15-47;Drones/15-47/013.csv
train;Drones;03920;Drones/15-47;Drones/15-47/015.csv
train;Drones;03921;Drones/15-47;Drones/15-47/016.csv
train;Drones;03922;Drones/15-47;Drones/15-47/017.csv
train;Drones;03923;Drones/15-47;Drones/15-47/018.csv
train;Drones;03924;Drones/15-47;Drones/15-47/019.csv
train;Drones;03925;Drones/15-47;Drones/15-47/020.csv
train;Drones;03926;Drones/15-47;Drones/15-47/021.csv
train;Drones;03928;Drones/15-47;Drones/15-47/023.csv
train;Drones;03929;Drones/15-47;Drones/15-47/024.csv
train;Drones;03930;Drones/15-47;Drones/15-47/025.csv
train;Drones;03931;Drones/15-47;Drones/15-47/026.csv
train;Drones;03932;Drones/15-47;Drones/15-47/027.csv
train;Drones;03934;Drones/15-47;Drones/15-47/029.csv
train;Drones;03938;Drones/15-47;Drones/15-47/033.csv
train;Drones;03941;Drones/15-47;Drones/15-47/036.csv
train;Drones;03942;Drones/15-47;Drones/15-47/037.csv
train;Drones;03943;Drones/15-47;Drones/15-47/038.csv
train;Drones;03944;Drones/15-47;Drones/15-47/039.csv
train;Drones;03945;Drones/15-47;Drones/15-47/040.csv
train;Drones;03946;Drones/15-47;Drones/15-47/041.csv
train;Drones;03947;Drones/15-47;Drones/15-47/042.csv
train;Drones;03950;Drones/15-47;Drones/15-47/045.csv
train;Drones;03951;Drones/15-47;Drones/15-47/046.csv
train;Drones;03952;Drones/15-47;Drones/15-47/047.csv
train;Drones;03953;Drones/15-47;Drones/15-47/048.csv
train;Drones;03954;Drones/15-47;Drones/15-47/049.csv
train;Drones;03955;Drones/15-47;Drones/15-47/050.csv
train;Drones;03956;Drones/15-47;Drones/15-47/051.csv
train;Drones;03958;Drones/15-47;Drones/15-47/053.csv
train;Drones;03959;Drones/15-47;Drones/15-47/054.csv
train;Drones;03960;Drones/15-47;Drones/15-47/055.csv
train;Drones;03961;Drones/15-47;Drones/15-47/056.csv
train;Drones;03962;Drones/15-47;Drones/15-47/057.csv
train;Drones;03963;Drones/15-47;Drones/15-47/058.csv
train;Drones;03964;Drones/15-47;Drones/15-47/059.csv
train;Drones;03965;Drones/15-47;Drones/15-47/060.csv
train;Drones;03966;Drones/15-47;Drones/15-47/061.csv
train;Drones;03967;Drones/15-47;Drones/15-47/062.csv
train;Drones;03969;Drones/15-47;Drones/15-47/064.csv
train;Drones;03970;Drones/15-47;Drones/15-47/065.csv
train;Drones;03972;Drones/15-47;Drones/15-47/067.csv
train;Drones;03974;Drones/15-47;Drones/15-47/069.csv
train;Drones;03975;Drones/15-47;Drones/15-47/070.csv
train;Drones;03977;Drones/15-47;Drones/15-47/072.csv
train;Drones;03978;Drones/15-47;Drones/15-47/073.csv
train;Drones;03979;Drones/15-47;Drones/15-47/074.csv
train;Drones;03980;Drones/15-47;Drones/15-47/075.csv
train;Drones;03982;Drones/15-47;Drones/15-47/077.csv
train;Drones;03983;Drones/15-47;Drones/15-47/078.csv
train;Drones;03984;Drones/15-47;Drones/15-47/079.csv
train;Drones;03985;Drones/15-47;Drones/15-47/080.csv
train;Drones;03986;Drones/15-47;Drones/15-47/081.csv
train;Drones;03987;Drones/15-47;Drones/15-47/082.csv
train;Drones;03988;Drones/15-47;Drones/15-47/083.csv
train;Drones;03989;Drones/15-47;Drones/15-47/084.csv
train;Drones;03990;Drones/15-47;Drones/15-47/085.csv
train;Drones;03992;Drones/15-47;Drones/15-47/087.csv
train;Drones;03994;Drones/15-47;Drones/15-47/089.csv
train;Drones;03995;Drones/15-47;Drones/15-47/090.csv
train;Drones;03996;Drones/15-47;Drones/15-47/091.csv
train;Drones;03997;Drones/15-47;Drones/15-47/092.csv
train;Drones;03998;Drones/15-47;Drones/15-47/093.csv
train;Drones;03999;Drones/15-47;Drones/15-47/094.csv
train;Drones;04000;Drones/15-47;Drones/15-47/095.csv
train;Drones;04001;Drones/15-47;Drones/15-47/096.csv
train;Drones;04005;Drones/15-47;Drones/15-47/100.csv
train;Drones;04006;Drones/15-47;Drones/15-47/101.csv
train;Drones;04007;Drones/15-47;Drones/15-47/102.csv
train;Drones;04008;Drones/15-47;Drones/15-47/103.csv
train;Drones;04009;Drones/15-47;Drones/15-47/104.csv
train;Drones;04010;Drones/15-47;Drones/15-47/105.csv
train;Drones;04013;Drones/15-47;Drones/15-47/108.csv
train;Drones;04014;Drones/15-47;Drones/15-47/109.csv
train;Drones;04015;Drones/15-47;Drones/15-47/110.csv
train;Drones;04018;Drones/15-47;Drones/15-47/113.csv
train;Drones;04019;Drones/15-47;Drones/15-47/114.csv
train;Drones;04020;Drones/15-47;Drones/15-47/115.csv
train;Drones;04022;Drones/15-47;Drones/15-47/117.csv
train;Drones;04023;Drones/15-47;Drones/15-47/118.csv
train;Drones;04028;Drones/15-47;Drones/15-47/123.csv
train;Drones;04030;Drones/15-47;Drones/15-47/125.csv
train;Drones;04031;Drones/15-47;Drones/15-47/126.csv
train;Drones;04034;Drones/15-47;Drones/15-47/129.csv
train;Drones;04035;Drones/15-47;Drones/15-47/130.csv
train;Drones;04039;Drones/15-47;Drones/15-47/134.csv
train;Drones;04041;Drones/15-47;Drones/15-47/136.csv
train;Drones;04042;Drones/15-47;Drones/15-47/137.csv
train;Drones;04043;Drones/15-47;Drones/15-47/138.csv
train;Drones;04044;Drones/15-47;Drones/15-47/139.csv
train;Drones;04046;Drones/15-47;Drones/15-47/141.csv
train;Drones;04047;Drones/15-47;Drones/15-47/142.csv
train;Drones;04048;Drones/15-47;Drones/15-47/143.csv
train;Drones;04049;Drones/15-47;Drones/15-47/144.csv
train;Drones;04050;Drones/15-47;Drones/15-47/145.csv
train;Drones;04053;Drones/15-47;Drones/15-47/148.csv
train;Drones;04054;Drones/15-47;Drones/15-47/149.csv
train;Drones;04056;Drones/15-47;Drones/15-47/151.csv
train;Drones;04057;Drones/15-47;Drones/15-47/152.csv
train;Drones;04058;Drones/15-47;Drones/15-47/153.csv
train;Drones;04061;Drones/15-47;Drones/15-47/156.csv
train;Drones;04062;Drones/15-47;Drones/15-47/157.csv
train;Drones;04063;Drones/15-47;Drones/15-47/158.csv
train;Drones;04064;Drones/15-47;Drones/15-47/159.csv
train;Drones;04065;Drones/15-47;Drones/15-47/160.csv
train;Drones;04068;Drones/15-47;Drones/15-47/163.csv
train;Drones;04069;Drones/15-47;Drones/15-47/164.csv
train;Drones;04071;Drones/15-47;Drones/15-47/166.csv
train;Drones;04073;Drones/15-47;Drones/15-47/168.csv
train;Drones;04075;Drones/15-47;Drones/15-47/170.csv
train;Drones;04076;Drones/15-47;Drones/15-47/171.csv
train;Drones;04077;Drones/15-47;Drones/15-47/172.csv
train;Drones;04078;Drones/15-47;Drones/15-47/173.csv
train;Drones;04080;Drones/15-47;Drones/15-47/175.csv
train;Drones;04082;Drones/15-47;Drones/15-47/177.csv
train;Drones;04083;Drones/15-47;Drones/15-47/178.csv
train;Drones;04087;Drones/15-47;Drones/15-47/182.csv
train;Drones;04088;Drones/15-47;Drones/15-47/183.csv
train;Drones;04090;Drones/15-47;Drones/15-47/185.csv
train;Drones;04091;Drones/15-47;Drones/15-47/186.csv
train;Drones;04092;Drones/15-47;Drones/15-47/187.csv
train;Drones;04093;Drones/15-47;Drones/15-47/188.csv
train;Drones;04094;Drones/15-47;Drones/15-47/189.csv
train;Drones;04095;Drones/15-47;Drones/15-47/190.csv
train;Drones;04096;Drones/15-47;Drones/15-47/191.csv
train;Drones;04097;Drones/15-47;Drones/15-47/192.csv
train;Drones;04098;Drones/15-47;Drones/15-47/193.csv
train;Drones;04101;Drones/15-50;Drones/15-50/001.csv
train;Drones;04102;Drones/15-50;Drones/15-50/002.csv
train;Drones;04103;Drones/15-50;Drones/15-50/003.csv
train;Drones;04107;Drones/15-50;Drones/15-50/007.csv
train;Drones;04108;Drones/15-50;Drones/15-50/008.csv
train;Drones;04109;Drones/15-50;Drones/15-50/009.csv
train;Drones;04110;Drones/15-50;Drones/15-50/010.csv
train;Drones;04112;Drones/15-50;Drones/15-50/012.csv
train;Drones;04113;Drones/15-50;Drones/15-50/013.csv
train;Drones;04116;Drones/15-50;Drones/15-50/016.csv
train;Drones;04117;Drones/15-50;Drones/15-50/017.csv
train;Drones;04118;Drones/15-50;Drones/15-50/018.csv
train;Drones;04119;Drones/15-50;Drones/15-50/019.csv
train;Drones;04120;Drones/15-50;Drones/15-50/020.csv
train;Drones;04121;Drones/15-50;Drones/15-50/021.csv
train;Drones;04122;Drones/15-50;Drones/15-50/022.csv
train;Drones;04123;Drones/15-50;Drones/15-50/023.csv
train;Drones;04124;Drones/15-50;Drones/15-50/024.csv
train;Drones;04125;Drones/15-50;Drones/15-50/025.csv
train;Drones;04127;Drones/15-50;Drones/15-50/027.csv
train;Drones;04129;Drones/15-50;Drones/15-50/029.csv
train;Drones;04130;Drones/15-50;Drones/15-50/030.csv
train;Drones;04131;Drones/15-50;Drones/15-50/031.csv
train;Drones;04132;Drones/15-50;Drones/15-50/032.csv
train;Drones;04133;Drones/15-50;Drones/15-50/033.csv
train;Drones;04134;Drones/15-50;Drones/15-50/034.csv
train;Drones;04135;Drones/15-50;Drones/15-50/035.csv
train;Drones;04136;Drones/15-50;Drones/15-50/036.csv
train;Drones;04137;Drones/15-50;Drones/15-50/037.csv
train;Drones;04139;Drones/15-50;Drones/15-50/039.csv
train;Drones;04141;Drones/15-50;Drones/15-50/041.csv
train;Drones;04143;Drones/15-50;Drones/15-50/043.csv
train;Drones;04144;Drones/15-50;Drones/15-50/044.csv
train;Drones;04145;Drones/15-50;Drones/15-50/045.csv
train;Drones;04147;Drones/15-50;Drones/15-50/047.csv
train;Drones;04149;Drones/15-50;Drones/15-50/049.csv
train;Drones;04150;Drones/15-50;Drones/15-50/050.csv
train;Drones;04152;Drones/15-50;Drones/15-50/052.csv
train;Drones;04153;Drones/15-50;Drones/15-50/053.csv
train;Drones;04155;Drones/15-50;Drones/15-50/055.csv
train;Drones;04156;Drones/15-50;Drones/15-50/056.csv
train;Drones;04157;Drones/15-50;Drones/15-50/057.csv
train;Drones;04159;Drones/15-50;Drones/15-50/059.csv
train;Drones;04160;Drones/15-50;Drones/15-50/060.csv
train;Drones;04161;Drones/15-50;Drones/15-50/061.csv
train;Drones;04164;Drones/15-50;Drones/15-50/064.csv
train;Drones;04165;Drones/15-50;Drones/15-50/065.csv
train;Drones;04166;Drones/15-50;Drones/15-50/066.csv
train;Drones;04168;Drones/15-50;Drones/15-50/068.csv
train;Drones;04169;Drones/15-50;Drones/15-50/069.csv
train;Drones;04171;Drones/15-50;Drones/15-50/071.csv
train;Drones;04172;Drones/15-50;Drones/15-50/072.csv
train;Drones;04175;Drones/15-50;Drones/15-50/075.csv
train;Drones;04176;Drones/15-50;Drones/15-50/076.csv
train;Drones;04177;Drones/15-50;Drones/15-50/077.csv
train;Drones;04178;Drones/15-50;Drones/15-50/078.csv
train;Drones;04179;Drones/15-50;Drones/15-50/079.csv
train;Drones;04180;Drones/15-50;Drones/15-50/080.csv
train;Drones;04181;Drones/15-50;Drones/15-50/081.csv
train;Drones;04182;Drones/15-50;Drones/15-50/082.csv
train;Drones;04184;Drones/15-50;Drones/15-50/084.csv
train;Drones;04185;Drones/15-50;Drones/15-50/085.csv
train;Drones;04186;Drones/15-50;Drones/15-50/086.csv
train;Drones;04187;Drones/15-50;Drones/15-50/087.csv
train;Drones;04189;Drones/15-50;Drones/15-50/089.csv
train;Drones;04191;Drones/15-50;Drones/15-50/091.csv
train;Drones;04192;Drones/15-50;Drones/15-50/092.csv
train;Drones;04193;Drones/15-50;Drones/15-50/093.csv
train;Drones;04195;Drones/15-50;Drones/15-50/095.csv
train;Drones;04197;Drones/15-50;Drones/15-50/097.csv
train;Drones;04198;Drones/15-50;Drones/15-50/098.csv
train;Drones;04200;Drones/15-50;Drones/15-50/100.csv
train;Drones;04201;Drones/15-50;Drones/15-50/101.csv
train;Drones;04202;Drones/15-50;Drones/15-50/102.csv
train;Drones;04203;Drones/15-50;Drones/15-50/103.csv
train;Drones;04204;Drones/15-50;Drones/15-50/104.csv
train;Drones;04205;Drones/15-50;Drones/15-50/105.csv
train;Drones;04206;Drones/15-50;Drones/15-50/106.csv
train;Drones;04207;Drones/15-50;Drones/15-50/107.csv
train;Drones;04209;Drones/15-50;Drones/15-50/109.csv
train;Drones;04210;Drones/15-50;Drones/15-50/110.csv
train;Drones;04214;Drones/15-50;Drones/15-50/114.csv
train;Drones;04215;Drones/15-50;Drones/15-50/115.csv
train;Drones;04216;Drones/15-50;Drones/15-50/116.csv
train;Drones;04217;Drones/15-50;Drones/15-50/117.csv
train;Drones;04218;Drones/15-50;Drones/15-50/118.csv
train;Drones;04219;Drones/15-50;Drones/15-50/119.csv
train;Drones;04220;Drones/15-50;Drones/15-50/120.csv
train;Drones;04221;Drones/15-50;Drones/15-50/121.csv
train;Drones;04223;Drones/15-50;Drones/15-50/123.csv
train;Drones;04224;Drones/15-50;Drones/15-50/124.csv
train;Drones;04226;Drones/15-50;Drones/15-50/126.csv
train;Drones;04227;Drones/15-50;Drones/15-50/127.csv
train;Drones;04228;Drones/15-50;Drones/15-50/128.csv
train;Drones;04230;Drones/15-50;Drones/15-50/130.csv
train;Drones;04232;Drones/15-50;Drones/15-50/132.csv
train;Drones;04235;Drones/15-50;Drones/15-50/135.csv
train;Drones;04237;Drones/15-50;Drones/15-50/137.csv
train;Drones;04238;Drones/15-50;Drones/15-50/138.csv
train;Drones;04239;Drones/15-50;Drones/15-50/139.csv
train;Drones;04241;Drones/15-50;Drones/15-50/141.csv
train;Drones;04242;Drones/15-50;Drones/15-50/142.csv
train;Drones;04243;Drones/15-50;Drones/15-50/143.csv
train;Drones;04250;Drones/15-50;Drones/15-50/150.csv
train;Drones;04251;Drones/15-50;Drones/15-50/151.csv
train;Drones;04252;Drones/15-50;Drones/15-50/152.csv
train;Drones;04254;Drones/15-50;Drones/15-50/154.csv
train;Drones;04255;Drones/15-50;Drones/15-50/155.csv
train;Drones;04256;Drones/15-50;Drones/15-50/156.csv
train;Drones;04258;Drones/15-50;Drones/15-50/158.csv
train;Drones;04259;Drones/15-50;Drones/15-50/159.csv
train;Drones;04260;Drones/15-50;Drones/15-50/160.csv
train;Drones;04262;Drones/15-50;Drones/15-50/162.csv
train;Drones;04264;Drones/15-50;Drones/15-50/164.csv
train;Drones;04269;Drones/15-50;Drones/15-50/169.csv
train;Drones;04272;Drones/15-50;Drones/15-50/172.csv
train;Drones;04273;Drones/16-09;Drones/16-09/001.csv
train;Drones;04274;Drones/16-09;Drones/16-09/002.csv
train;Drones;04276;Drones/16-09;Drones/16-09/004.csv
train;Drones;04277;Drones/16-09;Drones/16-09/005.csv
train;Drones;04278;Drones/16-09;Drones/16-09/006.csv
train;Drones;04279;Drones/16-09;Drones/16-09/007.csv
train;Drones;04283;Drones/16-09;Drones/16-09/011.csv
train;Drones;04284;Drones/16-09;Drones/16-09/012.csv
train;Drones;04285;Drones/16-09;Drones/16-09/013.csv
train;Drones;04286;Drones/16-09;Drones/16-09/014.csv
train;Drones;04288;Drones/16-09;Drones/16-09/016.csv
train;Drones;04289;Drones/16-09;Drones/16-09/017.csv
train;Drones;04290;Drones/16-09;Drones/16-09/018.csv
train;Drones;04292;Drones/16-09;Drones/16-09/020.csv
train;Drones;04293;Drones/16-09;Drones/16-09/021.csv
train;Drones;04294;Drones/16-09;Drones/16-09/022.csv
train;Drones;04295;Drones/16-09;Drones/16-09/023.csv
train;Drones;04297;Drones/16-09;Drones/16-09/025.csv
train;Drones;04298;Drones/16-09;Drones/16-09/026.csv
train;Drones;04299;Drones/16-09;Drones/16-09/027.csv
train;Drones;04301;Drones/16-09;Drones/16-09/029.csv
train;Drones;04302;Drones/16-09;Drones/16-09/030.csv
train;Drones;04306;Drones/16-09;Drones/16-09/034.csv
train;Drones;04308;Drones/16-09;Drones/16-09/036.csv
train;Drones;04309;Drones/16-09;Drones/16-09/037.csv
train;Drones;04313;Drones/16-09;Drones/16-09/041.csv
train;Drones;04317;Drones/16-09;Drones/16-09/045.csv
train;Drones;04318;Drones/16-09;Drones/16-09/046.csv
train;Drones;04319;Drones/16-09;Drones/16-09/047.csv
train;Drones;04320;Drones/16-09;Drones/16-09/048.csv
train;Drones;04321;Drones/16-09;Drones/16-09/049.csv
train;Drones;04322;Drones/16-09;Drones/16-09/050.csv
train;Drones;04323;Drones/16-09;Drones/16-09/051.csv
train;Drones;04324;Drones/16-09;Drones/16-09/052.csv
train;Drones;04325;Drones/16-09;Drones/16-09/053.csv
train;Drones;04326;Drones/16-09;Drones/16-09/054.csv
train;Drones;04327;Drones/16-09;Drones/16-09/055.csv
train;Drones;04328;Drones/16-09;Drones/16-09/056.csv
train;Drones;04329;Drones/16-09;Drones/16-09/057.csv
train;Drones;04331;Drones/16-09;Drones/16-09/059.csv
train;Drones;04332;Drones/16-09;Drones/16-09/060.csv
train;Drones;04336;Drones/16-09;Drones/16-09/064.csv
train;Drones;04338;Drones/16-09;Drones/16-09/066.csv
train;Drones;04339;Drones/16-09;Drones/16-09/067.csv
train;Drones;04341;Drones/16-09;Drones/16-09/069.csv
train;Drones;04342;Drones/16-09;Drones/16-09/070.csv
train;Drones;04343;Drones/16-09;Drones/16-09/071.csv
train;Drones;04345;Drones/16-09;Drones/16-09/073.csv
train;Drones;04346;Drones/16-09;Drones/16-09/074.csv
train;Drones;04347;Drones/16-09;Drones/16-09/075.csv
train;Drones;04348;Drones/16-09;Drones/16-09/076.csv
train;Drones;04350;Drones/16-09;Drones/16-09/078.csv
train;Drones;04351;Drones/16-09;Drones/16-09/079.csv
train;Drones;04352;Drones/16-09;Drones/16-09/080.csv
train;Drones;04353;Drones/16-09;Drones/16-09/081.csv
train;Drones;04354;Drones/16-09;Drones/16-09/082.csv
train;Drones;04355;Drones/16-09;Drones/16-09/083.csv
train;Drones;04358;Drones/16-09;Drones/16-09/086.csv
train;Drones;04359;Drones/16-09;Drones/16-09/087.csv
train;Drones;04360;Drones/16-09;Drones/16-09/088.csv
train;Drones;04361;Drones/16-09;Drones/16-09/089.csv
train;Drones;04362;Drones/16-09;Drones/16-09/090.csv
train;Drones;04363;Drones/16-09;Drones/16-09/091.csv
train;Drones;04364;Drones/16-09;Drones/16-09/092.csv
train;Drones;04365;Drones/16-09;Drones/16-09/093.csv
train;Drones;04366;Drones/16-09;Drones/16-09/094.csv
train;Drones;04367;Drones/16-09;Drones/16-09/095.csv
train;Drones;04369;Drones/16-09;Drones/16-09/097.csv
train;Drones;04370;Drones/16-09;Drones/16-09/098.csv
train;Drones;04372;Drones/16-09;Drones/16-09/100.csv
train;Drones;04375;Drones/16-09;Drones/16-09/103.csv
train;Drones;04378;Drones/16-09;Drones/16-09/106.csv
train;Drones;04379;Drones/16-09;Drones/16-09/107.csv
train;Drones;04381;Drones/16-09;Drones/16-09/109.csv
train;Drones;04382;Drones/16-09;Drones/16-09/110.csv
train;Drones;04384;Drones/16-09;Drones/16-09/112.csv
train;Drones;04385;Drones/16-09;Drones/16-09/113.csv
train;Drones;04387;Drones/16-09;Drones/16-09/115.csv
train;Drones;04388;Drones/16-09;Drones/16-09/116.csv
train;Drones;04390;Drones/16-09;Drones/16-09/118.csv
train;Drones;04391;Drones/16-09;Drones/16-09/119.csv
train;Drones;04392;Drones/16-09;Drones/16-09/120.csv
train;Drones;04393;Drones/16-09;Drones/16-09/121.csv
train;Drones;04394;Drones/16-09;Drones/16-09/122.csv
train;Drones;04395;Drones/16-09;Drones/16-09/123.csv
train;Drones;04396;Drones/16-09;Drones/16-09/124.csv
train;Drones;04397;Drones/16-09;Drones/16-09/125.csv
train;Drones;04398;Drones/16-09;Drones/16-09/126.csv
train;Drones;04400;Drones/16-09;Drones/16-09/128.csv
train;Drones;04401;Drones/16-09;Drones/16-09/129.csv
train;Drones;04402;Drones/16-09;Drones/16-09/130.csv
train;Drones;04403;Drones/16-09;Drones/16-09/131.csv
train;Drones;04408;Drones/16-09;Drones/16-09/136.csv
train;Drones;04409;Drones/16-09;Drones/16-09/137.csv
train;Drones;04410;Drones/16-09;Drones/16-09/138.csv
train;Drones;04413;Drones/16-09;Drones/16-09/141.csv
train;Drones;04414;Drones/16-09;Drones/16-09/142.csv
train;Drones;04415;Drones/16-09;Drones/16-09/143.csv
train;Drones;04416;Drones/16-09;Drones/16-09/144.csv
train;Drones;04418;Drones/16-09;Drones/16-09/146.csv
train;Drones;04420;Drones/16-09;Drones/16-09/148.csv
train;Drones;04421;Drones/16-09;Drones/16-09/149.csv
train;Drones;04424;Drones/16-09;Drones/16-09/152.csv
train;Drones;04425;Drones/16-09;Drones/16-09/153.csv
train;Drones;04427;Drones/16-09;Drones/16-09/155.csv
train;Drones;04428;Drones/16-09;Drones/16-09/156.csv
train;Drones;04429;Drones/16-09;Drones/16-09/157.csv
train;Drones;04430;Drones/16-09;Drones/16-09/158.csv
train;Drones;04432;Drones/16-09;Drones/16-09/160.csv
train;Drones;04434;Drones/16-09;Drones/16-09/162.csv
train;Drones;04436;Drones/16-09;Drones/16-09/164.csv
train;Drones;04437;Drones/16-09;Drones/16-09/165.csv
train;Drones;04442;Drones/16-09;Drones/16-09/170.csv
train;Drones;04444;Drones/16-09;Drones/16-09/172.csv
train;Drones;04445;Drones/16-09;Drones/16-09/173.csv
train;Drones;04446;Drones/16-09;Drones/16-09/174.csv
train;Drones;04447;Drones/16-09;Drones/16-09/175.csv
train;Drones;04448;Drones/16-09;Drones/16-09/176.csv
train;Drones;04449;Drones/16-09;Drones/16-09/177.csv
train;Drones;04451;Drones/16-09;Drones/16-09/179.csv
train;Drones;04452;Drones/16-09;Drones/16-09/180.csv
train;Drones;04453;Drones/16-09;Drones/16-09/181.csv
train;Drones;04455;Drones/16-09;Drones/16-09/183.csv
train;Drones;04456;Drones/16-09;Drones/16-09/184.csv
train;Drones;04457;Drones/16-09;Drones/16-09/185.csv
train;Drones;04458;Drones/16-09;Drones/16-09/186.csv
train;Drones;04459;Drones/16-09;Drones/16-09/187.csv
train;Drones;04462;Drones/16-09;Drones/16-09/190.csv
train;Drones;04464;Drones/16-09;Drones/16-09/192.csv
train;Drones;04466;Drones/16-09;Drones/16-09/194.csv
train;Drones;04469;Drones/16-09;Drones/16-09/197.csv
train;Drones;04470;Drones/16-09;Drones/16-09/198.csv
train;Drones;04471;Drones/16-09;Drones/16-09/199.csv
train;Drones;04475;Drones/16-09;Drones/16-09/203.csv
train;Drones;04476;Drones/16-09;Drones/16-09/204.csv
train;Drones;04477;Drones/16-09;Drones/16-09/205.csv
train;Drones;04478;Drones/16-09;Drones/16-09/206.csv
train;Drones;04479;Drones/16-09;Drones/16-09/207.csv
train;Drones;04481;Drones/16-09;Drones/16-09/209.csv
train;Drones;04482;Drones/16-09;Drones/16-09/210.csv
train;Drones;04484;Drones/16-09;Drones/16-09/212.csv
train;Drones;04486;Drones/16-09;Drones/16-09/214.csv
train;Drones;04488;Drones/16-09;Drones/16-09/216.csv
train;Drones;04489;Drones/16-09;Drones/16-09/217.csv
train;Drones;04490;Drones/16-09;Drones/16-09/218.csv
train;Drones;04491;Drones/16-09;Drones/16-09/219.csv
train;Drones;04492;Drones/16-09;Drones/16-09/220.csv
train;Drones;04493;Drones/16-11;Drones/16-11/001.csv
train;Drones;04494;Drones/16-11;Drones/16-11/002.csv
train;Drones;04496;Drones/16-11;Drones/16-11/004.csv
train;Drones;04497;Drones/16-11;Drones/16-11/005.csv
train;Drones;04498;Drones/16-11;Drones/16-11/006.csv
train;Drones;04500;Drones/16-11;Drones/16-11/008.csv
train;Drones;04501;Drones/16-11;Drones/16-11/009.csv
train;Drones;04503;Drones/16-11;Drones/16-11/011.csv
train;Drones;04506;Drones/16-11;Drones/16-11/014.csv
train;Drones;04508;Drones/16-11;Drones/16-11/016.csv
train;Drones;04509;Drones/16-11;Drones/16-11/017.csv
train;Drones;04510;Drones/16-11;Drones/16-11/018.csv
train;Drones;04511;Drones/16-11;Drones/16-11/019.csv
train;Drones;04512;Drones/16-11;Drones/16-11/020.csv
train;Drones;04513;Drones/16-11;Drones/16-11/021.csv
train;Drones;04514;Drones/16-11;Drones/16-11/022.csv
train;Drones;04515;Drones/16-11;Drones/16-11/023.csv
train;Drones;04517;Drones/16-11;Drones/16-11/025.csv
train;Drones;04518;Drones/16-11;Drones/16-11/026.csv
train;Drones;04519;Drones/16-11;Drones/16-11/027.csv
train;Drones;04520;Drones/16-11;Drones/16-11/028.csv
train;Drones;04524;Drones/16-11;Drones/16-11/032.csv
train;Drones;04526;Drones/16-11;Drones/16-11/034.csv
train;Drones;04527;Drones/16-11;Drones/16-11/035.csv
train;Drones;04528;Drones/16-11;Drones/16-11/036.csv
train;Drones;04529;Drones/16-11;Drones/16-11/037.csv
train;Drones;04530;Drones/16-11;Drones/16-11/038.csv
train;Drones;04531;Drones/16-11;Drones/16-11/039.csv
train;Drones;04532;Drones/16-11;Drones/16-11/040.csv
train;Drones;04533;Drones/16-11;Drones/16-11/041.csv
train;Drones;04536;Drones/16-11;Drones/16-11/044.csv
train;Drones;04538;Drones/16-11;Drones/16-11/046.csv
train;Drones;04539;Drones/16-11;Drones/16-11/047.csv
train;Drones;04540;Drones/16-11;Drones/16-11/048.csv
train;Drones;04541;Drones/16-11;Drones/16-11/049.csv
train;Drones;04545;Drones/16-11;Drones/16-11/053.csv
train;Drones;04546;Drones/16-11;Drones/16-11/054.csv
train;Drones;04547;Drones/16-11;Drones/16-11/055.csv
train;Drones;04548;Drones/16-11;Drones/16-11/056.csv
train;Drones;04549;Drones/16-11;Drones/16-11/057.csv
train;Drones;04550;Drones/16-11;Drones/16-11/058.csv
train;Drones;04552;Drones/16-11;Drones/16-11/060.csv
train;Drones;04553;Drones/16-11;Drones/16-11/061.csv
train;Drones;04554;Drones/16-11;Drones/16-11/062.csv
train;Drones;04555;Drones/16-11;Drones/16-11/063.csv
train;Drones;04556;Drones/16-11;Drones/16-11/064.csv
train;Drones;04557;Drones/16-11;Drones/16-11/065.csv
train;Drones;04558;Drones/16-11;Drones/16-11/066.csv
train;Drones;04560;Drones/16-11;Drones/16-11/068.csv
train;Drones;04561;Drones/16-11;Drones/16-11/069.csv
train;Drones;04563;Drones/16-11;Drones/16-11/071.csv
train;Drones;04565;Drones/16-11;Drones/16-11/073.csv
train;Drones;04566;Drones/16-11;Drones/16-11/074.csv
train;Drones;04567;Drones/16-11;Drones/16-11/075.csv
train;Drones;04568;Drones/16-11;Drones/16-11/076.csv
train;Drones;04569;Drones/16-11;Drones/16-11/077.csv
train;Drones;04572;Drones/16-11;Drones/16-11/080.csv
train;Drones;04573;Drones/16-11;Drones/16-11/081.csv
train;Drones;04574;Drones/16-11;Drones/16-11/082.csv
train;Drones;04575;Drones/16-11;Drones/16-11/083.csv
train;Drones;04576;Drones/16-11;Drones/16-11/084.csv
train;Drones;04577;Drones/16-11;Drones/16-11/085.csv
train;Drones;04581;Drones/16-11;Drones/16-11/089.csv
train;Drones;04582;Drones/16-11;Drones/16-11/090.csv
train;Drones;04584;Drones/16-11;Drones/16-11/092.csv
train;Drones;04586;Drones/16-11;Drones/16-11/094.csv
train;Drones;04587;Drones/16-11;Drones/16-11/095.csv
train;Drones;04589;Drones/16-11;Drones/16-11/097.csv
train;Drones;04590;Drones/16-11;Drones/16-11/098.csv
train;Drones;04591;Drones/16-11;Drones/16-11/099.csv
train;Drones;04593;Drones/16-11;Drones/16-11/101.csv
train;Drones;04596;Drones/16-11;Drones/16-11/104.csv
train;Drones;04597;Drones/16-11;Drones/16-11/105.csv
train;Drones;04598;Drones/16-11;Drones/16-11/106.csv
train;Drones;04599;Drones/16-11;Drones/16-11/107.csv
train;Drones;04600;Drones/16-11;Drones/16-11/108.csv
train;Drones;04602;Drones/16-11;Drones/16-11/110.csv
train;Drones;04603;Drones/16-11;Drones/16-11/111.csv
train;Drones;04604;Drones/16-11;Drones/16-11/112.csv
train;Drones;04606;Drones/16-11;Drones/16-11/114.csv
train;Drones;04607;Drones/16-11;Drones/16-11/115.csv
train;Drones;04608;Drones/16-11;Drones/16-11/116.csv
train;Drones;04609;Drones/16-11;Drones/16-11/117.csv
train;Drones;04610;Drones/16-11;Drones/16-11/118.csv
train;Drones;04612;Drones/16-11;Drones/16-11/120.csv
train;Drones;04613;Drones/16-11;Drones/16-11/121.csv
train;Drones;04614;Drones/16-11;Drones/16-11/122.csv
train;Drones;04616;Drones/16-11;Drones/16-11/124.csv
train;Drones;04618;Drones/16-11;Drones/16-11/126.csv
train;Drones;04620;Drones/16-11;Drones/16-11/128.csv
train;Drones;04622;Drones/16-11;Drones/16-11/130.csv
train;Drones;04627;Drones/16-11;Drones/16-11/135.csv
train;Drones;04628;Drones/16-11;Drones/16-11/136.csv
train;Drones;04629;Drones/16-11;Drones/16-11/137.csv
train;Drones;04630;Drones/16-11;Drones/16-11/138.csv
train;Drones;04631;Drones/16-11;Drones/16-11/139.csv
train;Drones;04632;Drones/16-11;Drones/16-11/140.csv
train;Drones;04633;Drones/16-11;Drones/16-11/141.csv
train;Drones;04634;Drones/16-11;Drones/16-11/142.csv
train;Drones;04636;Drones/16-11;Drones/16-11/144.csv
train;Drones;04637;Drones/16-11;Drones/16-11/145.csv
train;Drones;04638;Drones/16-11;Drones/16-11/146.csv
train;Drones;04639;Drones/16-11;Drones/16-11/147.csv
train;Drones;04640;Drones/16-11;Drones/16-11/148.csv
train;Drones;04641;Drones/16-11;Drones/16-11/149.csv
train;Drones;04643;Drones/16-11;Drones/16-11/151.csv
train;Drones;04645;Drones/16-11;Drones/16-11/153.csv
train;Drones;04646;Drones/16-11;Drones/16-11/154.csv
train;Drones;04647;Drones/16-11;Drones/16-11/155.csv
train;Drones;04648;Drones/16-11;Drones/16-11/156.csv
train;Drones;04649;Drones/16-11;Drones/16-11/157.csv
train;Drones;04650;Drones/16-11;Drones/16-11/158.csv
train;Drones;04651;Drones/16-11;Drones/16-11/159.csv
train;Drones;04653;Drones/16-11;Drones/16-11/161.csv
train;Drones;04654;Drones/16-11;Drones/16-11/162.csv
train;Drones;04655;Drones/16-11;Drones/16-11/163.csv
train;Drones;04656;Drones/16-11;Drones/16-11/164.csv
train;Drones;04659;Drones/16-11;Drones/16-11/167.csv
train;Drones;04660;Drones/16-11;Drones/16-11/168.csv
train;Drones;04661;Drones/16-11;Drones/16-11/169.csv
train;Drones;04663;Drones/16-11;Drones/16-11/171.csv
train;Drones;04664;Drones/16-11;Drones/16-11/172.csv
train;Drones;04666;Drones/16-11;Drones/16-11/174.csv
train;Drones;04668;Drones/16-11;Drones/16-11/176.csv
train;Drones;04669;Drones/16-11;Drones/16-11/177.csv
train;Drones;04670;Drones/16-11;Drones/16-11/178.csv
train;Drones;04671;Drones/16-11;Drones/16-11/179.csv
train;Drones;04674;Drones/16-11;Drones/16-11/182.csv
train;Drones;04675;Drones/16-11;Drones/16-11/183.csv
train;Drones;04676;Drones/16-11;Drones/16-11/184.csv
train;Drones;04677;Drones/16-15;Drones/16-15/001.csv
train;Drones;04678;Drones/16-15;Drones/16-15/002.csv
train;Drones;04679;Drones/16-15;Drones/16-15/003.csv
train;Drones;04680;Drones/16-15;Drones/16-15/004.csv
train;Drones;04682;Drones/16-15;Drones/16-15/006.csv
train;Drones;04683;Drones/16-15;Drones/16-15/007.csv
train;Drones;04684;Drones/16-15;Drones/16-15/008.csv
train;Drones;04685;Drones/16-15;Drones/16-15/009.csv
train;Drones;04686;Drones/16-15;Drones/16-15/010.csv
train;Drones;04687;Drones/16-15;Drones/16-15/011.csv
train;Drones;04688;Drones/16-15;Drones/16-15/012.csv
train;Drones;04689;Drones/16-15;Drones/16-15/013.csv
train;Drones;04691;Drones/16-15;Drones/16-15/015.csv
train;Drones;04693;Drones/16-15;Drones/16-15/017.csv
train;Drones;04695;Drones/16-15;Drones/16-15/019.csv
train;Drones;04696;Drones/16-15;Drones/16-15/020.csv
train;Drones;04698;Drones/16-15;Drones/16-15/022.csv
train;Drones;04699;Drones/16-15;Drones/16-15/023.csv
train;Drones;04700;Drones/16-15;Drones/16-15/024.csv
train;Drones;04701;Drones/16-15;Drones/16-15/025.csv
train;Drones;04702;Drones/16-15;Drones/16-15/026.csv
train;Drones;04704;Drones/16-15;Drones/16-15/028.csv
train;Drones;04707;Drones/16-15;Drones/16-15/031.csv
train;Drones;04708;Drones/16-15;Drones/16-15/032.csv
train;Drones;04710;Drones/16-15;Drones/16-15/034.csv
train;Drones;04711;Drones/16-15;Drones/16-15/035.csv
train;Drones;04713;Drones/16-15;Drones/16-15/037.csv
train;Drones;04714;Drones/16-15;Drones/16-15/038.csv
train;Drones;04715;Drones/16-15;Drones/16-15/039.csv
train;Drones;04716;Drones/16-15;Drones/16-15/040.csv
train;Drones;04717;Drones/16-15;Drones/16-15/041.csv
train;Drones;04720;Drones/16-15;Drones/16-15/044.csv
train;Drones;04721;Drones/16-15;Drones/16-15/045.csv
train;Drones;04722;Drones/16-15;Drones/16-15/046.csv
train;Drones;04724;Drones/16-15;Drones/16-15/048.csv
train;Drones;04727;Drones/16-15;Drones/16-15/051.csv
train;Drones;04729;Drones/16-15;Drones/16-15/053.csv
train;Drones;04730;Drones/16-15;Drones/16-15/054.csv
train;Drones;04732;Drones/16-15;Drones/16-15/056.csv
train;Drones;04733;Drones/16-15;Drones/16-15/057.csv
train;Drones;04736;Drones/16-15;Drones/16-15/060.csv
train;Drones;04737;Drones/16-15;Drones/16-15/061.csv
train;Drones;04738;Drones/16-15;Drones/16-15/062.csv
train;Drones;04739;Drones/16-15;Drones/16-15/063.csv
train;Drones;04740;Drones/16-15;Drones/16-15/064.csv
train;Drones;04741;Drones/16-15;Drones/16-15/065.csv
train;Drones;04745;Drones/16-15;Drones/16-15/069.csv
train;Drones;04747;Drones/16-15;Drones/16-15/071.csv
train;Drones;04749;Drones/16-15;Drones/16-15/073.csv
train;Drones;04752;Drones/16-15;Drones/16-15/076.csv
train;Drones;04755;Drones/16-15;Drones/16-15/079.csv
train;Drones;04756;Drones/16-15;Drones/16-15/080.csv
train;Drones;04757;Drones/16-15;Drones/16-15/081.csv
train;Drones;04758;Drones/16-15;Drones/16-15/082.csv
train;Drones;04760;Drones/16-15;Drones/16-15/084.csv
train;Drones;04762;Drones/16-15;Drones/16-15/086.csv
train;Drones;04763;Drones/16-15;Drones/16-15/087.csv
train;Drones;04765;Drones/16-15;Drones/16-15/089.csv
train;Drones;04766;Drones/16-15;Drones/16-15/090.csv
train;Drones;04767;Drones/16-15;Drones/16-15/091.csv
train;Drones;04769;Drones/16-15;Drones/16-15/093.csv
train;Drones;04770;Drones/16-15;Drones/16-15/094.csv
train;Drones;04771;Drones/16-15;Drones/16-15/095.csv
train;Drones;04772;Drones/16-15;Drones/16-15/096.csv
train;Drones;04773;Drones/16-15;Drones/16-15/097.csv
train;Drones;04775;Drones/16-15;Drones/16-15/099.csv
train;Drones;04776;Drones/16-15;Drones/16-15/100.csv
train;Drones;04777;Drones/16-15;Drones/16-15/101.csv
train;Drones;04779;Drones/16-15;Drones/16-15/103.csv
train;Drones;04780;Drones/16-15;Drones/16-15/104.csv
train;Drones;04781;Drones/16-15;Drones/16-15/105.csv
train;Drones;04783;Drones/16-15;Drones/16-15/107.csv
train;Drones;04786;Drones/16-15;Drones/16-15/110.csv
train;Drones;04787;Drones/16-15;Drones/16-15/111.csv
train;Drones;04788;Drones/16-15;Drones/16-15/112.csv
train;Drones;04789;Drones/16-15;Drones/16-15/113.csv
train;Drones;04790;Drones/16-15;Drones/16-15/114.csv
train;Drones;04794;Drones/16-15;Drones/16-15/118.csv
train;Drones;04795;Drones/16-15;Drones/16-15/119.csv
train;Drones;04796;Drones/16-15;Drones/16-15/120.csv
train;Drones;04797;Drones/16-15;Drones/16-15/121.csv
train;Drones;04798;Drones/16-15;Drones/16-15/122.csv
train;Drones;04799;Drones/16-15;Drones/16-15/123.csv
train;Drones;04800;Drones/16-15;Drones/16-15/124.csv
train;Drones;04802;Drones/16-15;Drones/16-15/126.csv
train;Drones;04803;Drones/16-15;Drones/16-15/127.csv
train;Drones;04806;Drones/16-15;Drones/16-15/130.csv
train;Drones;04807;Drones/16-15;Drones/16-15/131.csv
train;Drones;04808;Drones/16-15;Drones/16-15/132.csv
train;Drones;04809;Drones/16-15;Drones/16-15/133.csv
train;Drones;04811;Drones/16-15;Drones/16-15/135.csv
train;Drones;04812;Drones/16-15;Drones/16-15/136.csv
train;Drones;04814;Drones/16-15;Drones/16-15/138.csv
train;Drones;04815;Drones/16-15;Drones/16-15/139.csv
train;Drones;04817;Drones/16-15;Drones/16-15/141.csv
train;Drones;04819;Drones/16-15;Drones/16-15/143.csv
train;Drones;04821;Drones/16-15;Drones/16-15/145.csv
train;Drones;04824;Drones/16-15;Drones/16-15/148.csv
train;Drones;04825;Drones/16-15;Drones/16-15/149.csv
train;Drones;04826;Drones/16-15;Drones/16-15/150.csv
train;Drones;04828;Drones/16-15;Drones/16-15/152.csv
train;Drones;04829;Drones/16-15;Drones/16-15/153.csv
train;Drones;04830;Drones/16-15;Drones/16-15/154.csv
train;Drones;04831;Drones/16-15;Drones/16-15/155.csv
train;Drones;04832;Drones/16-15;Drones/16-15/156.csv
train;Drones;04834;Drones/16-15;Drones/16-15/158.csv
train;Drones;04835;Drones/16-15;Drones/16-15/159.csv
train;Drones;04836;Drones/16-15;Drones/16-15/160.csv
train;Drones;04837;Drones/16-15;Drones/16-15/161.csv
train;Drones;04838;Drones/16-15;Drones/16-15/162.csv
train;Drones;04839;Drones/16-15;Drones/16-15/163.csv
train;Drones;04841;Drones/16-15;Drones/16-15/165.csv
train;Drones;04842;Drones/16-15;Drones/16-15/166.csv
train;Drones;04843;Drones/16-15;Drones/16-15/167.csv
train;Drones;04844;Drones/16-15;Drones/16-15/168.csv
train;Drones;04845;Drones/16-15;Drones/16-15/169.csv
train;Drones;04846;Drones/16-15;Drones/16-15/170.csv
train;Drones;04847;Drones/16-15;Drones/16-15/171.csv
train;Drones;04848;Drones/16-15;Drones/16-15/172.csv
train;Drones;04850;Drones/16-15;Drones/16-15/174.csv
train;Drones;04851;Drones/16-15;Drones/16-15/175.csv
train;Drones;04852;Drones/16-15;Drones/16-15/176.csv
train;Drones;04853;Drones/16-15;Drones/16-15/177.csv
train;Drones;04854;Drones/16-15;Drones/16-15/178.csv
train;Drones;04855;Drones/16-15;Drones/16-15/179.csv
train;Drones;04856;Drones/16-15;Drones/16-15/180.csv
train;Drones;04858;Drones/16-15;Drones/16-15/182.csv
train;Drones;04859;Drones/16-15;Drones/16-15/183.csv
train;Drones;04860;Drones/16-15;Drones/16-15/184.csv
train;Drones;04863;Drones/16-15;Drones/16-15/187.csv
train;Drones;04867;Drones/16-15;Drones/16-15/191.csv
train;Drones;04868;Drones/16-15;Drones/16-15/192.csv
train;Drones;04869;Drones/16-15;Drones/16-15/193.csv
train;Drones;04870;Drones/16-15;Drones/16-15/194.csv
train;Drones;04871;Drones/16-15;Drones/16-15/195.csv
train;Drones;04872;Drones/16-15;Drones/16-15/196.csv
train;Drones;04873;Drones/16-15;Drones/16-15/197.csv
train;Drones;04875;Drones/16-15;Drones/16-15/199.csv
train;Drones;04876;Drones/16-15;Drones/16-15/200.csv
train;Drones;04877;Drones/16-15;Drones/16-15/201.csv
train;Drones;04878;Drones/16-15;Drones/16-15/202.csv
train;Drones;04879;Drones/16-15;Drones/16-15/203.csv
train;Drones;04880;Drones/16-15;Drones/16-15/204.csv
train;Drones;04881;Drones/16-15;Drones/16-15/205.csv
train;Drones;04882;Drones/16-15;Drones/16-15/206.csv
train;Drones;04883;Drones/16-15;Drones/16-15/207.csv
train;Drones;04884;Drones/16-15;Drones/16-15/208.csv
train;Drones;04885;Drones/16-15;Drones/16-15/209.csv
train;Drones;04887;Drones/16-15;Drones/16-15/211.csv
train;Drones;04888;Drones/16-17;Drones/16-17/001.csv
train;Drones;04891;Drones/16-17;Drones/16-17/004.csv
train;Drones;04892;Drones/16-17;Drones/16-17/005.csv
train;Drones;04893;Drones/16-17;Drones/16-17/006.csv
train;Drones;04895;Drones/16-17;Drones/16-17/008.csv
train;Drones;04896;Drones/16-17;Drones/16-17/009.csv
train;Drones;04898;Drones/16-17;Drones/16-17/011.csv
train;Drones;04899;Drones/16-17;Drones/16-17/012.csv
train;Drones;04900;Drones/16-17;Drones/16-17/013.csv
train;Drones;04901;Drones/16-17;Drones/16-17/014.csv
train;Drones;04903;Drones/16-17;Drones/16-17/016.csv
train;Drones;04904;Drones/16-17;Drones/16-17/017.csv
train;Drones;04906;Drones/16-17;Drones/16-17/019.csv
train;Drones;04907;Drones/16-17;Drones/16-17/020.csv
train;Drones;04908;Drones/16-17;Drones/16-17/021.csv
train;Drones;04909;Drones/16-17;Drones/16-17/022.csv
train;Drones;04910;Drones/16-17;Drones/16-17/023.csv
train;Drones;04911;Drones/16-17;Drones/16-17/024.csv
train;Drones;04912;Drones/16-17;Drones/16-17/025.csv
train;Drones;04914;Drones/16-17;Drones/16-17/027.csv
train;Drones;04915;Drones/16-17;Drones/16-17/028.csv
train;Drones;04916;Drones/16-17;Drones/16-17/029.csv
train;Drones;04917;Drones/16-17;Drones/16-17/030.csv
train;Drones;04919;Drones/16-17;Drones/16-17/032.csv
train;Drones;04921;Drones/16-17;Drones/16-17/034.csv
train;Drones;04924;Drones/16-17;Drones/16-17/037.csv
train;Drones;04928;Drones/16-17;Drones/16-17/041.csv
train;Drones;04929;Drones/16-17;Drones/16-17/042.csv
train;Drones;04931;Drones/16-17;Drones/16-17/044.csv
train;Drones;04933;Drones/16-17;Drones/16-17/046.csv
train;Drones;04934;Drones/16-17;Drones/16-17/047.csv
train;Drones;04935;Drones/16-17;Drones/16-17/048.csv
train;Drones;04937;Drones/16-17;Drones/16-17/050.csv
train;Drones;04938;Drones/16-17;Drones/16-17/051.csv
train;Drones;04939;Drones/16-17;Drones/16-17/052.csv
train;Drones;04940;Drones/16-17;Drones/16-17/053.csv
train;Drones;04941;Drones/16-17;Drones/16-17/054.csv
train;Drones;04946;Drones/16-17;Drones/16-17/059.csv
train;Drones;04947;Drones/16-17;Drones/16-17/060.csv
train;Drones;04950;Drones/16-17;Drones/16-17/063.csv
train;Drones;04951;Drones/16-17;Drones/16-17/064.csv
train;Drones;04955;Drones/16-17;Drones/16-17/068.csv
train;Drones;04956;Drones/16-17;Drones/16-17/069.csv
train;Drones;04960;Drones/16-17;Drones/16-17/073.csv
train;Drones;04961;Drones/16-17;Drones/16-17/074.csv
train;Drones;04962;Drones/16-17;Drones/16-17/075.csv
train;Drones;04964;Drones/16-17;Drones/16-17/077.csv
train;Drones;04965;Drones/16-17;Drones/16-17/078.csv
train;Drones;04966;Drones/16-17;Drones/16-17/079.csv
train;Drones;04967;Drones/16-17;Drones/16-17/080.csv
train;Drones;04968;Drones/16-17;Drones/16-17/081.csv
train;Drones;04970;Drones/16-17;Drones/16-17/083.csv
train;Drones;04971;Drones/16-17;Drones/16-17/084.csv
train;Drones;04972;Drones/16-17;Drones/16-17/085.csv
train;Drones;04973;Drones/16-17;Drones/16-17/086.csv
train;Drones;04975;Drones/16-17;Drones/16-17/088.csv
train;Drones;04977;Drones/16-17;Drones/16-17/090.csv
train;Drones;04978;Drones/16-17;Drones/16-17/091.csv
train;Drones;04980;Drones/16-17;Drones/16-17/093.csv
train;Drones;04982;Drones/16-17;Drones/16-17/095.csv
train;Drones;04984;Drones/16-17;Drones/16-17/097.csv
train;Drones;04986;Drones/16-17;Drones/16-17/099.csv
train;Drones;04988;Drones/16-17;Drones/16-17/101.csv
train;Drones;04989;Drones/16-17;Drones/16-17/102.csv
train;Drones;04991;Drones/16-17;Drones/16-17/104.csv
train;Drones;04992;Drones/16-17;Drones/16-17/105.csv
train;Drones;04994;Drones/16-17;Drones/16-17/107.csv
train;Drones;04995;Drones/16-17;Drones/16-17/108.csv
train;Drones;04996;Drones/16-17;Drones/16-17/109.csv
train;Drones;04997;Drones/16-17;Drones/16-17/110.csv
train;Drones;04998;Drones/16-17;Drones/16-17/111.csv
train;Drones;04999;Drones/16-17;Drones/16-17/112.csv
train;Drones;05000;Drones/16-17;Drones/16-17/113.csv
train;Drones;05001;Drones/16-17;Drones/16-17/114.csv
train;Drones;05003;Drones/16-17;Drones/16-17/116.csv
train;Drones;05004;Drones/16-17;Drones/16-17/117.csv
train;Drones;05005;Drones/16-17;Drones/16-17/118.csv
train;Drones;05006;Drones/16-17;Drones/16-17/119.csv
train;Drones;05008;Drones/16-17;Drones/16-17/121.csv
train;Drones;05010;Drones/16-17;Drones/16-17/123.csv
train;Drones;05011;Drones/16-17;Drones/16-17/124.csv
train;Drones;05012;Drones/16-17;Drones/16-17/125.csv
train;Drones;05013;Drones/16-17;Drones/16-17/126.csv
train;Drones;05014;Drones/16-17;Drones/16-17/127.csv
train;Drones;05015;Drones/16-17;Drones/16-17/128.csv
train;Drones;05016;Drones/16-17;Drones/16-17/129.csv
train;Drones;05017;Drones/16-17;Drones/16-17/130.csv
train;Drones;05018;Drones/16-17;Drones/16-17/131.csv
train;Drones;05020;Drones/16-17;Drones/16-17/133.csv
train;Drones;05021;Drones/16-17;Drones/16-17/134.csv
train;Drones;05022;Drones/16-17;Drones/16-17/135.csv
train;Drones;05023;Drones/16-17;Drones/16-17/136.csv
train;Drones;05025;Drones/16-17;Drones/16-17/138.csv
train;Drones;05027;Drones/16-17;Drones/16-17/140.csv
train;Drones;05028;Drones/16-17;Drones/16-17/141.csv
train;Drones;05032;Drones/16-17;Drones/16-17/145.csv
train;Drones;05034;Drones/16-17;Drones/16-17/147.csv
train;Drones;05036;Drones/16-17;Drones/16-17/149.csv
train;Drones;05037;Drones/16-17;Drones/16-17/150.csv
train;Drones;05038;Drones/16-17;Drones/16-17/151.csv
train;Drones;05039;Drones/16-17;Drones/16-17/152.csv
train;Drones;05041;Drones/16-17;Drones/16-17/154.csv
train;Drones;05043;Drones/16-17;Drones/16-17/156.csv
train;Drones;05044;Drones/16-17;Drones/16-17/157.csv
train;Drones;05045;Drones/16-17;Drones/16-17/158.csv
train;Drones;05046;Drones/16-17;Drones/16-17/159.csv
train;Drones;05047;Drones/16-17;Drones/16-17/160.csv
train;Drones;05048;Drones/16-17;Drones/16-17/161.csv
train;Drones;05049;Drones/16-17;Drones/16-17/162.csv
train;Drones;05050;Drones/16-17;Drones/16-17/163.csv
train;Drones;05051;Drones/16-17;Drones/16-17/164.csv
train;Drones;05052;Drones/16-17;Drones/16-17/165.csv
train;Drones;05053;Drones/16-17;Drones/16-17/166.csv
train;Drones;05055;Drones/16-17;Drones/16-17/168.csv
train;Drones;05057;Drones/16-17;Drones/16-17/170.csv
train;Drones;05058;Drones/16-17;Drones/16-17/171.csv
train;Drones;05059;Drones/16-17;Drones/16-17/172.csv
train;Drones;05060;Drones/16-17;Drones/16-17/173.csv
train;Drones;05063;Drones/16-17;Drones/16-17/176.csv
train;People;00001;People/10-45f;People/10-45f/001.csv
train;People;00002;People/10-45f;People/10-45f/002.csv
train;People;00003;People/10-45f;People/10-45f/003.csv
train;People;00004;People/10-45f;People/10-45f/004.csv
train;People;00005;People/10-45f;People/10-45f/005.csv
train;People;00006;People/10-45f;People/10-45f/006.csv
train;People;00007;People/10-45f;People/10-45f/007.csv
train;People;00008;People/10-45f;People/10-45f/008.csv
train;People;00010;People/10-45f;People/10-45f/010.csv
train;People;00011;People/10-45f;People/10-45f/011.csv
train;People;00012;People/10-45f;People/10-45f/012.csv
train;People;00014;People/10-45f;People/10-45f/014.csv
train;People;00017;People/10-45f;People/10-45f/017.csv
train;People;00019;People/10-45f;People/10-45f/019.csv
train;People;00021;People/10-45f;People/10-45f/021.csv
train;People;00022;People/10-45f;People/10-45f/022.csv
train;People;00023;People/10-45f;People/10-45f/023.csv
train;People;00025;People/10-45f;People/10-45f/025.csv
train;People;00026;People/10-45f;People/10-45f/026.csv
train;People;00028;People/10-45f;People/10-45f/028.csv
train;People;00029;People/10-45f;People/10-45f/029.csv
train;People;00033;People/10-45f;People/10-45f/033.csv
train;People;00035;People/10-45f;People/10-45f/035.csv
train;People;00036;People/10-45f;People/10-45f/036.csv
train;People;00037;People/10-45f;People/10-45f/037.csv
train;People;00039;People/10-45f;People/10-45f/039.csv
train;People;00040;People/10-45f;People/10-45f/040.csv
train;People;00041;People/10-45f;People/10-45f/041.csv
train;People;00043;People/10-45f;People/10-45f/043.csv
train;People;00044;People/10-45f;People/10-45f/044.csv
train;People;00047;People/10-45f;People/10-45f/047.csv
train;People;00049;People/10-45f;People/10-45f/049.csv
train;People;00050;People/10-45f;People/10-45f/050.csv
train;People;00053;People/10-45f;People/10-45f/053.csv
train;People;00054;People/10-45f;People/10-45f/054.csv
train;People;00055;People/10-45f;People/10-45f/055.csv
train;People;00056;People/10-45f;People/10-45f/056.csv
train;People;00057;People/10-45f;People/10-45f/057.csv
train;People;00059;People/10-45f;People/10-45f/059.csv
train;People;00061;People/10-45f;People/10-45f/061.csv
train;People;00063;People/10-45f;People/10-45f/063.csv
train;People;00065;People/10-45f;People/10-45f/065.csv
train;People;00067;People/10-45f;People/10-45f/067.csv
train;People;00068;People/10-45f;People/10-45f/068.csv
train;People;00069;People/10-45f;People/10-45f/069.csv
train;People;00071;People/10-45f;People/10-45f/071.csv
train;People;00073;People/10-45f;People/10-45f/073.csv
train;People;00075;People/10-45f;People/10-45f/075.csv
train;People;00077;People/10-45f;People/10-45f/077.csv
train;People;00078;People/10-45f;People/10-45f/078.csv
train;People;00079;People/10-45f;People/10-45f/079.csv
train;People;00082;People/10-45f;People/10-45f/082.csv
train;People;00083;People/10-45f;People/10-45f/083.csv
train;People;00084;People/10-45f;People/10-45f/084.csv
train;People;00086;People/10-45f;People/10-45f/086.csv
train;People;00087;People/10-45f;People/10-45f/087.csv
train;People;00090;People/10-45f;People/10-45f/090.csv
train;People;00093;People/10-45f;People/10-45f/093.csv
train;People;00095;People/10-45f;People/10-45f/095.csv
train;People;00098;People/10-45f;People/10-45f/098.csv
train;People;00099;People/10-45f;People/10-45f/099.csv
train;People;00100;People/10-45f;People/10-45f/100.csv
train;People;00104;People/10-45f;People/10-45f/104.csv
train;People;00105;People/10-45f;People/10-45f/105.csv
train;People;00106;People/10-45f;People/10-45f/106.csv
train;People;00112;People/10-45f;People/10-45f/112.csv
train;People;00113;People/10-45f;People/10-45f/113.csv
train;People;00114;People/10-45f;People/10-45f/114.csv
train;People;00115;People/10-45f;People/10-45f/115.csv
train;People;00116;People/10-45f;People/10-45f/116.csv
train;People;00117;People/10-45f;People/10-45f/117.csv
train;People;00118;People/10-45f;People/10-45f/118.csv
train;People;00119;People/10-45f;People/10-45f/119.csv
train;People;00120;People/10-45f;People/10-45f/120.csv
train;People;00121;People/10-45f;People/10-45f/121.csv
train;People;00124;People/10-45f;People/10-45f/124.csv
train;People;00126;People/10-45f;People/10-45f/126.csv
train;People;00127;People/10-45f;People/10-45f/127.csv
train;People;00128;People/10-45f;People/10-45f/128.csv
train;People;00129;People/10-45f;People/10-45f/129.csv
train;People;00130;People/10-45f;People/10-45f/130.csv
train;People;00131;People/10-45f;People/10-45f/131.csv
train;People;00132;People/10-45f;People/10-45f/132.csv
train;People;00134;People/10-45f;People/10-45f/134.csv
train;People;00135;People/10-45f;People/10-45f/135.csv
train;People;00137;People/10-45f;People/10-45f/137.csv
train;People;00138;People/10-45f;People/10-45f/138.csv
train;People;00139;People/10-45f;People/10-45f/139.csv
train;People;00140;People/10-45f;People/10-45f/140.csv
train;People;00141;People/10-45f;People/10-45f/141.csv
train;People;00142;People/10-45f;People/10-45f/142.csv
train;People;00144;People/10-45f;People/10-45f/144.csv
train;People;00146;People/10-45f;People/10-45f/146.csv
train;People;00147;People/10-45f;People/10-45f/147.csv
train;People;00148;People/10-45f;People/10-45f/148.csv
train;People;00149;People/10-45f;People/10-45f/149.csv
train;People;00151;People/10-45f;People/10-45f/151.csv
train;People;00153;People/10-45f;People/10-45f/153.csv
train;People;00154;People/10-45f;People/10-45f/154.csv
train;People;00155;People/10-45f;People/10-45f/155.csv
train;People;00156;People/10-45f;People/10-45f/156.csv
train;People;00159;People/10-45f;People/10-45f/159.csv
train;People;00160;People/10-45f;People/10-45f/160.csv
train;People;00161;People/10-45f;People/10-45f/161.csv
train;People;00162;People/10-45f;People/10-45f/162.csv
train;People;00163;People/10-45f;People/10-45f/163.csv
train;People;00164;People/10-45f;People/10-45f/164.csv
train;People;00165;People/10-45f;People/10-45f/165.csv
train;People;00166;People/10-45f;People/10-45f/166.csv
train;People;00167;People/10-45f;People/10-45f/167.csv
train;People;00170;People/10-45f;People/10-45f/170.csv
train;People;00171;People/10-45f;People/10-45f/171.csv
train;People;00172;People/10-45f;People/10-45f/172.csv
train;People;00174;People/10-45f;People/10-45f/174.csv
train;People;00175;People/10-45f;People/10-45f/175.csv
train;People;00176;People/10-45f;People/10-45f/176.csv
train;People;00177;People/10-45f;People/10-45f/177.csv
train;People;00179;People/10-45f;People/10-45f/179.csv
train;People;00181;People/10-45f;People/10-45f/181.csv
train;People;00183;People/10-45f;People/10-45f/183.csv
train;People;00187;People/10-45i;People/10-45i/002.csv
train;People;00188;People/10-45i;People/10-45i/003.csv
train;People;00189;People/10-45i;People/10-45i/004.csv
train;People;00190;People/10-45i;People/10-45i/005.csv
train;People;00191;People/10-45i;People/10-45i/006.csv
train;People;00192;People/10-45i;People/10-45i/007.csv
train;People;00193;People/10-45i;People/10-45i/008.csv
train;People;00194;People/10-45i;People/10-45i/009.csv
train;People;00195;People/10-45i;People/10-45i/010.csv
train;People;00196;People/10-45i;People/10-45i/011.csv
train;People;00198;People/10-45i;People/10-45i/013.csv
train;People;00201;People/10-45i;People/10-45i/016.csv
train;People;00202;People/10-45i;People/10-45i/017.csv
train;People;00203;People/10-45i;People/10-45i/018.csv
train;People;00204;People/10-45i;People/10-45i/019.csv
train;People;00205;People/10-45i;People/10-45i/020.csv
train;People;00206;People/10-45i;People/10-45i/021.csv
train;People;00207;People/10-45i;People/10-45i/022.csv
train;People;00208;People/10-45i;People/10-45i/023.csv
train;People;00210;People/10-45i;People/10-45i/025.csv
train;People;00212;People/10-45i;People/10-45i/027.csv
train;People;00213;People/10-45i;People/10-45i/028.csv
train;People;00214;People/10-45i;People/10-45i/029.csv
train;People;00215;People/10-45i;People/10-45i/030.csv
train;People;00216;People/10-45i;People/10-45i/031.csv
train;People;00219;People/10-45i;People/10-45i/034.csv
train;People;00220;People/10-45i;People/10-45i/035.csv
train;People;00221;People/10-45i;People/10-45i/036.csv
train;People;00223;People/10-45i;People/10-45i/038.csv
train;People;00224;People/10-45i;People/10-45i/039.csv
train;People;00225;People/10-45i;People/10-45i/040.csv
train;People;00226;People/10-45i;People/10-45i/041.csv
train;People;00227;People/10-45i;People/10-45i/042.csv
train;People;00230;People/10-45i;People/10-45i/045.csv
train;People;00233;People/10-45i;People/10-45i/048.csv
train;People;00235;People/10-45i;People/10-45i/050.csv
train;People;00236;People/10-45i;People/10-45i/051.csv
train;People;00237;People/10-45i;People/10-45i/052.csv
train;People;00238;People/10-45i;People/10-45i/053.csv
train;People;00239;People/10-45i;People/10-45i/054.csv
train;People;00242;People/10-45i;People/10-45i/057.csv
train;People;00243;People/10-45i;People/10-45i/058.csv
train;People;00244;People/10-45i;People/10-45i/059.csv
train;People;00245;People/10-45i;People/10-45i/060.csv
train;People;00247;People/10-45i;People/10-45i/062.csv
train;People;00250;People/10-45i;People/10-45i/065.csv
train;People;00251;People/10-45i;People/10-45i/066.csv
train;People;00254;People/10-45i;People/10-45i/069.csv
train;People;00256;People/10-45i;People/10-45i/071.csv
train;People;00257;People/10-45i;People/10-45i/072.csv
train;People;00259;People/10-45i;People/10-45i/074.csv
train;People;00261;People/10-45i;People/10-45i/076.csv
train;People;00262;People/10-45i;People/10-45i/077.csv
train;People;00263;People/10-45i;People/10-45i/078.csv
train;People;00265;People/10-45i;People/10-45i/080.csv
train;People;00267;People/10-45i;People/10-45i/082.csv
train;People;00268;People/10-45i;People/10-45i/083.csv
train;People;00269;People/10-45i;People/10-45i/084.csv
train;People;00270;People/10-45i;People/10-45i/085.csv
train;People;00271;People/10-45i;People/10-45i/086.csv
train;People;00272;People/10-45i;People/10-45i/087.csv
train;People;00274;People/10-45i;People/10-45i/089.csv
train;People;00275;People/10-45i;People/10-45i/090.csv
train;People;00276;People/10-45i;People/10-45i/091.csv
train;People;00277;People/10-53f;People/10-53f/001.csv
train;People;00278;People/10-53f;People/10-53f/002.csv
train;People;00279;People/10-53f;People/10-53f/003.csv
train;People;00281;People/10-53f;People/10-53f/005.csv
train;People;00282;People/10-53f;People/10-53f/006.csv
train;People;00283;People/10-53f;People/10-53f/007.csv
train;People;00284;People/10-53f;People/10-53f/008.csv
train;People;00285;People/10-53f;People/10-53f/009.csv
train;People;00286;People/10-53f;People/10-53f/010.csv
train;People;00288;People/10-53f;People/10-53f/012.csv
train;People;00289;People/10-53f;People/10-53f/013.csv
train;People;00290;People/10-53f;People/10-53f/014.csv
train;People;00295;People/10-53f;People/10-53f/019.csv
train;People;00299;People/10-53f;People/10-53f/023.csv
train;People;00300;People/10-53f;People/10-53f/024.csv
train;People;00301;People/10-53f;People/10-53f/025.csv
train;People;00302;People/10-53f;People/10-53f/026.csv
train;People;00303;People/10-53f;People/10-53f/027.csv
train;People;00305;People/10-53f;People/10-53f/029.csv
train;People;00306;People/10-53f;People/10-53f/030.csv
train;People;00307;People/10-53f;People/10-53f/031.csv
train;People;00310;People/10-53f;People/10-53f/034.csv
train;People;00311;People/10-53f;People/10-53f/035.csv
train;People;00312;People/10-53f;People/10-53f/036.csv
train;People;00313;People/10-53f;People/10-53f/037.csv
train;People;00314;People/10-53f;People/10-53f/038.csv
train;People;00315;People/10-53f;People/10-53f/039.csv
train;People;00317;People/10-53f;People/10-53f/041.csv
train;People;00318;People/10-53f;People/10-53f/042.csv
train;People;00321;People/10-53f;People/10-53f/045.csv
train;People;00327;People/10-53f;People/10-53f/051.csv
train;People;00328;People/10-53f;People/10-53f/052.csv
train;People;00329;People/10-53f;People/10-53f/053.csv
train;People;00330;People/10-53f;People/10-53f/054.csv
train;People;00331;People/10-53f;People/10-53f/055.csv
train;People;00332;People/10-53f;People/10-53f/056.csv
train;People;00336;People/10-53f;People/10-53f/060.csv
train;People;00338;People/10-53f;People/10-53f/062.csv
train;People;00339;People/10-53f;People/10-53f/063.csv
train;People;00341;People/10-53f;People/10-53f/065.csv
train;People;00342;People/10-53f;People/10-53f/066.csv
train;People;00343;People/10-53f;People/10-53f/067.csv
train;People;00344;People/10-53f;People/10-53f/068.csv
train;People;00346;People/10-53f;People/10-53f/070.csv
train;People;00349;People/10-53f;People/10-53f/073.csv
train;People;00351;People/10-53f;People/10-53f/075.csv
train;People;00353;People/10-53f;People/10-53f/077.csv
train;People;00354;People/10-53f;People/10-53f/078.csv
train;People;00356;People/10-53f;People/10-53f/080.csv
train;People;00357;People/10-53f;People/10-53f/081.csv
train;People;00358;People/10-53f;People/10-53f/082.csv
train;People;00359;People/10-53f;People/10-53f/083.csv
train;People;00360;People/10-53f;People/10-53f/084.csv
train;People;00361;People/10-53f;People/10-53f/085.csv
train;People;00362;People/10-53f;People/10-53f/086.csv
train;People;00363;People/10-53f;People/10-53f/087.csv
train;People;00364;People/10-53f;People/10-53f/088.csv
train;People;00365;People/10-53f;People/10-53f/089.csv
train;People;00366;People/10-53f;People/10-53f/090.csv
train;People;00367;People/10-53f;People/10-53f/091.csv
train;People;00369;People/10-53f;People/10-53f/093.csv
train;People;00370;People/10-53f;People/10-53f/094.csv
train;People;00371;People/10-53f;People/10-53f/095.csv
train;People;00373;People/10-53f;People/10-53f/097.csv
train;People;00375;People/10-53f;People/10-53f/099.csv
train;People;00376;People/10-53f;People/10-53f/100.csv
train;People;00378;People/10-53f;People/10-53f/102.csv
train;People;00380;People/10-53f;People/10-53f/104.csv
train;People;00383;People/10-53f;People/10-53f/107.csv
train;People;00384;People/10-53f;People/10-53f/108.csv
train;People;00385;People/10-53f;People/10-53f/109.csv
train;People;00386;People/10-53f;People/10-53f/110.csv
train;People;00387;People/10-53f;People/10-53f/111.csv
train;People;00389;People/10-53f;People/10-53f/113.csv
train;People;00390;People/10-53f;People/10-53f/114.csv
train;People;00391;People/10-53f;People/10-53f/115.csv
train;People;00392;People/10-53f;People/10-53f/116.csv
train;People;00393;People/10-53f;People/10-53f/117.csv
train;People;00395;People/10-53f;People/10-53f/119.csv
train;People;00396;People/10-53f;People/10-53f/120.csv
train;People;00397;People/10-53f;People/10-53f/121.csv
train;People;00398;People/10-53f;People/10-53f/122.csv
train;People;00399;People/10-53f;People/10-53f/123.csv
train;People;00400;People/10-53f;People/10-53f/124.csv
train;People;00401;People/10-53f;People/10-53f/125.csv
train;People;00403;People/10-53f;People/10-53f/127.csv
train;People;00404;People/10-53f;People/10-53f/128.csv
train;People;00405;People/10-53f;People/10-53f/129.csv
train;People;00406;People/10-53f;People/10-53f/130.csv
train;People;00407;People/10-53f;People/10-53f/131.csv
train;People;00408;People/10-53f;People/10-53f/132.csv
train;People;00410;People/10-53f;People/10-53f/134.csv
train;People;00412;People/10-53f;People/10-53f/136.csv
train;People;00413;People/10-53f;People/10-53f/137.csv
train;People;00414;People/10-53f;People/10-53f/138.csv
train;People;00418;People/10-53f;People/10-53f/142.csv
train;People;00420;People/10-53f;People/10-53f/144.csv
train;People;00424;People/10-53f;People/10-53f/148.csv
train;People;00425;People/10-53f;People/10-53f/149.csv
train;People;00428;People/10-53f;People/10-53f/152.csv
train;People;00429;People/10-53f;People/10-53f/153.csv
train;People;00431;People/10-53f;People/10-53f/155.csv
train;People;00432;People/10-53f;People/10-53f/156.csv
train;People;00434;People/10-53f;People/10-53f/158.csv
train;People;00435;People/10-53f;People/10-53f/159.csv
train;People;00437;People/10-53f;People/10-53f/161.csv
train;People;00441;People/10-53f;People/10-53f/165.csv
train;People;00442;People/10-53f;People/10-53f/166.csv
train;People;00443;People/10-53f;People/10-53f/167.csv
train;People;00445;People/10-53f;People/10-53f/169.csv
train;People;00447;People/10-53f;People/10-53f/171.csv
train;People;00449;People/10-53f;People/10-53f/173.csv
train;People;00450;People/10-53f;People/10-53f/174.csv
train;People;00451;People/10-53f;People/10-53f/175.csv
train;People;00452;People/10-53f;People/10-53f/176.csv
train;People;00455;People/10-53f;People/10-53f/179.csv
train;People;00456;People/10-53f;People/10-53f/180.csv
train;People;00457;People/10-53f;People/10-53f/181.csv
train;People;00458;People/10-53f;People/10-53f/182.csv
train;People;00459;People/10-53f;People/10-53f/183.csv
train;People;00460;People/10-53f;People/10-53f/184.csv
train;People;00461;People/10-53f;People/10-53f/185.csv
train;People;00462;People/10-53f;People/10-53f/186.csv
train;People;00464;People/10-53f;People/10-53f/188.csv
train;People;00465;People/10-53f;People/10-53f/189.csv
train;People;00467;People/10-53f;People/10-53f/191.csv
train;People;00468;People/10-53f;People/10-53f/192.csv
train;People;00471;People/10-53f;People/10-53f/195.csv
train;People;00475;People/10-53f;People/10-53f/199.csv
train;People;00476;People/10-53f;People/10-53f/200.csv
train;People;00478;People/10-53f;People/10-53f/202.csv
train;People;00481;People/10-53f;People/10-53f/205.csv
train;People;00482;People/10-53f;People/10-53f/206.csv
train;People;00483;People/10-53f;People/10-53f/207.csv
train;People;00484;People/10-53f;People/10-53f/208.csv
train;People;00485;People/10-53f;People/10-53f/209.csv
train;People;00489;People/10-53f;People/10-53f/213.csv
train;People;00490;People/10-53f;People/10-53f/214.csv
train;People;00491;People/10-53f;People/10-53f/215.csv
train;People;00493;People/10-53f;People/10-53f/217.csv
train;People;00494;People/10-53f;People/10-53f/218.csv
train;People;00495;People/10-53f;People/10-53f/219.csv
train;People;00496;People/10-53f;People/10-53f/220.csv
train;People;00499;People/10-53f;People/10-53f/223.csv
train;People;00500;People/10-53f;People/10-53f/224.csv
train;People;00501;People/10-53f;People/10-53f/225.csv
train;People;00503;People/10-53f;People/10-53f/227.csv
train;People;00505;People/10-53f;People/10-53f/229.csv
train;People;00508;People/10-53f;People/10-53f/232.csv
train;People;00509;People/10-53f;People/10-53f/233.csv
train;People;00511;People/10-53f;People/10-53f/235.csv
train;People;00513;People/10-53f;People/10-53f/237.csv
train;People;00514;People/10-53f;People/10-53f/238.csv
train;People;00515;People/10-53f;People/10-53f/239.csv
train;People;00516;People/10-53f;People/10-53f/240.csv
train;People;00517;People/10-53f;People/10-53f/241.csv
train;People;00518;People/10-53f;People/10-53f/242.csv
train;People;00520;People/10-53f;People/10-53f/244.csv
train;People;00521;People/10-53f;People/10-53f/245.csv
train;People;00522;People/10-53f;People/10-53f/246.csv
train;People;00523;People/10-53f;People/10-53f/247.csv
train;People;00524;People/10-53f;People/10-53f/248.csv
train;People;00525;People/10-53f;People/10-53f/249.csv
train;People;00526;People/10-53f;People/10-53f/250.csv
train;People;00527;People/10-53f;People/10-53f/251.csv
train;People;00529;People/10-53f;People/10-53f/253.csv
train;People;00530;People/10-53f;People/10-53f/254.csv
train;People;00532;People/10-53f;People/10-53f/256.csv
train;People;00533;People/10-53f;People/10-53f/257.csv
train;People;00537;People/10-53f;People/10-53f/261.csv
train;People;00538;People/10-53f;People/10-53f/262.csv
train;People;00540;People/10-53f;People/10-53f/264.csv
train;People;00541;People/10-53f;People/10-53f/265.csv
train;People;00542;People/10-53f;People/10-53f/266.csv
train;People;00543;People/10-53f;People/10-53f/267.csv
train;People;00546;People/10-53f;People/10-53f/270.csv
train;People;00547;People/10-53f;People/10-53f/271.csv
train;People;00548;People/10-53f;People/10-53f/272.csv
train;People;00551;People/10-53i;People/10-53i/001.csv
train;People;00552;People/10-53i;People/10-53i/002.csv
train;People;00553;People/10-53i;People/10-53i/003.csv
train;People;00555;People/10-53i;People/10-53i/005.csv
train;People;00557;People/10-53i;People/10-53i/007.csv
train;People;00558;People/10-53i;People/10-53i/008.csv
train;People;00559;People/10-53i;People/10-53i/009.csv
train;People;00560;People/10-53i;People/10-53i/010.csv
train;People;00561;People/10-53i;People/10-53i/011.csv
train;People;00563;People/10-53i;People/10-53i/013.csv
train;People;00564;People/10-53i;People/10-53i/014.csv
train;People;00567;People/10-53i;People/10-53i/017.csv
train;People;00568;People/10-53i;People/10-53i/018.csv
train;People;00569;People/10-53i;People/10-53i/019.csv
train;People;00570;People/10-53i;People/10-53i/020.csv
train;People;00571;People/10-53i;People/10-53i/021.csv
train;People;00572;People/10-53i;People/10-53i/022.csv
train;People;00573;People/10-53i;People/10-53i/023.csv
train;People;00574;People/10-53i;People/10-53i/024.csv
train;People;00575;People/10-53i;People/10-53i/025.csv
train;People;00576;People/10-53i;People/10-53i/026.csv
train;People;00579;People/10-53i;People/10-53i/029.csv
train;People;00580;People/10-53i;People/10-53i/030.csv
train;People;00581;People/10-53i;People/10-53i/031.csv
train;People;00582;People/10-53i;People/10-53i/032.csv
train;People;00583;People/10-53i;People/10-53i/033.csv
train;People;00584;People/10-53i;People/10-53i/034.csv
train;People;00588;People/10-53i;People/10-53i/038.csv
train;People;00589;People/10-53i;People/10-53i/039.csv
train;People;00591;People/10-53i;People/10-53i/041.csv
train;People;00592;People/10-53i;People/10-53i/042.csv
train;People;00593;People/10-53i;People/10-53i/043.csv
train;People;00594;People/10-53i;People/10-53i/044.csv
train;People;00595;People/10-53i;People/10-53i/045.csv
train;People;00596;People/10-53i;People/10-53i/046.csv
train;People;00597;People/10-53i;People/10-53i/047.csv
train;People;00598;People/10-53i;People/10-53i/048.csv
train;People;00601;People/10-53i;People/10-53i/051.csv
train;People;00602;People/10-53i;People/10-53i/052.csv
train;People;00603;People/10-53i;People/10-53i/053.csv
train;People;00604;People/10-53i;People/10-53i/054.csv
train;People;00607;People/10-53i;People/10-53i/057.csv
train;People;00608;People/10-53i;People/10-53i/058.csv
train;People;00609;People/10-53i;People/10-53i/059.csv
train;People;00610;People/10-53i;People/10-53i/060.csv
train;People;00611;People/10-53i;People/10-53i/061.csv
train;People;00613;People/10-53i;People/10-53i/063.csv
train;People;00615;People/10-53i;People/10-53i/065.csv
train;People;00616;People/10-53i;People/10-53i/066.csv
train;People;00617;People/10-53i;People/10-53i/067.csv
train;People;00618;People/10-53i;People/10-53i/068.csv
train;People;00619;People/10-53i;People/10-53i/069.csv
train;People;00620;People/10-53i;People/10-53i/070.csv
train;People;00622;People/10-53i;People/10-53i/072.csv
train;People;00624;People/10-53i;People/10-53i/074.csv
train;People;00629;People/10-53i;People/10-53i/079.csv
train;People;00630;People/10-53i;People/10-53i/080.csv
train;People;00631;People/10-53i;People/10-53i/081.csv
train;People;00632;People/10-53i;People/10-53i/082.csv
train;People;00633;People/10-53i;People/10-53i/083.csv
train;People;00634;People/10-53i;People/10-53i/084.csv
train;People;00635;People/10-53i;People/10-53i/085.csv
train;People;00636;People/10-53i;People/10-53i/086.csv
train;People;00637;People/10-53i;People/10-53i/087.csv
train;People;00638;People/10-53i;People/10-53i/088.csv
train;People;00639;People/10-53i;People/10-53i/089.csv
train;People;00640;People/10-53i;People/10-53i/090.csv
train;People;00641;People/10-53i;People/10-53i/091.csv
train;People;00644;People/10-53i;People/10-53i/094.csv
train;People;00645;People/10-53i;People/10-53i/095.csv
train;People;00646;People/10-53i;People/10-53i/096.csv
train;People;00647;People/10-53i;People/10-53i/097.csv
train;People;00648;People/10-53i;People/10-53i/098.csv
train;People;00649;People/10-53i;People/10-53i/099.csv
train;People;00650;People/10-53i;People/10-53i/100.csv
train;People;00651;People/10-53i;People/10-53i/101.csv
train;People;00652;People/10-53i;People/10-53i/102.csv
train;People;00657;People/10-53i;People/10-53i/107.csv
train;People;00658;People/10-53i;People/10-53i/108.csv
train;People;00659;People/10-53i;People/10-53i/109.csv
train;People;00660;People/10-53i;People/10-53i/110.csv
train;People;00661;People/10-53i;People/10-53i/111.csv
train;People;00662;People/10-53i;People/10-53i/112.csv
train;People;00664;People/10-53i;People/10-53i/114.csv
train;People;00665;People/10-53i;People/10-53i/115.csv
train;People;00666;People/10-53i;People/10-53i/116.csv
train;People;00667;People/10-53i;People/10-53i/117.csv
train;People;00668;People/10-53i;People/10-53i/118.csv
train;People;00669;People/10-53i;People/10-53i/119.csv
train;People;00670;People/10-53i;People/10-53i/120.csv
train;People;00671;People/10-53i;People/10-53i/121.csv
train;People;00672;People/10-53i;People/10-53i/122.csv
train;People;00674;People/10-53i;People/10-53i/124.csv
train;People;00675;People/11-00f;People/11-00f/001.csv
train;People;00676;People/11-00f;People/11-00f/002.csv
train;People;00679;People/11-00f;People/11-00f/005.csv
train;People;00680;People/11-00f;People/11-00f/006.csv
train;People;00681;People/11-00f;People/11-00f/007.csv
train;People;00683;People/11-00f;People/11-00f/009.csv
train;People;00685;People/11-00f;People/11-00f/011.csv
train;People;00686;People/11-00f;People/11-00f/012.csv
train;People;00687;People/11-00f;People/11-00f/013.csv
train;People;00688;People/11-00f;People/11-00f/014.csv
train;People;00689;People/11-00f;People/11-00f/015.csv
train;People;00690;People/11-00f;People/11-00f/016.csv
train;People;00691;People/11-00f;People/11-00f/017.csv
train;People;00693;People/11-00f;People/11-00f/019.csv
train;People;00694;People/11-00f;People/11-00f/020.csv
train;People;00695;People/11-00f;People/11-00f/021.csv
train;People;00696;People/11-00f;People/11-00f/022.csv
train;People;00698;People/11-00f;People/11-00f/024.csv
train;People;00699;People/11-00f;People/11-00f/025.csv
train;People;00700;People/11-00f;People/11-00f/026.csv
train;People;00701;People/11-00f;People/11-00f/027.csv
train;People;00703;People/11-00f;People/11-00f/029.csv
train;People;00704;People/11-00f;People/11-00f/030.csv
train;People;00705;People/11-00f;People/11-00f/031.csv
train;People;00708;People/11-00f;People/11-00f/034.csv
train;People;00709;People/11-00f;People/11-00f/035.csv
train;People;00710;People/11-00f;People/11-00f/036.csv
train;People;00714;People/11-00f;People/11-00f/040.csv
train;People;00715;People/11-00f;People/11-00f/041.csv
train;People;00716;People/11-00f;People/11-00f/042.csv
train;People;00717;People/11-00f;People/11-00f/043.csv
train;People;00718;People/11-00f;People/11-00f/044.csv
train;People;00719;People/11-00f;People/11-00f/045.csv
train;People;00720;People/11-00f;People/11-00f/046.csv
train;People;00721;People/11-00f;People/11-00f/047.csv
train;People;00723;People/11-00f;People/11-00f/049.csv
train;People;00724;People/11-00f;People/11-00f/050.csv
train;People;00726;People/11-00f;People/11-00f/052.csv
train;People;00727;People/11-00f;People/11-00f/053.csv
train;People;00728;People/11-00f;People/11-00f/054.csv
train;People;00729;People/11-00f;People/11-00f/055.csv
train;People;00730;People/11-00f;People/11-00f/056.csv
train;People;00732;People/11-00f;People/11-00f/058.csv
train;People;00733;People/11-00f;People/11-00f/059.csv
train;People;00736;People/11-00f;People/11-00f/062.csv
train;People;00739;People/11-00f;People/11-00f/065.csv
train;People;00740;People/11-00f;People/11-00f/066.csv
train;People;00741;People/11-00f;People/11-00f/067.csv
train;People;00742;People/11-00f;People/11-00f/068.csv
train;People;00745;People/11-00f;People/11-00f/071.csv
train;People;00746;People/11-00f;People/11-00f/072.csv
train;People;00750;People/11-00f;People/11-00f/076.csv
train;People;00751;People/11-00f;People/11-00f/077.csv
train;People;00754;People/11-00f;People/11-00f/080.csv
train;People;00755;People/11-00f;People/11-00f/081.csv
train;People;00758;People/11-00f;People/11-00f/084.csv
train;People;00759;People/11-00f;People/11-00f/085.csv
train;People;00760;People/11-00f;People/11-00f/086.csv
train;People;00761;People/11-00f;People/11-00f/087.csv
train;People;00762;People/11-00f;People/11-00f/088.csv
train;People;00763;People/11-00f;People/11-00f/089.csv
train;People;00767;People/11-00f;People/11-00f/093.csv
train;People;00768;People/11-00f;People/11-00f/094.csv
train;People;00769;People/11-00f;People/11-00f/095.csv
train;People;00770;People/11-00f;People/11-00f/096.csv
train;People;00771;People/11-00f;People/11-00f/097.csv
train;People;00772;People/11-00f;People/11-00f/098.csv
train;People;00773;People/11-00f;People/11-00f/099.csv
train;People;00774;People/11-00f;People/11-00f/100.csv
train;People;00775;People/11-00f;People/11-00f/101.csv
train;People;00776;People/11-00f;People/11-00f/102.csv
train;People;00778;People/11-00f;People/11-00f/104.csv
train;People;00779;People/11-00f;People/11-00f/105.csv
train;People;00780;People/11-00f;People/11-00f/106.csv
train;People;00781;People/11-00f;People/11-00f/107.csv
train;People;00782;People/11-00f;People/11-00f/108.csv
train;People;00785;People/11-00f;People/11-00f/111.csv
train;People;00786;People/11-00f;People/11-00f/112.csv
train;People;00787;People/11-00f;People/11-00f/113.csv
train;People;00789;People/11-00f;People/11-00f/115.csv
train;People;00791;People/11-00f;People/11-00f/117.csv
train;People;00792;People/11-00f;People/11-00f/118.csv
train;People;00793;People/11-00f;People/11-00f/119.csv
train;People;00794;People/11-00f;People/11-00f/120.csv
train;People;00796;People/11-00f;People/11-00f/122.csv
train;People;00797;People/11-00i;People/11-00i/001.csv
train;People;00798;People/11-00i;People/11-00i/002.csv
train;People;00802;People/11-00i;People/11-00i/006.csv
train;People;00803;People/11-00i;People/11-00i/007.csv
train;People;00804;People/11-00i;People/11-00i/008.csv
train;People;00805;People/11-00i;People/11-00i/009.csv
train;People;00807;People/11-00i;People/11-00i/011.csv
train;People;00814;People/11-00i;People/11-00i/018.csv
train;People;00815;People/11-00i;People/11-00i/019.csv
train;People;00816;People/11-00i;People/11-00i/020.csv
train;People;00817;People/11-00i;People/11-00i/021.csv
train;People;00818;People/11-00i;People/11-00i/022.csv
train;People;00819;People/11-00i;People/11-00i/023.csv
train;People;00820;People/11-00i;People/11-00i/024.csv
train;People;00821;People/11-00i;People/11-00i/025.csv
train;People;00822;People/11-00i;People/11-00i/026.csv
train;People;00823;People/11-00i;People/11-00i/027.csv
train;People;00824;People/11-00i;People/11-00i/028.csv
train;People;00825;People/11-00i;People/11-00i/029.csv
train;People;00826;People/11-00i;People/11-00i/030.csv
train;People;00827;People/11-00i;People/11-00i/031.csv
train;People;00828;People/11-00i;People/11-00i/032.csv
train;People;00831;People/11-00i;People/11-00i/035.csv
train;People;00832;People/11-00i;People/11-00i/036.csv
train;People;00833;People/11-00i;People/11-00i/037.csv
train;People;00836;People/11-00i;People/11-00i/040.csv
train;People;00837;People/11-00i;People/11-00i/041.csv
train;People;00838;People/11-00i;People/11-00i/042.csv
train;People;00839;People/11-00i;People/11-00i/043.csv
train;People;00840;People/11-00i;People/11-00i/044.csv
train;People;00841;People/11-00i;People/11-00i/045.csv
train;People;00842;People/11-00i;People/11-00i/046.csv
train;People;00844;People/11-00i;People/11-00i/048.csv
train;People;00845;People/11-00i;People/11-00i/049.csv
train;People;00846;People/11-00i;People/11-00i/050.csv
train;People;00847;People/11-00i;People/11-00i/051.csv
train;People;00848;People/11-00i;People/11-00i/052.csv
train;People;00850;People/11-00i;People/11-00i/054.csv
train;People;00851;People/11-00i;People/11-00i/055.csv
train;People;00852;People/11-00i;People/11-00i/056.csv
train;People;00853;People/11-00i;People/11-00i/057.csv
train;People;00854;People/11-00i;People/11-00i/058.csv
train;People;00855;People/11-00i;People/11-00i/059.csv
train;People;00856;People/11-00i;People/11-00i/060.csv
train;People;00857;People/11-00i;People/11-00i/061.csv
train;People;00858;People/11-00i;People/11-00i/062.csv
train;People;00859;People/11-00i;People/11-00i/063.csv
train;People;00860;People/11-00i;People/11-00i/064.csv
train;People;00861;People/11-00i;People/11-00i/065.csv
train;People;00863;People/11-00i;People/11-00i/067.csv
train;People;00864;People/11-00i;People/11-00i/068.csv
train;People;00867;People/11-00i;People/11-00i/071.csv
train;People;00868;People/11-00i;People/11-00i/072.csv
train;People;00869;People/11-00i;People/11-00i/073.csv
train;People;00870;People/11-00i;People/11-00i/074.csv
train;People;00871;People/11-00i;People/11-00i/075.csv
train;People;00872;People/11-00i;People/11-00i/076.csv
train;People;00873;People/11-00i;People/11-00i/077.csv
train;People;00874;People/11-00i;People/11-00i/078.csv
train;People;00875;People/11-00i;People/11-00i/079.csv
train;People;00876;People/11-00i;People/11-00i/080.csv
train;People;00877;People/11-00i;People/11-00i/081.csv
train;People;00879;People/11-00i;People/11-00i/083.csv
train;People;00881;People/11-00i;People/11-00i/085.csv
train;People;00883;People/11-00i;People/11-00i/087.csv
train;People;00884;People/11-00i;People/11-00i/088.csv
train;People;00885;People/11-00i;People/11-00i/089.csv
train;People;00886;People/11-00i;People/11-00i/090.csv
train;People;00887;People/11-00i;People/11-00i/091.csv
train;People;00888;People/11-00i;People/11-00i/092.csv
train;People;00889;People/11-00i;People/11-00i/093.csv
train;People;00891;People/11-00i;People/11-00i/095.csv
train;People;00892;People/11-00i;People/11-00i/096.csv
train;People;00893;People/11-00i;People/11-00i/097.csv
train;People;00895;People/11-00i;People/11-00i/099.csv
train;People;00896;People/11-00i;People/11-00i/100.csv
train;People;00898;People/11-00i;People/11-00i/102.csv
train;People;00899;People/11-00i;People/11-00i/103.csv
train;People;00900;People/11-00i;People/11-00i/104.csv
train;People;00901;People/11-00i;People/11-00i/105.csv
train;People;00902;People/11-00i;People/11-00i/106.csv
train;People;00903;People/11-00i;People/11-00i/107.csv
train;People;00905;People/11-00i;People/11-00i/109.csv
train;People;00906;People/11-00i;People/11-00i/110.csv
train;People;00907;People/11-00i;People/11-00i/111.csv
train;People;00909;People/11-00i;People/11-00i/113.csv
train;People;00910;People/11-00i;People/11-00i/114.csv
train;People;00911;People/11-00i;People/11-00i/115.csv
train;People;00913;People/11-00i;People/11-00i/117.csv
train;People;00914;People/11-00i;People/11-00i/118.csv
train;People;00915;People/11-00i;People/11-00i/119.csv
train;People;00917;People/11-00i;People/11-00i/121.csv
train;People;00918;People/11-00i;People/11-00i/122.csv
train;People;00919;People/11-00i;People/11-00i/123.csv
train;People;00920;People/11-00i;People/11-00i/124.csv
train;People;00921;People/11-00i;People/11-00i/125.csv
train;People;00923;People/11-00i;People/11-00i/127.csv
train;People;00924;People/11-00i;People/11-00i/128.csv
train;People;00925;People/11-00i;People/11-00i/129.csv
train;People;00929;People/11-00i;People/11-00i/133.csv
train;People;00930;People/11-00i;People/11-00i/134.csv
train;People;00931;People/11-00i;People/11-00i/135.csv
train;People;00934;People/11-00i;People/11-00i/138.csv
train;People;00935;People/11-00i;People/11-00i/139.csv
train;People;00936;People/11-00i;People/11-00i/140.csv
train;People;00937;People/11-00i;People/11-00i/141.csv
train;People;00939;People/11-00i;People/11-00i/143.csv
train;People;00940;People/11-00i;People/11-00i/144.csv
train;People;00942;People/11-00i;People/11-00i/146.csv
train;People;00943;People/11-00i;People/11-00i/147.csv
train;People;00944;People/11-00i;People/11-00i/148.csv
train;People;00946;People/11-00i;People/11-00i/150.csv
train;People;00947;People/11-00i;People/11-00i/151.csv
train;People;00949;People/11-00i;People/11-00i/153.csv
train;People;00950;People/11-00i;People/11-00i/154.csv
train;People;00951;People/11-00i;People/11-00i/155.csv
train;People;00952;People/11-00i;People/11-00i/156.csv
train;People;00954;People/11-00i;People/11-00i/158.csv
train;People;00955;People/11-00i;People/11-00i/159.csv
train;People;00956;People/11-00i;People/11-00i/160.csv
train;People;00957;People/11-00i;People/11-00i/161.csv
train;People;00959;People/11-00i;People/11-00i/163.csv
train;People;00960;People/11-00i;People/11-00i/164.csv
train;People;00962;People/11-00i;People/11-00i/166.csv
train;People;00963;People/11-00i;People/11-00i/167.csv
train;People;00964;People/11-00i;People/11-00i/168.csv
train;People;00966;People/11-00i;People/11-00i/170.csv
train;People;00967;People/11-00i;People/11-00i/171.csv
train;People;00968;People/11-00i;People/11-00i/172.csv
train;People;00969;People/11-00i;People/11-00i/173.csv
train;People;00972;People/11-09f;People/11-09f/001.csv
train;People;00973;People/11-09f;People/11-09f/002.csv
train;People;00974;People/11-09f;People/11-09f/003.csv
train;People;00975;People/11-09f;People/11-09f/004.csv
train;People;00976;People/11-09f;People/11-09f/005.csv
train;People;00977;People/11-09f;People/11-09f/006.csv
train;People;00980;People/11-09f;People/11-09f/009.csv
train;People;00981;People/11-09f;People/11-09f/010.csv
train;People;00982;People/11-09f;People/11-09f/011.csv
train;People;00984;People/11-09f;People/11-09f/013.csv
train;People;00985;People/11-09f;People/11-09f/014.csv
train;People;00986;People/11-09f;People/11-09f/015.csv
train;People;00987;People/11-09f;People/11-09f/016.csv
train;People;00988;People/11-09f;People/11-09f/017.csv
train;People;00989;People/11-09f;People/11-09f/018.csv
train;People;00990;People/11-09f;People/11-09f/019.csv
train;People;00991;People/11-09f;People/11-09f/020.csv
train;People;00992;People/11-09f;People/11-09f/021.csv
train;People;00993;People/11-09f;People/11-09f/022.csv
train;People;00994;People/11-09f;People/11-09f/023.csv
train;People;00996;People/11-09f;People/11-09f/025.csv
train;People;00998;People/11-09f;People/11-09f/027.csv
train;People;00999;People/11-09f;People/11-09f/028.csv
train;People;01000;People/11-09f;People/11-09f/029.csv
train;People;01001;People/11-09f;People/11-09f/030.csv
train;People;01002;People/11-09f;People/11-09f/031.csv
train;People;01004;People/11-09f;People/11-09f/033.csv
train;People;01005;People/11-09f;People/11-09f/034.csv
train;People;01007;People/11-09f;People/11-09f/036.csv
train;People;01008;People/11-09f;People/11-09f/037.csv
train;People;01009;People/11-09f;People/11-09f/038.csv
train;People;01010;People/11-09f;People/11-09f/039.csv
train;People;01012;People/11-09f;People/11-09f/041.csv
train;People;01013;People/11-09f;People/11-09f/042.csv
train;People;01014;People/11-09f;People/11-09f/043.csv
train;People;01015;People/11-09f;People/11-09f/044.csv
train;People;01016;People/11-09f;People/11-09f/045.csv
train;People;01017;People/11-09f;People/11-09f/046.csv
train;People;01018;People/11-09f;People/11-09f/047.csv
train;People;01020;People/11-09f;People/11-09f/049.csv
train;People;01022;People/11-09f;People/11-09f/051.csv
train;People;01024;People/11-09f;People/11-09f/053.csv
train;People;01027;People/11-09f;People/11-09f/056.csv
train;People;01029;People/11-09f;People/11-09f/058.csv
train;People;01030;People/11-09f;People/11-09f/059.csv
train;People;01031;People/11-09f;People/11-09f/060.csv
train;People;01032;People/11-09f;People/11-09f/061.csv
train;People;01036;People/11-09f;People/11-09f/065.csv
train;People;01037;People/11-09f;People/11-09f/066.csv
train;People;01038;People/11-09f;People/11-09f/067.csv
train;People;01041;People/11-09f;People/11-09f/070.csv
train;People;01044;People/11-09f;People/11-09f/073.csv
train;People;01046;People/11-09f;People/11-09f/075.csv
train;People;01049;People/11-09f;People/11-09f/078.csv
train;People;01051;People/11-09f;People/11-09f/080.csv
train;People;01052;People/11-09f;People/11-09f/081.csv
train;People;01054;People/11-09f;People/11-09f/083.csv
train;People;01055;People/11-09f;People/11-09f/084.csv
train;People;01059;People/11-09f;People/11-09f/088.csv
train;People;01060;People/11-09f;People/11-09f/089.csv
train;People;01061;People/11-09f;People/11-09f/090.csv
train;People;01063;People/11-09f;People/11-09f/092.csv
train;People;01064;People/11-09f;People/11-09f/093.csv
train;People;01065;People/11-09f;People/11-09f/094.csv
train;People;01066;People/11-09f;People/11-09f/095.csv
train;People;01067;People/11-09f;People/11-09f/096.csv
train;People;01068;People/11-09f;People/11-09f/097.csv
train;People;01069;People/11-09f;People/11-09f/098.csv
train;People;01070;People/11-09f;People/11-09f/099.csv
train;People;01071;People/11-09f;People/11-09f/100.csv
train;People;01072;People/11-09f;People/11-09f/101.csv
train;People;01073;People/11-09f;People/11-09f/102.csv
train;People;01077;People/11-09f;People/11-09f/106.csv
train;People;01078;People/11-09f;People/11-09f/107.csv
train;People;01081;People/11-09f;People/11-09f/110.csv
train;People;01082;People/11-09f;People/11-09f/111.csv
train;People;01083;People/11-09f;People/11-09f/112.csv
train;People;01086;People/11-09f;People/11-09f/115.csv
train;People;01088;People/11-09f;People/11-09f/117.csv
train;People;01089;People/11-09f;People/11-09f/118.csv
train;People;01090;People/11-09f;People/11-09f/119.csv
train;People;01092;People/11-09f;People/11-09f/121.csv
train;People;01094;People/11-09f;People/11-09f/123.csv
train;People;01097;People/11-09f;People/11-09f/126.csv
train;People;01099;People/11-09f;People/11-09f/128.csv
train;People;01100;People/11-09f;People/11-09f/129.csv
train;People;01101;People/11-09f;People/11-09f/130.csv
train;People;01103;People/11-09f;People/11-09f/132.csv
train;People;01105;People/11-09f;People/11-09f/134.csv
train;People;01106;People/11-09f;People/11-09f/135.csv
train;People;01107;People/11-09f;People/11-09f/136.csv
train;People;01108;People/11-09f;People/11-09f/137.csv
train;People;01111;People/11-09f;People/11-09f/140.csv
train;People;01112;People/11-09f;People/11-09f/141.csv
train;People;01114;People/11-09f;People/11-09f/143.csv
train;People;01115;People/11-09f;People/11-09f/144.csv
train;People;01117;People/11-09f;People/11-09f/146.csv
train;People;01119;People/11-09f;People/11-09f/148.csv
train;People;01121;People/11-09f;People/11-09f/150.csv
train;People;01123;People/11-09f;People/11-09f/152.csv
train;People;01124;People/11-09f;People/11-09f/153.csv
train;People;01125;People/11-09f;People/11-09f/154.csv
train;People;01126;People/11-09f;People/11-09f/155.csv
train;People;01127;People/11-09f;People/11-09f/156.csv
train;People;01128;People/11-09f;People/11-09f/157.csv
train;People;01131;People/11-09f;People/11-09f/160.csv
train;People;01132;People/11-09f;People/11-09f/161.csv
train;People;01133;People/11-09f;People/11-09f/162.csv
train;People;01134;People/11-09f;People/11-09f/163.csv
train;People;01135;People/11-09f;People/11-09f/164.csv
train;People;01136;People/11-09f;People/11-09f/165.csv
train;People;01137;People/11-09f;People/11-09f/166.csv
train;People;01138;People/11-09f;People/11-09f/167.csv
train;People;01139;People/11-09f;People/11-09f/168.csv
train;People;01140;People/11-09f;People/11-09f/169.csv
train;People;01141;People/11-09f;People/11-09f/170.csv
train;People;01142;People/11-09f;People/11-09f/171.csv
train;People;01144;People/11-09f;People/11-09f/173.csv
train;People;01146;People/11-09f;People/11-09f/175.csv
train;People;01147;People/11-09f;People/11-09f/176.csv
train;People;01148;People/11-09f;People/11-09f/177.csv
train;People;01149;People/11-09f;People/11-09f/178.csv
train;People;01151;People/11-09f;People/11-09f/180.csv
train;People;01152;People/11-09f;People/11-09f/181.csv
train;People;01153;People/11-09f;People/11-09f/182.csv
train;People;01155;People/11-09f;People/11-09f/184.csv
train;People;01156;People/11-09f;People/11-09f/185.csv
train;People;01157;People/11-09f;People/11-09f/186.csv
train;People;01158;People/11-09f;People/11-09f/187.csv
train;People;01160;People/11-09f;People/11-09f/189.csv
train;People;01161;People/11-09f;People/11-09f/190.csv
train;People;01163;People/11-09f;People/11-09f/192.csv
train;People;01165;People/11-09f;People/11-09f/194.csv
train;People;01166;People/11-09i;People/11-09i/001.csv
train;People;01167;People/11-09i;People/11-09i/002.csv
train;People;01168;People/11-09i;People/11-09i/003.csv
train;People;01170;People/11-09i;People/11-09i/005.csv
train;People;01172;People/11-09i;People/11-09i/007.csv
train;People;01178;People/11-09i;People/11-09i/013.csv
train;People;01179;People/11-09i;People/11-09i/014.csv
train;People;01180;People/11-09i;People/11-09i/015.csv
train;People;01181;People/11-09i;People/11-09i/016.csv
train;People;01183;People/11-09i;People/11-09i/018.csv
train;People;01185;People/11-09i;People/11-09i/020.csv
train;People;01186;People/11-09i;People/11-09i/021.csv
train;People;01188;People/11-09i;People/11-09i/023.csv
train;People;01190;People/11-09i;People/11-09i/025.csv
train;People;01191;People/11-09i;People/11-09i/026.csv
train;People;01192;People/11-09i;People/11-09i/027.csv
train;People;01197;People/11-09i;People/11-09i/032.csv
train;People;01199;People/11-09i;People/11-09i/034.csv
train;People;01201;People/11-09i;People/11-09i/036.csv
train;People;01202;People/11-09i;People/11-09i/037.csv
train;People;01203;People/11-09i;People/11-09i/038.csv
train;People;01206;People/11-09i;People/11-09i/041.csv
train;People;01207;People/11-09i;People/11-09i/042.csv
train;People;01208;People/11-09i;People/11-09i/043.csv
train;People;01209;People/11-09i;People/11-09i/044.csv
train;People;01212;People/11-09i;People/11-09i/047.csv
train;People;01214;People/11-09i;People/11-09i/049.csv
train;People;01215;People/11-09i;People/11-09i/050.csv
train;People;01217;People/11-09i;People/11-09i/052.csv
train;People;01218;People/11-09i;People/11-09i/053.csv
train;People;01219;People/11-09i;People/11-09i/054.csv
train;People;01223;People/11-09i;People/11-09i/058.csv
train;People;01227;People/11-09i;People/11-09i/062.csv
train;People;01228;People/11-09i;People/11-09i/063.csv
train;People;01229;People/11-09i;People/11-09i/064.csv
train;People;01230;People/11-09i;People/11-09i/065.csv
train;People;01231;People/11-09i;People/11-09i/066.csv
train;People;01232;People/11-09i;People/11-09i/067.csv
train;People;01233;People/11-09i;People/11-09i/068.csv
train;People;01234;People/11-09i;People/11-09i/069.csv
train;People;01235;People/11-09i;People/11-09i/070.csv
train;People;01237;People/11-09i;People/11-09i/072.csv
train;People;01238;People/11-09i;People/11-09i/073.csv
train;People;01239;People/11-09i;People/11-09i/074.csv
train;People;01240;People/11-09i;People/11-09i/075.csv
train;People;01241;People/11-09i;People/11-09i/076.csv
train;People;01242;People/11-09i;People/11-09i/077.csv
train;People;01244;People/11-09i;People/11-09i/079.csv
train;People;01246;People/11-09i;People/11-09i/081.csv
train;People;01247;People/11-09i;People/11-09i/082.csv
train;People;01248;People/11-09i;People/11-09i/083.csv
train;People;01249;People/11-09i;People/11-09i/084.csv
train;People;01250;People/11-09i;People/11-09i/085.csv
train;People;01251;People/11-09i;People/11-09i/086.csv
train;People;01252;People/11-09i;People/11-09i/087.csv
train;People;01253;People/11-09i;People/11-09i/088.csv
train;People;01255;People/11-09i;People/11-09i/090.csv
train;People;01256;People/11-09i;People/11-09i/091.csv
train;People;01257;People/11-09i;People/11-09i/092.csv
train;People;01258;People/11-09i;People/11-09i/093.csv
train;People;01259;People/11-09i;People/11-09i/094.csv
train;People;01260;People/11-09i;People/11-09i/095.csv
train;People;01263;People/11-09i;People/11-09i/098.csv
train;People;01265;People/11-09i;People/11-09i/100.csv
train;People;01266;People/11-09i;People/11-09i/101.csv
train;People;01267;People/11-09i;People/11-09i/102.csv
train;People;01268;People/11-09i;People/11-09i/103.csv
train;People;01270;People/11-09i;People/11-09i/105.csv
train;People;01271;People/11-09i;People/11-09i/106.csv
train;People;01272;People/11-09i;People/11-09i/107.csv
train;People;01274;People/11-09i;People/11-09i/109.csv
train;People;01275;People/11-09i;People/11-09i/110.csv
train;People;01276;People/11-09i;People/11-09i/111.csv
train;People;01277;People/11-09i;People/11-09i/112.csv
train;People;01278;People/11-09i;People/11-09i/113.csv
train;People;01279;People/11-09i;People/11-09i/114.csv
train;People;01280;People/11-09i;People/11-09i/115.csv
train;People;01281;People/11-09i;People/11-09i/116.csv
train;People;01283;People/11-09i;People/11-09i/118.csv
train;People;01284;People/11-09i;People/11-09i/119.csv
train;People;01285;People/11-09i;People/11-09i/120.csv
train;People;01286;People/11-09i;People/11-09i/121.csv
train;People;01287;People/11-09i;People/11-09i/122.csv
train;People;01289;People/11-09i;People/11-09i/124.csv
train;People;01290;People/11-09i;People/11-09i/125.csv
train;People;01291;People/11-09i;People/11-09i/126.csv
train;People;01292;People/11-09i;People/11-09i/127.csv
train;People;01293;People/11-09i;People/11-09i/128.csv
train;People;01294;People/11-09i;People/11-09i/129.csv
train;People;01297;People/11-09i;People/11-09i/132.csv
train;People;01299;People/11-09i;People/11-09i/134.csv
train;People;01300;People/11-09i;People/11-09i/135.csv
train;People;01301;People/11-09i;People/11-09i/136.csv
train;People;01302;People/11-09i;People/11-09i/137.csv
train;People;01304;People/11-09i;People/11-09i/139.csv
train;People;01305;People/11-09i;People/11-09i/140.csv
train;People;01307;People/11-09i;People/11-09i/142.csv
train;People;01308;People/11-09i;People/11-09i/143.csv
train;People;01309;People/11-09i;People/11-09i/144.csv
train;People;01310;People/11-09i;People/11-09i/145.csv
train;People;01312;People/11-09i;People/11-09i/147.csv
train;People;01313;People/11-09i;People/11-09i/148.csv
train;People;01314;People/11-09i;People/11-09i/149.csv
train;People;01315;People/11-09i;People/11-09i/150.csv
train;People;01317;People/11-09i;People/11-09i/152.csv
train;People;01318;People/11-09i;People/11-09i/153.csv
train;People;01319;People/11-09i;People/11-09i/154.csv
train;People;01321;People/11-09i;People/11-09i/156.csv
train;People;01325;People/11-09i;People/11-09i/160.csv
train;People;01326;People/11-09i;People/11-09i/161.csv
train;People;01327;People/11-09i;People/11-09i/162.csv
train;People;01328;People/11-09i;People/11-09i/163.csv
train;People;01330;People/11-09i;People/11-09i/165.csv
train;People;01332;People/11-09i;People/11-09i/167.csv
train;People;01333;People/11-09i;People/11-09i/168.csv
train;People;01334;People/11-09i;People/11-09i/169.csv
train;People;01335;People/11-09i;People/11-09i/170.csv
train;People;01337;People/11-09i;People/11-09i/172.csv
train;People;01338;People/11-17f;People/11-17f/001.csv
train;People;01339;People/11-17f;People/11-17f/002.csv
train;People;01342;People/11-17f;People/11-17f/005.csv
train;People;01343;People/11-17f;People/11-17f/006.csv
train;People;01344;People/11-17f;People/11-17f/007.csv
train;People;01347;People/11-17f;People/11-17f/010.csv
train;People;01348;People/11-17f;People/11-17f/011.csv
train;People;01349;People/11-17f;People/11-17f/012.csv
train;People;01350;People/11-17f;People/11-17f/013.csv
train;People;01354;People/11-17f;People/11-17f/017.csv
train;People;01356;People/11-17f;People/11-17f/019.csv
train;People;01357;People/11-17f;People/11-17f/020.csv
train;People;01359;People/11-17f;People/11-17f/022.csv
train;People;01360;People/11-17f;People/11-17f/023.csv
train;People;01362;People/11-17f;People/11-17f/025.csv
train;People;01364;People/11-17f;People/11-17f/027.csv
train;People;01365;People/11-17f;People/11-17f/028.csv
train;People;01366;People/11-17f;People/11-17f/029.csv
train;People;01367;People/11-17f;People/11-17f/030.csv
train;People;01368;People/11-17f;People/11-17f/031.csv
train;People;01369;People/11-17f;People/11-17f/032.csv
train;People;01370;People/11-17f;People/11-17f/033.csv
train;People;01377;People/11-17f;People/11-17f/040.csv
train;People;01378;People/11-17f;People/11-17f/041.csv
train;People;01379;People/11-17f;People/11-17f/042.csv
train;People;01381;People/11-17f;People/11-17f/044.csv
train;People;01382;People/11-17f;People/11-17f/045.csv
train;People;01383;People/11-17f;People/11-17f/046.csv
train;People;01385;People/11-17f;People/11-17f/048.csv
train;People;01387;People/11-17f;People/11-17f/050.csv
train;People;01388;People/11-17f;People/11-17f/051.csv
train;People;01389;People/11-17f;People/11-17f/052.csv
train;People;01390;People/11-17f;People/11-17f/053.csv
train;People;01391;People/11-17f;People/11-17f/054.csv
train;People;01392;People/11-17f;People/11-17f/055.csv
train;People;01393;People/11-17f;People/11-17f/056.csv
train;People;01395;People/11-17f;People/11-17f/058.csv
train;People;01396;People/11-17f;People/11-17f/059.csv
train;People;01397;People/11-17f;People/11-17f/060.csv
train;People;01399;People/11-17f;People/11-17f/062.csv
train;People;01400;People/11-17f;People/11-17f/063.csv
train;People;01402;People/11-17f;People/11-17f/065.csv
train;People;01403;People/11-17f;People/11-17f/066.csv
train;People;01404;People/11-17f;People/11-17f/067.csv
train;People;01405;People/11-17f;People/11-17f/068.csv
train;People;01409;People/11-17f;People/11-17f/072.csv
train;People;01410;People/11-17f;People/11-17f/073.csv
train;People;01414;People/11-17f;People/11-17f/077.csv
train;People;01416;People/11-17f;People/11-17f/079.csv
train;People;01418;People/11-17f;People/11-17f/081.csv
train;People;01419;People/11-17f;People/11-17f/082.csv
train;People;01423;People/11-17f;People/11-17f/086.csv
train;People;01425;People/11-17f;People/11-17f/088.csv
train;People;01428;People/11-17f;People/11-17f/091.csv
train;People;01429;People/11-17f;People/11-17f/092.csv
train;People;01430;People/11-17f;People/11-17f/093.csv
train;People;01432;People/11-17f;People/11-17f/095.csv
train;People;01433;People/11-17f;People/11-17f/096.csv
train;People;01435;People/11-17f;People/11-17f/098.csv
train;People;01436;People/11-17f;People/11-17f/099.csv
train;People;01438;People/11-17f;People/11-17f/101.csv
train;People;01440;People/11-17f;People/11-17f/103.csv
train;People;01441;People/11-17f;People/11-17f/104.csv
train;People;01442;People/11-17f;People/11-17f/105.csv
train;People;01443;People/11-17f;People/11-17f/106.csv
train;People;01445;People/11-17f;People/11-17f/108.csv
train;People;01446;People/11-17f;People/11-17f/109.csv
train;People;01448;People/11-17f;People/11-17f/111.csv
train;People;01449;People/11-17f;People/11-17f/112.csv
train;People;01450;People/11-17f;People/11-17f/113.csv
train;People;01451;People/11-17f;People/11-17f/114.csv
train;People;01454;People/11-17f;People/11-17f/117.csv
train;People;01456;People/11-17f;People/11-17f/119.csv
train;People;01457;People/11-17f;People/11-17f/120.csv
train;People;01458;People/11-17f;People/11-17f/121.csv
train;People;01459;People/11-17f;People/11-17f/122.csv
train;People;01460;People/11-17f;People/11-17f/123.csv
train;People;01461;People/11-17f;People/11-17f/124.csv
train;People;01462;People/11-17f;People/11-17f/125.csv
train;People;01463;People/11-17f;People/11-17f/126.csv
train;People;01464;People/11-17f;People/11-17f/127.csv
train;People;01465;People/11-17f;People/11-17f/128.csv
train;People;01467;People/11-17f;People/11-17f/130.csv
train;People;01470;People/11-17f;People/11-17f/133.csv
train;People;01471;People/11-17f;People/11-17f/134.csv
train;People;01473;People/11-17f;People/11-17f/136.csv
train;People;01474;People/11-17f;People/11-17f/137.csv
train;People;01475;People/11-17f;People/11-17f/138.csv
train;People;01476;People/11-17f;People/11-17f/139.csv
train;People;01477;People/11-17f;People/11-17f/140.csv
train;People;01479;People/11-17f;People/11-17f/142.csv
train;People;01480;People/11-17f;People/11-17f/143.csv
train;People;01482;People/11-17f;People/11-17f/145.csv
train;People;01483;People/11-17f;People/11-17f/146.csv
train;People;01485;People/11-17f;People/11-17f/148.csv
train;People;01487;People/11-17f;People/11-17f/150.csv
train;People;01490;People/11-17f;People/11-17f/153.csv
train;People;01491;People/11-17f;People/11-17f/154.csv
train;People;01492;People/11-17f;People/11-17f/155.csv
train;People;01493;People/11-17f;People/11-17f/156.csv
train;People;01494;People/11-17f;People/11-17f/157.csv
train;People;01495;People/11-17f;People/11-17f/158.csv
train;People;01496;People/11-17f;People/11-17f/159.csv
train;People;01498;People/11-17f;People/11-17f/161.csv
train;People;01501;People/11-17f;People/11-17f/164.csv
train;People;01503;People/11-17f;People/11-17f/166.csv
train;People;01504;People/11-17f;People/11-17f/167.csv
train;People;01506;People/11-17f;People/11-17f/169.csv
train;People;01507;People/11-17f;People/11-17f/170.csv
train;People;01509;People/11-17f;People/11-17f/172.csv
train;People;01511;People/11-17f;People/11-17f/174.csv
train;People;01516;People/11-17f;People/11-17f/179.csv
train;People;01517;People/11-17f;People/11-17f/180.csv
train;People;01518;People/11-17f;People/11-17f/181.csv
train;People;01519;People/11-17f;People/11-17f/182.csv
train;People;01520;People/11-17f;People/11-17f/183.csv
train;People;01522;People/11-17f;People/11-17f/185.csv
train;People;01523;People/11-17f;People/11-17f/186.csv
train;People;01524;People/11-17f;People/11-17f/187.csv
train;People;01525;People/11-17f;People/11-17f/188.csv
train;People;01526;People/11-17f;People/11-17f/189.csv
train;People;01527;People/11-17i;People/11-17i/001.csv
train;People;01528;People/11-17i;People/11-17i/002.csv
train;People;01529;People/11-17i;People/11-17i/003.csv
train;People;01530;People/11-17i;People/11-17i/004.csv
train;People;01531;People/11-17i;People/11-17i/005.csv
train;People;01532;People/11-17i;People/11-17i/006.csv
train;People;01533;People/11-17i;People/11-17i/007.csv
train;People;01535;People/11-17i;People/11-17i/009.csv
train;People;01538;People/11-17i;People/11-17i/012.csv
train;People;01539;People/11-17i;People/11-17i/013.csv
train;People;01541;People/11-17i;People/11-17i/015.csv
train;People;01542;People/11-17i;People/11-17i/016.csv
train;People;01543;People/11-17i;People/11-17i/017.csv
train;People;01547;People/11-17i;People/11-17i/021.csv
train;People;01548;People/11-17i;People/11-17i/022.csv
train;People;01549;People/11-17i;People/11-17i/023.csv
train;People;01550;People/11-17i;People/11-17i/024.csv
train;People;01552;People/11-17i;People/11-17i/026.csv
train;People;01553;People/11-17i;People/11-17i/027.csv
train;People;01556;People/11-17i;People/11-17i/030.csv
train;People;01557;People/11-17i;People/11-17i/031.csv
train;People;01561;People/11-17i;People/11-17i/035.csv
train;People;01564;People/11-17i;People/11-17i/038.csv
train;People;01565;People/11-17i;People/11-17i/039.csv
train;People;01566;People/11-17i;People/11-17i/040.csv
train;People;01568;People/11-17i;People/11-17i/042.csv
train;People;01569;People/11-17i;People/11-17i/043.csv
train;People;01571;People/11-17i;People/11-17i/045.csv
train;People;01572;People/11-17i;People/11-17i/046.csv
train;People;01573;People/11-17i;People/11-17i/047.csv
train;People;01574;People/11-17i;People/11-17i/048.csv
train;People;01575;People/11-17i;People/11-17i/049.csv
train;People;01577;People/11-17i;People/11-17i/051.csv
train;People;01578;People/11-17i;People/11-17i/052.csv
train;People;01580;People/11-17i;People/11-17i/054.csv
train;People;01582;People/11-17i;People/11-17i/056.csv
train;People;01584;People/11-17i;People/11-17i/058.csv
train;People;01585;People/11-17i;People/11-17i/059.csv
train;People;01586;People/11-17i;People/11-17i/060.csv
train;People;01588;People/11-17i;People/11-17i/062.csv
train;People;01589;People/11-17i;People/11-17i/063.csv
train;People;01590;People/11-17i;People/11-17i/064.csv
train;People;01591;People/11-17i;People/11-17i/065.csv
train;People;01592;People/11-17i;People/11-17i/066.csv
train;People;01593;People/11-17i;People/11-17i/067.csv
train;People;01595;People/11-17i;People/11-17i/069.csv
train;People;01597;People/11-17i;People/11-17i/071.csv
train;People;01598;People/11-17i;People/11-17i/072.csv
train;People;01599;People/11-17i;People/11-17i/073.csv
train;People;01602;People/11-17i;People/11-17i/076.csv
train;People;01603;People/11-17i;People/11-17i/077.csv
train;People;01604;People/11-17i;People/11-17i/078.csv
train;People;01605;People/11-17i;People/11-17i/079.csv
train;People;01606;People/11-17i;People/11-17i/080.csv
train;People;01608;People/11-17i;People/11-17i/082.csv
train;People;01610;People/11-17i;People/11-17i/084.csv
train;People;01611;People/11-17i;People/11-17i/085.csv
train;People;01614;People/11-17i;People/11-17i/088.csv
train;People;01615;People/11-17i;People/11-17i/089.csv
train;People;01620;People/11-17i;People/11-17i/094.csv
train;People;01622;People/11-17i;People/11-17i/096.csv
train;People;01623;People/11-17i;People/11-17i/097.csv
train;People;01625;People/11-17i;People/11-17i/099.csv
train;People;01626;People/11-17i;People/11-17i/100.csv
train;People;01627;People/11-17i;People/11-17i/101.csv
train;People;01628;People/11-17i;People/11-17i/102.csv
train;People;01629;People/11-17i;People/11-17i/103.csv
train;People;01630;People/11-17i;People/11-17i/104.csv
train;People;01632;People/11-17i;People/11-17i/106.csv
train;People;01634;People/11-17i;People/11-17i/108.csv
train;People;01636;People/11-17i;People/11-17i/110.csv
train;People;01637;People/11-17i;People/11-17i/111.csv
train;People;01638;People/11-17i;People/11-17i/112.csv
train;People;01639;People/11-17i;People/11-17i/113.csv
train;People;01640;People/11-17i;People/11-17i/114.csv
train;People;01641;People/11-17i;People/11-17i/115.csv
train;People;01642;People/11-17i;People/11-17i/116.csv
train;People;01643;People/11-17i;People/11-17i/117.csv
train;People;01645;People/11-17i;People/11-17i/119.csv
train;People;01646;People/11-17i;People/11-17i/120.csv
train;People;01647;People/11-17i;People/11-17i/121.csv
train;People;01648;People/11-17i;People/11-17i/122.csv
train;People;01649;People/11-17i;People/11-17i/123.csv
train;People;01650;People/11-17i;People/11-17i/124.csv
train;People;01652;People/11-17i;People/11-17i/126.csv
train;People;01654;People/11-17i;People/11-17i/128.csv
train;People;01656;People/11-17i;People/11-17i/130.csv
train;People;01659;People/11-17i;People/11-17i/133.csv
train;People;01660;People/11-17i;People/11-17i/134.csv
train;People;01661;People/11-17i;People/11-17i/135.csv
train;People;01662;People/11-17i;People/11-17i/136.csv
train;People;01664;People/11-17i;People/11-17i/138.csv
train;People;01665;People/11-17i;People/11-17i/139.csv
train;People;01668;People/11-17i;People/11-17i/142.csv
train;People;01669;People/11-17i;People/11-17i/143.csv
train;People;01674;People/11-17i;People/11-17i/148.csv
train;People;01675;People/11-17i;People/11-17i/149.csv
train;People;01676;People/11-17i;People/11-17i/150.csv
train;People;01677;People/11-17i;People/11-17i/151.csv
train;People;01678;People/11-17i;People/11-17i/152.csv
train;People;01679;People/11-17i;People/11-17i/153.csv
train;People;01680;People/11-17i;People/11-17i/154.csv
train;People;01681;People/11-17i;People/11-17i/155.csv
train;People;01682;People/11-17i;People/11-17i/156.csv
train;People;01683;People/11-17i;People/11-17i/157.csv
train;People;01684;People/11-17i;People/11-17i/158.csv
train;People;01685;People/11-17i;People/11-17i/159.csv
train;People;01686;People/11-17i;People/11-17i/160.csv
train;People;01687;People/11-23f;People/11-23f/001.csv
train;People;01688;People/11-23f;People/11-23f/002.csv
train;People;01689;People/11-23f;People/11-23f/003.csv
train;People;01690;People/11-23f;People/11-23f/004.csv
train;People;01691;People/11-23f;People/11-23f/005.csv
train;People;01692;People/11-23f;People/11-23f/006.csv
train;People;01693;People/11-23f;People/11-23f/007.csv
train;People;01694;People/11-23f;People/11-23f/008.csv
train;People;01697;People/11-23f;People/11-23f/011.csv
train;People;01698;People/11-23f;People/11-23f/012.csv
train;People;01699;People/11-23f;People/11-23f/013.csv
train;People;01701;People/11-23f;People/11-23f/015.csv
train;People;01702;People/11-23f;People/11-23f/016.csv
train;People;01705;People/11-23f;People/11-23f/019.csv
train;People;01706;People/11-23f;People/11-23f/020.csv
train;People;01708;People/11-23f;People/11-23f/022.csv
train;People;01709;People/11-23f;People/11-23f/023.csv
train;People;01710;People/11-23f;People/11-23f/024.csv
train;People;01711;People/11-23f;People/11-23f/025.csv
train;People;01712;People/11-23f;People/11-23f/026.csv
train;People;01713;People/11-23f;People/11-23f/027.csv
train;People;01714;People/11-23f;People/11-23f/028.csv
train;People;01715;People/11-23f;People/11-23f/029.csv
train;People;01716;People/11-23f;People/11-23f/030.csv
train;People;01717;People/11-23f;People/11-23f/031.csv
train;People;01718;People/11-23f;People/11-23f/032.csv
train;People;01720;People/11-23f;People/11-23f/034.csv
train;People;01723;People/11-23f;People/11-23f/037.csv
train;People;01724;People/11-23f;People/11-23f/038.csv
train;People;01725;People/11-23f;People/11-23f/039.csv
train;People;01726;People/11-23f;People/11-23f/040.csv
train;People;01728;People/11-23f;People/11-23f/042.csv
train;People;01732;People/11-23f;People/11-23f/046.csv
train;People;01734;People/11-23f;People/11-23f/048.csv
train;People;01735;People/11-23f;People/11-23f/049.csv
train;People;01736;People/11-23f;People/11-23f/050.csv
train;People;01737;People/11-23f;People/11-23f/051.csv
train;People;01739;People/11-23f;People/11-23f/053.csv
train;People;01740;People/11-23f;People/11-23f/054.csv
train;People;01743;People/11-23f;People/11-23f/057.csv
train;People;01746;People/11-23f;People/11-23f/060.csv
train;People;01747;People/11-23f;People/11-23f/061.csv
train;People;01750;People/11-23f;People/11-23f/064.csv
train;People;01751;People/11-23f;People/11-23f/065.csv
train;People;01752;People/11-23f;People/11-23f/066.csv
train;People;01753;People/11-23f;People/11-23f/067.csv
train;People;01754;People/11-23f;People/11-23f/068.csv
train;People;01758;People/11-23f;People/11-23f/072.csv
train;People;01759;People/11-23f;People/11-23f/073.csv
train;People;01760;People/11-23f;People/11-23f/074.csv
train;People;01762;People/11-23f;People/11-23f/076.csv
train;People;01763;People/11-23f;People/11-23f/077.csv
train;People;01764;People/11-23f;People/11-23f/078.csv
train;People;01765;People/11-23f;People/11-23f/079.csv
train;People;01767;People/11-23f;People/11-23f/081.csv
train;People;01768;People/11-23f;People/11-23f/082.csv
train;People;01770;People/11-23f;People/11-23f/084.csv
train;People;01772;People/11-23f;People/11-23f/086.csv
train;People;01773;People/11-23f;People/11-23f/087.csv
train;People;01775;People/11-23f;People/11-23f/089.csv
train;People;01777;People/11-23f;People/11-23f/091.csv
train;People;01778;People/11-23f;People/11-23f/092.csv
train;People;01779;People/11-23f;People/11-23f/093.csv
train;People;01780;People/11-23f;People/11-23f/094.csv
train;People;01781;People/11-23f;People/11-23f/095.csv
train;People;01782;People/11-23f;People/11-23f/096.csv
train;People;01784;People/11-23f;People/11-23f/098.csv
train;People;01785;People/11-23f;People/11-23f/099.csv
train;People;01786;People/11-23f;People/11-23f/100.csv
train;People;01788;People/11-23f;People/11-23f/102.csv
train;People;01789;People/11-23f;People/11-23f/103.csv
train;People;01791;People/11-23f;People/11-23f/105.csv
train;People;01793;People/11-23f;People/11-23f/107.csv
train;People;01794;People/11-23f;People/11-23f/108.csv
train;People;01795;People/11-23f;People/11-23f/109.csv
train;People;01797;People/11-23f;People/11-23f/111.csv
train;People;01798;People/11-23f;People/11-23f/112.csv
train;People;01799;People/11-23f;People/11-23f/113.csv
train;People;01800;People/11-23f;People/11-23f/114.csv
train;People;01801;People/11-23f;People/11-23f/115.csv
train;People;01803;People/11-23f;People/11-23f/117.csv
train;People;01805;People/11-23f;People/11-23f/119.csv
train;People;01807;People/11-23f;People/11-23f/121.csv
train;People;01809;People/11-23f;People/11-23f/123.csv
train;People;01810;People/11-23f;People/11-23f/124.csv
train;People;01811;People/11-23f;People/11-23f/125.csv
train;People;01812;People/11-23f;People/11-23f/126.csv
train;People;01813;People/11-23f;People/11-23f/127.csv
train;People;01814;People/11-23f;People/11-23f/128.csv
train;People;01815;People/11-23f;People/11-23f/129.csv
train;People;01816;People/11-23f;People/11-23f/130.csv
train;People;01817;People/11-23f;People/11-23f/131.csv
train;People;01819;People/11-23f;People/11-23f/133.csv
train;People;01820;People/11-23f;People/11-23f/134.csv
train;People;01822;People/11-23f;People/11-23f/136.csv
train;People;01823;People/11-23f;People/11-23f/137.csv
train;People;01824;People/11-23f;People/11-23f/138.csv
train;People;01825;People/11-23f;People/11-23f/139.csv
train;People;01827;People/11-23f;People/11-23f/141.csv
train;People;01828;People/11-23f;People/11-23f/142.csv
train;People;01829;People/11-23f;People/11-23f/143.csv
train;People;01830;People/11-23f;People/11-23f/144.csv
train;People;01831;People/11-23f;People/11-23f/145.csv
train;People;01834;People/11-23i;People/11-23i/001.csv
train;People;01835;People/11-23i;People/11-23i/002.csv
train;People;01837;People/11-23i;People/11-23i/004.csv
train;People;01838;People/11-23i;People/11-23i/005.csv
train;People;01839;People/11-23i;People/11-23i/006.csv
train;People;01842;People/11-23i;People/11-23i/009.csv
train;People;01843;People/11-23i;People/11-23i/010.csv
train;People;01844;People/11-23i;People/11-23i/011.csv
train;People;01846;People/11-23i;People/11-23i/013.csv
train;People;01847;People/11-23i;People/11-23i/014.csv
train;People;01848;People/11-23i;People/11-23i/015.csv
train;People;01849;People/11-23i;People/11-23i/016.csv
train;People;01850;People/11-23i;People/11-23i/017.csv
train;People;01851;People/11-23i;People/11-23i/018.csv
train;People;01852;People/11-23i;People/11-23i/019.csv
train;People;01853;People/11-23i;People/11-23i/020.csv
train;People;01854;People/11-23i;People/11-23i/021.csv
train;People;01855;People/11-23i;People/11-23i/022.csv
train;People;01856;People/11-23i;People/11-23i/023.csv
train;People;01857;People/11-23i;People/11-23i/024.csv
train;People;01858;People/11-23i;People/11-23i/025.csv
train;People;01862;People/11-23i;People/11-23i/029.csv
train;People;01864;People/11-23i;People/11-23i/031.csv
train;People;01866;People/11-23i;People/11-23i/033.csv
train;People;01867;People/11-23i;People/11-23i/034.csv
train;People;01869;People/11-23i;People/11-23i/036.csv
train;People;01874;People/11-23i;People/11-23i/041.csv
train;People;01875;People/11-23i;People/11-23i/042.csv
train;People;01876;People/11-23i;People/11-23i/043.csv
train;People;01878;People/11-23i;People/11-23i/045.csv
train;People;01879;People/11-23i;People/11-23i/046.csv
train;People;01881;People/11-23i;People/11-23i/048.csv
train;People;01885;People/11-23i;People/11-23i/052.csv
train;People;01886;People/11-23i;People/11-23i/053.csv
train;People;01888;People/11-23i;People/11-23i/055.csv
train;People;01890;People/11-23i;People/11-23i/057.csv
train;People;01891;People/11-23i;People/11-23i/058.csv
train;People;01893;People/11-23i;People/11-23i/060.csv
train;People;01896;People/11-23i;People/11-23i/063.csv
train;People;01897;People/11-23i;People/11-23i/064.csv
train;People;01899;People/11-23i;People/11-23i/066.csv
train;People;01900;People/11-23i;People/11-23i/067.csv
train;People;01901;People/11-23i;People/11-23i/068.csv
train;People;01902;People/11-23i;People/11-23i/069.csv
train;People;01904;People/11-23i;People/11-23i/071.csv
train;People;01905;People/11-23i;People/11-23i/072.csv
train;People;01907;People/11-23i;People/11-23i/074.csv
train;People;01908;People/11-23i;People/11-23i/075.csv
train;People;01909;People/11-23i;People/11-23i/076.csv
train;People;01910;People/11-23i;People/11-23i/077.csv
train;People;01911;People/11-23i;People/11-23i/078.csv
train;People;01912;People/11-23i;People/11-23i/079.csv
train;People;01914;People/11-23i;People/11-23i/081.csv
train;People;01915;People/11-23i;People/11-23i/082.csv
train;People;01916;People/11-23i;People/11-23i/083.csv
train;People;01918;People/11-23i;People/11-23i/085.csv
train;People;01921;People/11-23i;People/11-23i/088.csv
train;People;01924;People/11-23i;People/11-23i/091.csv
train;People;01925;People/11-23i;People/11-23i/092.csv
train;People;01926;People/11-23i;People/11-23i/093.csv
train;People;01928;People/11-23i;People/11-23i/095.csv
train;People;01929;People/11-23i;People/11-23i/096.csv
train;People;01930;People/11-23i;People/11-23i/097.csv
train;People;01931;People/11-23i;People/11-23i/098.csv
train;People;01932;People/11-23i;People/11-23i/099.csv
train;People;01933;People/11-23i;People/11-23i/100.csv
train;People;01934;People/11-23i;People/11-23i/101.csv
train;People;01936;People/11-23i;People/11-23i/103.csv
train;People;01937;People/11-23i;People/11-23i/104.csv
train;People;01938;People/11-23i;People/11-23i/105.csv
train;People;01939;People/11-23i;People/11-23i/106.csv
train;People;01940;People/11-23i;People/11-23i/107.csv
train;People;01943;People/11-23i;People/11-23i/110.csv
train;People;01944;People/11-23i;People/11-23i/111.csv
train;People;01945;People/11-23i;People/11-23i/112.csv
train;People;01947;People/11-23i;People/11-23i/114.csv
train;People;01948;People/11-23i;People/11-23i/115.csv
train;People;01949;People/11-23i;People/11-23i/116.csv
train;People;01950;People/11-23i;People/11-23i/117.csv
train;People;01951;People/11-23i;People/11-23i/118.csv
train;People;01952;People/11-23i;People/11-23i/119.csv
train;People;01953;People/11-23i;People/11-23i/120.csv
train;People;01954;People/11-23i;People/11-23i/121.csv
train;People;01956;People/11-23i;People/11-23i/123.csv
train;People;01958;People/11-23i;People/11-23i/125.csv
train;People;01959;People/11-23i;People/11-23i/126.csv
train;People;01960;People/11-23i;People/11-23i/127.csv
train;People;01961;People/11-23i;People/11-23i/128.csv
train;People;01963;People/11-23i;People/11-23i/130.csv
train;People;01968;People/11-23i;People/11-23i/135.csv
train;People;01969;People/11-23i;People/11-23i/136.csv
train;People;01970;People/11-23i;People/11-23i/137.csv
train;People;01971;People/11-23i;People/11-23i/138.csv
train;People;01973;People/11-23i;People/11-23i/140.csv
train;People;01975;People/11-23i;People/11-23i/142.csv
train;People;01976;People/11-23i;People/11-23i/143.csv
train;People;01977;People/11-23i;People/11-23i/144.csv
train;People;01978;People/11-23i;People/11-23i/145.csv
train;People;01980;People/11-23i;People/11-23i/147.csv
train;People;01981;People/11-23i;People/11-23i/148.csv
train;People;01982;People/11-23i;People/11-23i/149.csv
train;People;01983;People/11-23i;People/11-23i/150.csv
train;People;01984;People/11-23i;People/11-23i/151.csv
train;People;01985;People/11-23i;People/11-23i/152.csv
train;People;01986;People/11-23i;People/11-23i/153.csv
train;People;01987;People/11-23i;People/11-23i/154.csv
train;People;01988;People/11-23i;People/11-23i/155.csv
train;People;01989;People/11-23i;People/11-23i/156.csv
train;People;01990;People/11-23i;People/11-23i/157.csv
train;People;01991;People/11-23i;People/11-23i/158.csv
train;People;01992;People/11-23i;People/11-23i/159.csv
train;People;01994;People/11-23i;People/11-23i/161.csv
train;People;01995;People/12-14f;People/12-14f/001.csv
train;People;01996;People/12-14f;People/12-14f/002.csv
train;People;01997;People/12-14f;People/12-14f/003.csv
train;People;01998;People/12-14f;People/12-14f/004.csv
train;People;01999;People/12-14f;People/12-14f/005.csv
train;People;02000;People/12-14f;People/12-14f/006.csv
train;People;02001;People/12-14f;People/12-14f/007.csv
train;People;02002;People/12-14f;People/12-14f/008.csv
train;People;02004;People/12-14f;People/12-14f/010.csv
train;People;02006;People/12-14f;People/12-14f/012.csv
train;People;02007;People/12-14f;People/12-14f/013.csv
train;People;02008;People/12-14f;People/12-14f/014.csv
train;People;02009;People/12-14f;People/12-14f/015.csv
train;People;02010;People/12-14f;People/12-14f/016.csv
train;People;02011;People/12-14f;People/12-14f/017.csv
train;People;02012;People/12-14f;People/12-14f/018.csv
train;People;02013;People/12-14f;People/12-14f/019.csv
train;People;02014;People/12-14f;People/12-14f/020.csv
train;People;02015;People/12-14f;People/12-14f/021.csv
train;People;02016;People/12-14f;People/12-14f/022.csv
train;People;02017;People/12-14f;People/12-14f/023.csv
train;People;02018;People/12-14f;People/12-14f/024.csv
train;People;02020;People/12-14f;People/12-14f/026.csv
train;People;02022;People/12-14f;People/12-14f/028.csv
train;People;02024;People/12-14f;People/12-14f/030.csv
train;People;02026;People/12-14f;People/12-14f/032.csv
train;People;02027;People/12-14f;People/12-14f/033.csv
train;People;02028;People/12-14f;People/12-14f/034.csv
train;People;02029;People/12-14f;People/12-14f/035.csv
train;People;02031;People/12-14f;People/12-14f/037.csv
train;People;02033;People/12-14f;People/12-14f/039.csv
train;People;02034;People/12-14f;People/12-14f/040.csv
train;People;02036;People/12-14f;People/12-14f/042.csv
train;People;02037;People/12-14f;People/12-14f/043.csv
train;People;02038;People/12-14f;People/12-14f/044.csv
train;People;02039;People/12-14f;People/12-14f/045.csv
train;People;02040;People/12-14f;People/12-14f/046.csv
train;People;02041;People/12-14f;People/12-14f/047.csv
train;People;02042;People/12-14f;People/12-14f/048.csv
train;People;02044;People/12-14f;People/12-14f/050.csv
train;People;02045;People/12-14f;People/12-14f/051.csv
train;People;02047;People/12-14f;People/12-14f/053.csv
train;People;02048;People/12-14f;People/12-14f/054.csv
train;People;02049;People/12-14f;People/12-14f/055.csv
train;People;02050;People/12-14f;People/12-14f/056.csv
train;People;02051;People/12-14f;People/12-14f/057.csv
train;People;02052;People/12-14f;People/12-14f/058.csv
train;People;02053;People/12-14f;People/12-14f/059.csv
train;People;02055;People/12-14f;People/12-14f/061.csv
train;People;02056;People/12-14f;People/12-14f/062.csv
train;People;02057;People/12-14f;People/12-14f/063.csv
train;People;02059;People/12-14f;People/12-14f/065.csv
train;People;02060;People/12-14f;People/12-14f/066.csv
train;People;02061;People/12-14f;People/12-14f/067.csv
train;People;02062;People/12-14f;People/12-14f/068.csv
train;People;02063;People/12-14f;People/12-14f/069.csv
train;People;02065;People/12-14f;People/12-14f/071.csv
train;People;02066;People/12-14f;People/12-14f/072.csv
train;People;02067;People/12-14f;People/12-14f/073.csv
train;People;02068;People/12-14f;People/12-14f/074.csv
train;People;02069;People/12-14f;People/12-14f/075.csv
train;People;02070;People/12-14f;People/12-14f/076.csv
train;People;02071;People/12-14f;People/12-14f/077.csv
train;People;02072;People/12-14f;People/12-14f/078.csv
train;People;02073;People/12-14f;People/12-14f/079.csv
train;People;02074;People/12-14f;People/12-14f/080.csv
train;People;02075;People/12-14f;People/12-14f/081.csv
train;People;02076;People/12-14f;People/12-14f/082.csv
train;People;02077;People/12-14f;People/12-14f/083.csv
train;People;02079;People/12-14f;People/12-14f/085.csv
train;People;02080;People/12-14f;People/12-14f/086.csv
train;People;02082;People/12-14f;People/12-14f/088.csv
train;People;02083;People/12-14f;People/12-14f/089.csv
train;People;02085;People/12-14f;People/12-14f/091.csv
train;People;02086;People/12-14f;People/12-14f/092.csv
train;People;02087;People/12-14f;People/12-14f/093.csv
train;People;02089;People/12-14f;People/12-14f/095.csv
train;People;02090;People/12-14f;People/12-14f/096.csv
train;People;02091;People/12-14f;People/12-14f/097.csv
train;People;02093;People/12-14f;People/12-14f/099.csv
train;People;02094;People/12-14f;People/12-14f/100.csv
train;People;02097;People/12-14f;People/12-14f/103.csv
train;People;02098;People/12-14f;People/12-14f/104.csv
train;People;02100;People/12-14f;People/12-14f/106.csv
train;People;02101;People/12-14f;People/12-14f/107.csv
train;People;02102;People/12-14f;People/12-14f/108.csv
train;People;02103;People/12-14f;People/12-14f/109.csv
train;People;02105;People/12-14f;People/12-14f/111.csv
train;People;02106;People/12-14f;People/12-14f/112.csv
train;People;02107;People/12-14f;People/12-14f/113.csv
train;People;02109;People/12-14f;People/12-14f/115.csv
train;People;02110;People/12-14f;People/12-14f/116.csv
train;People;02112;People/12-14f;People/12-14f/118.csv
train;People;02114;People/12-14f;People/12-14f/120.csv
train;People;02117;People/12-14f;People/12-14f/123.csv
train;People;02121;People/12-14f;People/12-14f/127.csv
train;People;02122;People/12-14f;People/12-14f/128.csv
train;People;02123;People/12-14f;People/12-14f/129.csv
train;People;02124;People/12-14f;People/12-14f/130.csv
train;People;02126;People/12-14f;People/12-14f/132.csv
train;People;02127;People/12-14f;People/12-14f/133.csv
train;People;02129;People/12-14f;People/12-14f/135.csv
train;People;02130;People/12-14f;People/12-14f/136.csv
train;People;02131;People/12-14f;People/12-14f/137.csv
train;People;02135;People/12-14f;People/12-14f/141.csv
train;People;02136;People/12-14f;People/12-14f/142.csv
train;People;02137;People/12-14f;People/12-14f/143.csv
train;People;02138;People/12-14f;People/12-14f/144.csv
train;People;02140;People/12-14f;People/12-14f/146.csv
train;People;02141;People/12-14f;People/12-14f/147.csv
train;People;02142;People/12-14f;People/12-14f/148.csv
train;People;02144;People/12-14f;People/12-14f/150.csv
train;People;02145;People/12-14f;People/12-14f/151.csv
train;People;02146;People/12-14f;People/12-14f/152.csv
train;People;02147;People/12-14f;People/12-14f/153.csv
train;People;02148;People/12-14f;People/12-14f/154.csv
train;People;02149;People/12-14f;People/12-14f/155.csv
train;People;02151;People/12-14f;People/12-14f/157.csv
train;People;02152;People/12-14f;People/12-14f/158.csv
train;People;02153;People/12-14f;People/12-14f/159.csv
train;People;02157;People/12-14f;People/12-14f/163.csv
train;People;02159;People/12-14f;People/12-14f/165.csv
train;People;02160;People/12-14f;People/12-14f/166.csv
train;People;02161;People/12-14f;People/12-14f/167.csv
train;People;02162;People/12-14f;People/12-14f/168.csv
train;People;02163;People/12-14f;People/12-14f/169.csv
train;People;02164;People/12-14f;People/12-14f/170.csv
train;People;02166;People/12-14f;People/12-14f/172.csv
train;People;02170;People/12-14f;People/12-14f/176.csv
train;People;02171;People/12-14f;People/12-14f/177.csv
train;People;02172;People/12-14f;People/12-14f/178.csv
train;People;02173;People/12-14f;People/12-14f/179.csv
train;People;02175;People/12-14f;People/12-14f/181.csv
train;People;02176;People/12-14f;People/12-14f/182.csv
train;People;02177;People/12-14f;People/12-14f/183.csv
train;People;02179;People/12-14f;People/12-14f/185.csv
train;People;02180;People/12-14f;People/12-14f/186.csv
train;People;02181;People/12-14f;People/12-14f/187.csv
train;People;02187;People/12-14f;People/12-14f/193.csv
train;People;02188;People/12-14f;People/12-14f/194.csv
train;People;02189;People/12-14f;People/12-14f/195.csv
train;People;02190;People/12-14f;People/12-14f/196.csv
train;People;02191;People/12-14f;People/12-14f/197.csv
train;People;02193;People/12-14f;People/12-14f/199.csv
train;People;02194;People/12-14f;People/12-14f/200.csv
train;People;02195;People/12-14f;People/12-14f/201.csv
train;People;02196;People/12-14f;People/12-14f/202.csv
train;People;02197;People/12-14f;People/12-14f/203.csv
train;People;02199;People/12-14f;People/12-14f/205.csv
train;People;02201;People/12-14f;People/12-14f/207.csv
train;People;02202;People/12-14f;People/12-14f/208.csv
train;People;02204;People/12-14f;People/12-14f/210.csv
train;People;02205;People/12-14f;People/12-14f/211.csv
train;People;02206;People/12-14f;People/12-14f/212.csv
train;People;02208;People/12-14f;People/12-14f/214.csv
train;People;02209;People/12-14f;People/12-14f/215.csv
train;People;02210;People/12-14f;People/12-14f/216.csv
train;People;02212;People/12-14f;People/12-14f/218.csv
train;People;02213;People/12-14f;People/12-14f/219.csv
train;People;02214;People/12-14f;People/12-14f/220.csv
train;People;02215;People/12-14f;People/12-14f/221.csv
train;People;02217;People/12-14f;People/12-14f/223.csv
train;People;02218;People/12-14f;People/12-14f/224.csv
train;People;02219;People/12-14f;People/12-14f/225.csv
train;People;02220;People/12-14f;People/12-14f/226.csv
train;People;02221;People/12-14f;People/12-14f/227.csv
train;People;02222;People/12-14f;People/12-14f/228.csv
train;People;02223;People/12-14f;People/12-14f/229.csv
train;People;02225;People/12-14f;People/12-14f/231.csv
train;People;02231;People/12-14f;People/12-14f/237.csv
train;People;02232;People/12-14f;People/12-14f/238.csv
train;People;02235;People/12-14f;People/12-14f/241.csv
train;People;02236;People/12-14f;People/12-14f/242.csv
train;People;02237;People/12-14f;People/12-14f/243.csv
train;People;02238;People/12-14f;People/12-14f/244.csv
train;People;02239;People/12-14f;People/12-14f/245.csv
train;People;02241;People/12-14f;People/12-14f/247.csv
train;People;02242;People/12-14f;People/12-14f/248.csv
train;People;02243;People/12-14f;People/12-14f/249.csv
train;People;02244;People/12-14f;People/12-14f/250.csv
train;People;02245;People/12-14f;People/12-14f/251.csv
train;People;02247;People/12-14f;People/12-14f/253.csv
train;People;02248;People/12-14f;People/12-14f/254.csv
train;People;02249;People/12-14f;People/12-14f/255.csv
train;People;02251;People/12-14f;People/12-14f/257.csv
train;People;02254;People/12-14f;People/12-14f/260.csv
train;People;02256;People/12-14f;People/12-14f/262.csv
train;People;02257;People/12-14f;People/12-14f/263.csv
train;People;02258;People/12-14f;People/12-14f/264.csv
train;People;02259;People/12-14f;People/12-14f/265.csv
train;People;02260;People/12-14f;People/12-14f/266.csv
train;People;02261;People/12-14f;People/12-14f/267.csv
train;People;02262;People/12-14f;People/12-14f/268.csv
train;People;02263;People/12-14f;People/12-14f/269.csv
train;People;02266;People/12-14f;People/12-14f/272.csv
train;People;02267;People/12-14f;People/12-14f/273.csv
train;People;02268;People/12-14f;People/12-14f/274.csv
train;People;02269;People/12-14f;People/12-14f/275.csv
train;People;02270;People/12-14f;People/12-14f/276.csv
train;People;02271;People/12-14f;People/12-14f/277.csv
train;People;02275;People/12-14f;People/12-14f/281.csv
train;People;02278;People/12-14f;People/12-14f/284.csv
train;People;02279;People/12-14f;People/12-14f/285.csv
train;People;02280;People/12-14f;People/12-14f/286.csv
train;People;02281;People/12-14f;People/12-14f/287.csv
train;People;02282;People/12-14f;People/12-14f/288.csv
train;People;02283;People/12-14f;People/12-14f/289.csv
train;People;02286;People/12-14f;People/12-14f/292.csv
train;People;02287;People/12-14f;People/12-14f/293.csv
train;People;02290;People/12-14f;People/12-14f/296.csv
train;People;02291;People/12-14f;People/12-14f/297.csv
train;People;02293;People/12-14f;People/12-14f/299.csv
train;People;02294;People/12-14f;People/12-14f/300.csv
train;People;02295;People/12-14f;People/12-14f/301.csv
train;People;02296;People/12-14f;People/12-14f/302.csv
train;People;02297;People/12-14f;People/12-14f/303.csv
train;People;02298;People/12-14f;People/12-14f/304.csv
train;People;02301;People/12-14f;People/12-14f/307.csv
train;People;02302;People/12-14f;People/12-14f/308.csv
train;People;02306;People/12-14f;People/12-14f/312.csv
train;People;02307;People/12-14f;People/12-14f/313.csv
train;People;02308;People/12-14f;People/12-14f/314.csv
train;People;02310;People/12-14f;People/12-14f/316.csv
train;People;02312;People/12-14f;People/12-14f/318.csv
train;People;02314;People/12-14f;People/12-14f/320.csv
train;People;02315;People/12-14f;People/12-14f/321.csv
train;People;02316;People/12-14f;People/12-14f/322.csv
train;People;02320;People/12-14f;People/12-14f/326.csv
train;People;02321;People/12-14f;People/12-14f/327.csv
train;People;02322;People/12-14f;People/12-14f/328.csv
train;People;02323;People/12-14f;People/12-14f/329.csv
train;People;02325;People/12-14f;People/12-14f/331.csv
train;People;02326;People/12-14f;People/12-14f/332.csv
train;People;02327;People/12-14f;People/12-14f/333.csv
train;People;02328;People/12-14f;People/12-14f/334.csv
train;People;02330;People/12-14f;People/12-14f/336.csv
train;People;02331;People/12-14f;People/12-14f/337.csv
train;People;02332;People/12-14f;People/12-14f/338.csv
train;People;02333;People/12-14f;People/12-14f/339.csv
train;People;02335;People/12-14f;People/12-14f/341.csv
train;People;02336;People/12-14f;People/12-14f/342.csv
train;People;02337;People/12-14f;People/12-14f/343.csv
train;People;02341;People/12-14f;People/12-14f/347.csv
train;People;02342;People/12-14f;People/12-14f/348.csv
train;People;02343;People/12-14f;People/12-14f/349.csv
train;People;02344;People/12-14f;People/12-14f/350.csv
train;People;02346;People/12-14f;People/12-14f/352.csv
train;People;02347;People/12-14f;People/12-14f/353.csv
train;People;02348;People/12-14f;People/12-14f/354.csv
train;People;02350;People/12-14f;People/12-14f/356.csv
train;People;02353;People/12-14f;People/12-14f/359.csv
train;People;02354;People/12-14f;People/12-14f/360.csv
train;People;02355;People/12-14f;People/12-14f/361.csv
train;People;02356;People/12-14f;People/12-14f/362.csv
train;People;02357;People/12-14f;People/12-14f/363.csv
train;People;02359;People/12-14f;People/12-14f/365.csv
train;People;02360;People/12-14f;People/12-14f/366.csv
train;People;02361;People/12-14f;People/12-14f/367.csv
train;People;02362;People/12-14f;People/12-14f/368.csv
train;People;02363;People/12-14f;People/12-14f/369.csv
train;People;02364;People/12-14f;People/12-14f/370.csv
train;People;02365;People/12-14f;People/12-14f/371.csv
train;People;02366;People/12-14f;People/12-14f/372.csv
train;People;02368;People/12-14f;People/12-14f/374.csv
train;People;02369;People/12-14f;People/12-14f/375.csv
train;People;02370;People/12-14f;People/12-14f/376.csv
train;People;02371;People/12-14f;People/12-14f/377.csv
train;People;02372;People/12-14f;People/12-14f/378.csv
train;People;02373;People/12-14f;People/12-14f/379.csv
train;People;02374;People/12-14f;People/12-14f/380.csv
train;People;02375;People/12-14i;People/12-14i/001.csv
train;People;02377;People/12-14i;People/12-14i/003.csv
train;People;02378;People/12-14i;People/12-14i/004.csv
train;People;02379;People/12-14i;People/12-14i/005.csv
train;People;02380;People/12-14i;People/12-14i/006.csv
train;People;02381;People/12-14i;People/12-14i/007.csv
train;People;02382;People/12-14i;People/12-14i/008.csv
train;People;02383;People/12-14i;People/12-14i/009.csv
train;People;02384;People/12-14i;People/12-14i/010.csv
train;People;02385;People/12-14i;People/12-14i/011.csv
train;People;02386;People/12-14i;People/12-14i/012.csv
train;People;02387;People/12-14i;People/12-14i/013.csv
train;People;02391;People/12-14i;People/12-14i/017.csv
train;People;02392;People/12-14i;People/12-14i/018.csv
train;People;02393;People/12-14i;People/12-14i/019.csv
train;People;02394;People/12-14i;People/12-14i/020.csv
train;People;02395;People/12-14i;People/12-14i/021.csv
train;People;02396;People/12-14i;People/12-14i/022.csv
train;People;02397;People/12-14i;People/12-14i/023.csv
train;People;02398;People/12-14i;People/12-14i/024.csv
train;People;02399;People/12-14i;People/12-14i/025.csv
train;People;02401;People/12-14i;People/12-14i/027.csv
train;People;02402;People/12-14i;People/12-14i/028.csv
train;People;02404;People/12-14i;People/12-14i/030.csv
train;People;02409;People/12-14i;People/12-14i/035.csv
train;People;02410;People/12-14i;People/12-14i/036.csv
train;People;02412;People/12-14i;People/12-14i/038.csv
train;People;02413;People/12-14i;People/12-14i/039.csv
train;People;02414;People/12-14i;People/12-14i/040.csv
train;People;02415;People/12-14i;People/12-14i/041.csv
train;People;02416;People/12-14i;People/12-14i/042.csv
train;People;02417;People/12-14i;People/12-14i/043.csv
train;People;02420;People/12-14i;People/12-14i/046.csv
train;People;02421;People/12-14i;People/12-14i/047.csv
train;People;02422;People/12-14i;People/12-14i/048.csv
train;People;02423;People/12-14i;People/12-14i/049.csv
train;People;02424;People/12-14i;People/12-14i/050.csv
train;People;02425;People/12-14i;People/12-14i/051.csv
train;People;02426;People/12-14i;People/12-14i/052.csv
train;People;02427;People/12-14i;People/12-14i/053.csv
train;People;02428;People/12-14i;People/12-14i/054.csv
train;People;02429;People/12-14i;People/12-14i/055.csv
train;People;02430;People/12-14i;People/12-14i/056.csv
train;People;02431;People/12-14i;People/12-14i/057.csv
train;People;02434;People/12-14i;People/12-14i/060.csv
train;People;02435;People/12-14i;People/12-14i/061.csv
train;People;02436;People/12-14i;People/12-14i/062.csv
train;People;02438;People/12-14i;People/12-14i/064.csv
train;People;02439;People/12-14i;People/12-14i/065.csv
train;People;02440;People/12-14i;People/12-14i/066.csv
train;People;02442;People/12-14i;People/12-14i/068.csv
train;People;02443;People/12-14i;People/12-14i/069.csv
train;People;02444;People/12-14i;People/12-14i/070.csv
train;People;02445;People/12-14i;People/12-14i/071.csv
train;People;02449;People/12-14i;People/12-14i/075.csv
train;People;02450;People/12-14i;People/12-14i/076.csv
train;People;02451;People/12-14i;People/12-14i/077.csv
train;People;02452;People/12-14i;People/12-14i/078.csv
train;People;02453;People/12-14i;People/12-14i/079.csv
train;People;02455;People/12-14i;People/12-14i/081.csv
train;People;02456;People/12-14i;People/12-14i/082.csv
train;People;02457;People/12-14i;People/12-14i/083.csv
train;People;02460;People/12-14i;People/12-14i/086.csv
train;People;02461;People/12-14i;People/12-14i/087.csv
train;People;02462;People/12-14i;People/12-14i/088.csv
train;People;02467;People/12-14i;People/12-14i/093.csv
train;People;02468;People/12-14i;People/12-14i/094.csv
train;People;02469;People/12-14i;People/12-14i/095.csv
train;People;02470;People/12-14i;People/12-14i/096.csv
train;People;02471;People/12-14i;People/12-14i/097.csv
train;People;02473;People/12-14i;People/12-14i/099.csv
train;People;02475;People/12-14i;People/12-14i/101.csv
train;People;02476;People/12-14i;People/12-14i/102.csv
train;People;02479;People/12-14i;People/12-14i/105.csv
train;People;02480;People/12-14i;People/12-14i/106.csv
train;People;02481;People/12-14i;People/12-14i/107.csv
train;People;02483;People/12-14i;People/12-14i/109.csv
train;People;02484;People/12-14i;People/12-14i/110.csv
train;People;02486;People/12-14i;People/12-14i/112.csv
train;People;02487;People/12-14i;People/12-14i/113.csv
train;People;02488;People/12-14i;People/12-14i/114.csv
train;People;02490;People/12-14i;People/12-14i/116.csv
train;People;02491;People/12-14i;People/12-14i/117.csv
train;People;02492;People/12-14i;People/12-14i/118.csv
train;People;02493;People/12-14i;People/12-14i/119.csv
train;People;02494;People/12-14i;People/12-14i/120.csv
train;People;02495;People/12-14i;People/12-14i/121.csv
train;People;02496;People/12-14i;People/12-14i/122.csv
train;People;02497;People/12-14i;People/12-14i/123.csv
train;People;02498;People/12-14i;People/12-14i/124.csv
train;People;02501;People/12-14i;People/12-14i/127.csv
train;People;02502;People/12-14i;People/12-14i/128.csv
train;People;02503;People/12-14i;People/12-14i/129.csv
train;People;02504;People/12-14i;People/12-14i/130.csv
train;People;02505;People/12-14i;People/12-14i/131.csv
train;People;02506;People/12-14i;People/12-14i/132.csv
train;People;02507;People/12-14i;People/12-14i/133.csv
train;People;02508;People/12-14i;People/12-14i/134.csv
train;People;02509;People/12-14i;People/12-14i/135.csv
train;People;02511;People/12-14i;People/12-14i/137.csv
train;People;02512;People/12-14i;People/12-14i/138.csv
train;People;02513;People/12-14i;People/12-14i/139.csv
train;People;02514;People/12-14i;People/12-14i/140.csv
train;People;02515;People/12-14i;People/12-14i/141.csv
train;People;02519;People/12-14i;People/12-14i/145.csv
train;People;02521;People/12-14i;People/12-14i/147.csv
train;People;02525;People/12-14i;People/12-14i/151.csv
train;People;02526;People/12-14i;People/12-14i/152.csv
train;People;02527;People/12-14i;People/12-14i/153.csv
train;People;02528;People/12-14i;People/12-14i/154.csv
train;People;02529;People/12-14i;People/12-14i/155.csv
train;People;02530;People/12-14i;People/12-14i/156.csv
train;People;02531;People/12-14i;People/12-14i/157.csv
train;People;02533;People/12-14i;People/12-14i/159.csv
train;People;02534;People/12-14i;People/12-14i/160.csv
train;People;02536;People/12-14i;People/12-14i/162.csv
train;People;02537;People/12-14i;People/12-14i/163.csv
train;People;02538;People/12-14i;People/12-14i/164.csv
train;People;02539;People/12-14i;People/12-14i/165.csv
train;People;02540;People/12-14i;People/12-14i/166.csv
train;People;02542;People/12-14i;People/12-14i/168.csv
train;People;02544;People/12-14i;People/12-14i/170.csv
train;People;02545;People/12-14i;People/12-14i/171.csv
train;People;02546;People/12-14i;People/12-14i/172.csv
train;People;02547;People/12-14i;People/12-14i/173.csv
train;People;02548;People/12-14i;People/12-14i/174.csv
train;People;02551;People/12-14i;People/12-14i/177.csv
train;People;02552;People/12-14i;People/12-14i/178.csv
train;People;02553;People/12-14i;People/12-14i/179.csv
train;People;02554;People/12-14i;People/12-14i/180.csv
train;People;02555;People/12-14i;People/12-14i/181.csv
train;People;02556;People/12-14i;People/12-14i/182.csv
train;People;02557;People/12-14i;People/12-14i/183.csv
train;People;02558;People/12-14i;People/12-14i/184.csv
train;People;02559;People/12-14i;People/12-14i/185.csv
train;People;02561;People/12-14i;People/12-14i/187.csv
train;People;02562;People/12-14i;People/12-14i/188.csv
train;People;02563;People/12-14i;People/12-14i/189.csv
train;People;02564;People/12-14i;People/12-14i/190.csv
train;People;02565;People/12-14i;People/12-14i/191.csv
train;People;02566;People/12-14i;People/12-14i/192.csv
train;People;02567;People/12-14i;People/12-14i/193.csv
train;People;02568;People/12-14i;People/12-14i/194.csv
train;People;02569;People/12-14i;People/12-14i/195.csv
train;People;02571;People/12-14i;People/12-14i/197.csv
train;People;02574;People/12-14i;People/12-14i/200.csv
train;People;02577;People/12-14i;People/12-14i/203.csv
train;People;02579;People/12-14i;People/12-14i/205.csv
train;People;02581;People/12-14i;People/12-14i/207.csv
train;People;02582;People/12-14i;People/12-14i/208.csv
train;People;02584;People/12-14i;People/12-14i/210.csv
train;People;02585;People/12-14i;People/12-14i/211.csv
train;People;02587;People/12-14i;People/12-14i/213.csv
train;People;02588;People/12-14i;People/12-14i/214.csv
train;People;02591;People/12-14i;People/12-14i/217.csv
train;People;02592;People/12-14i;People/12-14i/218.csv
train;People;02594;People/12-14i;People/12-14i/220.csv
train;People;02596;People/12-14i;People/12-14i/222.csv
train;People;02597;People/12-14i;People/12-14i/223.csv
train;People;02598;People/12-14i;People/12-14i/224.csv
train;People;02600;People/12-14i;People/12-14i/226.csv
train;People;02601;People/12-14i;People/12-14i/227.csv
train;People;02602;People/12-21f;People/12-21f/001.csv
train;People;02603;People/12-21f;People/12-21f/002.csv
train;People;02605;People/12-21f;People/12-21f/004.csv
train;People;02606;People/12-21f;People/12-21f/005.csv
train;People;02607;People/12-21f;People/12-21f/006.csv
train;People;02608;People/12-21f;People/12-21f/007.csv
train;People;02609;People/12-21f;People/12-21f/008.csv
train;People;02611;People/12-21f;People/12-21f/010.csv
train;People;02612;People/12-21f;People/12-21f/011.csv
train;People;02613;People/12-21f;People/12-21f/012.csv
train;People;02614;People/12-21f;People/12-21f/013.csv
train;People;02615;People/12-21f;People/12-21f/014.csv
train;People;02617;People/12-21f;People/12-21f/016.csv
train;People;02621;People/12-21f;People/12-21f/020.csv
train;People;02622;People/12-21f;People/12-21f/021.csv
train;People;02625;People/12-21f;People/12-21f/024.csv
train;People;02626;People/12-21f;People/12-21f/025.csv
train;People;02627;People/12-21f;People/12-21f/026.csv
train;People;02631;People/12-21f;People/12-21f/030.csv
train;People;02632;People/12-21f;People/12-21f/031.csv
train;People;02633;People/12-21f;People/12-21f/032.csv
train;People;02634;People/12-21f;People/12-21f/033.csv
train;People;02635;People/12-21f;People/12-21f/034.csv
train;People;02636;People/12-21f;People/12-21f/035.csv
train;People;02637;People/12-21f;People/12-21f/036.csv
train;People;02638;People/12-21f;People/12-21f/037.csv
train;People;02639;People/12-21f;People/12-21f/038.csv
train;People;02640;People/12-21f;People/12-21f/039.csv
train;People;02641;People/12-21f;People/12-21f/040.csv
train;People;02642;People/12-21f;People/12-21f/041.csv
train;People;02644;People/12-21f;People/12-21f/043.csv
train;People;02645;People/12-21f;People/12-21f/044.csv
train;People;02646;People/12-21f;People/12-21f/045.csv
train;People;02647;People/12-21f;People/12-21f/046.csv
train;People;02649;People/12-21f;People/12-21f/048.csv
train;People;02650;People/12-21f;People/12-21f/049.csv
train;People;02652;People/12-21f;People/12-21f/051.csv
train;People;02653;People/12-21f;People/12-21f/052.csv
train;People;02656;People/12-21f;People/12-21f/055.csv
train;People;02658;People/12-21f;People/12-21f/057.csv
train;People;02659;People/12-21f;People/12-21f/058.csv
train;People;02660;People/12-21f;People/12-21f/059.csv
train;People;02661;People/12-21f;People/12-21f/060.csv
train;People;02662;People/12-21f;People/12-21f/061.csv
train;People;02664;People/12-21f;People/12-21f/063.csv
train;People;02666;People/12-21f;People/12-21f/065.csv
train;People;02668;People/12-21f;People/12-21f/067.csv
train;People;02669;People/12-21f;People/12-21f/068.csv
train;People;02671;People/12-21f;People/12-21f/070.csv
train;People;02672;People/12-21f;People/12-21f/071.csv
train;People;02673;People/12-21f;People/12-21f/072.csv
train;People;02675;People/12-21f;People/12-21f/074.csv
train;People;02676;People/12-21f;People/12-21f/075.csv
train;People;02677;People/12-21f;People/12-21f/076.csv
train;People;02679;People/12-21f;People/12-21f/078.csv
train;People;02680;People/12-21f;People/12-21f/079.csv
train;People;02682;People/12-21f;People/12-21f/081.csv
train;People;02683;People/12-21f;People/12-21f/082.csv
train;People;02685;People/12-21f;People/12-21f/084.csv
train;People;02686;People/12-21f;People/12-21f/085.csv
train;People;02687;People/12-21f;People/12-21f/086.csv
train;People;02691;People/12-21f;People/12-21f/090.csv
train;People;02692;People/12-21f;People/12-21f/091.csv
train;People;02693;People/12-21f;People/12-21f/092.csv
train;People;02694;People/12-21f;People/12-21f/093.csv
train;People;02695;People/12-21f;People/12-21f/094.csv
train;People;02696;People/12-21f;People/12-21f/095.csv
train;People;02697;People/12-21f;People/12-21f/096.csv
train;People;02699;People/12-21f;People/12-21f/098.csv
train;People;02700;People/12-21f;People/12-21f/099.csv
train;People;02701;People/12-21f;People/12-21f/100.csv
train;People;02702;People/12-21f;People/12-21f/101.csv
train;People;02703;People/12-21f;People/12-21f/102.csv
train;People;02704;People/12-21f;People/12-21f/103.csv
train;People;02707;People/12-21f;People/12-21f/106.csv
train;People;02709;People/12-21f;People/12-21f/108.csv
train;People;02710;People/12-21f;People/12-21f/109.csv
train;People;02711;People/12-21f;People/12-21f/110.csv
train;People;02712;People/12-21f;People/12-21f/111.csv
train;People;02713;People/12-21f;People/12-21f/112.csv
train;People;02714;People/12-21f;People/12-21f/113.csv
train;People;02715;People/12-21f;People/12-21f/114.csv
train;People;02716;People/12-21f;People/12-21f/115.csv
train;People;02718;People/12-21f;People/12-21f/117.csv
train;People;02720;People/12-21f;People/12-21f/119.csv
train;People;02721;People/12-21f;People/12-21f/120.csv
train;People;02722;People/12-21f;People/12-21f/121.csv
train;People;02724;People/12-21f;People/12-21f/123.csv
train;People;02725;People/12-21f;People/12-21f/124.csv
train;People;02726;People/12-21f;People/12-21f/125.csv
train;People;02727;People/12-21f;People/12-21f/126.csv
train;People;02728;People/12-21f;People/12-21f/127.csv
train;People;02730;People/12-21f;People/12-21f/129.csv
train;People;02731;People/12-21f;People/12-21f/130.csv
train;People;02732;People/12-21f;People/12-21f/131.csv
train;People;02734;People/12-21f;People/12-21f/133.csv
train;People;02735;People/12-21f;People/12-21f/134.csv
train;People;02736;People/12-21f;People/12-21f/135.csv
train;People;02737;People/12-21f;People/12-21f/136.csv
train;People;02738;People/12-21f;People/12-21f/137.csv
train;People;02739;People/12-21f;People/12-21f/138.csv
train;People;02740;People/12-21f;People/12-21f/139.csv
train;People;02741;People/12-21f;People/12-21f/140.csv
train;People;02744;People/12-21f;People/12-21f/143.csv
train;People;02745;People/12-21f;People/12-21f/144.csv
train;People;02746;People/12-21f;People/12-21f/145.csv
train;People;02747;People/12-21f;People/12-21f/146.csv
train;People;02748;People/12-21f;People/12-21f/147.csv
train;People;02749;People/12-21f;People/12-21f/148.csv
train;People;02750;People/12-21f;People/12-21f/149.csv
train;People;02751;People/12-21f;People/12-21f/150.csv
train;People;02753;People/12-21f;People/12-21f/152.csv
train;People;02754;People/12-21f;People/12-21f/153.csv
train;People;02755;People/12-21f;People/12-21f/154.csv
train;People;02757;People/12-21f;People/12-21f/156.csv
train;People;02758;People/12-21f;People/12-21f/157.csv
train;People;02761;People/12-21f;People/12-21f/160.csv
train;People;02762;People/12-21f;People/12-21f/161.csv
train;People;02763;People/12-21f;People/12-21f/162.csv
train;People;02764;People/12-21f;People/12-21f/163.csv
train;People;02767;People/12-21f;People/12-21f/166.csv
train;People;02768;People/12-21f;People/12-21f/167.csv
train;People;02769;People/12-21f;People/12-21f/168.csv
train;People;02770;People/12-21f;People/12-21f/169.csv
train;People;02772;People/12-21f;People/12-21f/171.csv
train;People;02773;People/12-21f;People/12-21f/172.csv
train;People;02774;People/12-21f;People/12-21f/173.csv
train;People;02775;People/12-21f;People/12-21f/174.csv
train;People;02777;People/12-21f;People/12-21f/176.csv
train;People;02778;People/12-21f;People/12-21f/177.csv
train;People;02780;People/12-21f;People/12-21f/179.csv
train;People;02781;People/12-21f;People/12-21f/180.csv
train;People;02783;People/12-21f;People/12-21f/182.csv
train;People;02784;People/12-21f;People/12-21f/183.csv
train;People;02785;People/12-21f;People/12-21f/184.csv
train;People;02786;People/12-21f;People/12-21f/185.csv
train;People;02787;People/12-21f;People/12-21f/186.csv
train;People;02789;People/12-21f;People/12-21f/188.csv
train;People;02791;People/12-21f;People/12-21f/190.csv
train;People;02792;People/12-21f;People/12-21f/191.csv
train;People;02793;People/12-21f;People/12-21f/192.csv
train;People;02794;People/12-21f;People/12-21f/193.csv
train;People;02795;People/12-21f;People/12-21f/194.csv
train;People;02797;People/12-21f;People/12-21f/196.csv
train;People;02798;People/12-21f;People/12-21f/197.csv
train;People;02799;People/12-21f;People/12-21f/198.csv
train;People;02800;People/12-21f;People/12-21f/199.csv
train;People;02801;People/12-21f;People/12-21f/200.csv
train;People;02804;People/12-21f;People/12-21f/203.csv
train;People;02807;People/12-21f;People/12-21f/206.csv
train;People;02808;People/12-21f;People/12-21f/207.csv
train;People;02809;People/12-21f;People/12-21f/208.csv
train;People;02810;People/12-21f;People/12-21f/209.csv
train;People;02811;People/12-21f;People/12-21f/210.csv
train;People;02812;People/12-21f;People/12-21f/211.csv
train;People;02814;People/12-21f;People/12-21f/213.csv
train;People;02815;People/12-21f;People/12-21f/214.csv
train;People;02817;People/12-21f;People/12-21f/216.csv
train;People;02818;People/12-21f;People/12-21f/217.csv
train;People;02820;People/12-21f;People/12-21f/219.csv
train;People;02823;People/12-21f;People/12-21f/222.csv
train;People;02824;People/12-21f;People/12-21f/223.csv
train;People;02825;People/12-21f;People/12-21f/224.csv
train;People;02827;People/12-21f;People/12-21f/226.csv
train;People;02829;People/12-21f;People/12-21f/228.csv
train;People;02831;People/12-21f;People/12-21f/230.csv
train;People;02832;People/12-21f;People/12-21f/231.csv
train;People;02833;People/12-21f;People/12-21f/232.csv
train;People;02835;People/12-21f;People/12-21f/234.csv
train;People;02838;People/12-21f;People/12-21f/237.csv
train;People;02839;People/12-21f;People/12-21f/238.csv
train;People;02840;People/12-21f;People/12-21f/239.csv
train;People;02841;People/12-21f;People/12-21f/240.csv
train;People;02842;People/12-21f;People/12-21f/241.csv
train;People;02843;People/12-21f;People/12-21f/242.csv
train;People;02845;People/12-21f;People/12-21f/244.csv
train;People;02846;People/12-21f;People/12-21f/245.csv
train;People;02849;People/12-21f;People/12-21f/248.csv
train;People;02850;People/12-21f;People/12-21f/249.csv
train;People;02853;People/12-21f;People/12-21f/252.csv
train;People;02854;People/12-21f;People/12-21f/253.csv
train;People;02855;People/12-21f;People/12-21f/254.csv
train;People;02857;People/12-21f;People/12-21f/256.csv
train;People;02858;People/12-21f;People/12-21f/257.csv
train;People;02859;People/12-21f;People/12-21f/258.csv
train;People;02862;People/12-21i;People/12-21i/002.csv
train;People;02864;People/12-21i;People/12-21i/004.csv
train;People;02866;People/12-21i;People/12-21i/006.csv
train;People;02867;People/12-21i;People/12-21i/007.csv
train;People;02868;People/12-21i;People/12-21i/008.csv
train;People;02870;People/12-21i;People/12-21i/010.csv
train;People;02871;People/12-21i;People/12-21i/011.csv
train;People;02872;People/12-21i;People/12-21i/012.csv
train;People;02873;People/12-21i;People/12-21i/013.csv
train;People;02874;People/12-21i;People/12-21i/014.csv
train;People;02875;People/12-21i;People/12-21i/015.csv
train;People;02876;People/12-21i;People/12-21i/016.csv
train;People;02877;People/12-21i;People/12-21i/017.csv
train;People;02879;People/12-21i;People/12-21i/019.csv
train;People;02882;People/12-21i;People/12-21i/022.csv
train;People;02885;People/12-21i;People/12-21i/025.csv
train;People;02886;People/12-21i;People/12-21i/026.csv
train;People;02889;People/12-21i;People/12-21i/029.csv
train;People;02890;People/12-21i;People/12-21i/030.csv
train;People;02892;People/12-21i;People/12-21i/032.csv
train;People;02895;People/12-21i;People/12-21i/035.csv
train;People;02897;People/12-21i;People/12-21i/037.csv
train;People;02898;People/12-21i;People/12-21i/038.csv
train;People;02899;People/12-21i;People/12-21i/039.csv
train;People;02902;People/12-21i;People/12-21i/042.csv
train;People;02904;People/12-21i;People/12-21i/044.csv
train;People;02905;People/12-21i;People/12-21i/045.csv
train;People;02906;People/12-21i;People/12-21i/046.csv
train;People;02908;People/12-21i;People/12-21i/048.csv
train;People;02910;People/12-21i;People/12-21i/050.csv
train;People;02912;People/12-21i;People/12-21i/052.csv
train;People;02913;People/12-21i;People/12-21i/053.csv
train;People;02914;People/12-21i;People/12-21i/054.csv
train;People;02915;People/12-21i;People/12-21i/055.csv
train;People;02916;People/12-21i;People/12-21i/056.csv
train;People;02919;People/12-21i;People/12-21i/059.csv
train;People;02920;People/12-21i;People/12-21i/060.csv
train;People;02921;People/12-21i;People/12-21i/061.csv
train;People;02924;People/12-21i;People/12-21i/064.csv
train;People;02925;People/12-21i;People/12-21i/065.csv
train;People;02929;People/12-21i;People/12-21i/069.csv
train;People;02931;People/12-21i;People/12-21i/071.csv
train;People;02932;People/12-21i;People/12-21i/072.csv
train;People;02934;People/12-21i;People/12-21i/074.csv
train;People;02935;People/12-21i;People/12-21i/075.csv
train;People;02936;People/12-21i;People/12-21i/076.csv
train;People;02937;People/12-21i;People/12-21i/077.csv
train;People;02939;People/12-21i;People/12-21i/079.csv
train;People;02941;People/12-21i;People/12-21i/081.csv
train;People;02942;People/12-21i;People/12-21i/082.csv
train;People;02943;People/12-21i;People/12-21i/083.csv
train;People;02944;People/12-21i;People/12-21i/084.csv
train;People;02945;People/12-21i;People/12-21i/085.csv
train;People;02946;People/12-21i;People/12-21i/086.csv
train;People;02947;People/12-21i;People/12-21i/087.csv
train;People;02948;People/12-21i;People/12-21i/088.csv
train;People;02950;People/12-21i;People/12-21i/090.csv
train;People;02951;People/12-21i;People/12-21i/091.csv
train;People;02952;People/12-21i;People/12-21i/092.csv
train;People;02953;People/12-21i;People/12-21i/093.csv
train;People;02954;People/12-21i;People/12-21i/094.csv
train;People;02955;People/12-21i;People/12-21i/095.csv
train;People;02956;People/12-21i;People/12-21i/096.csv
train;People;02957;People/12-21i;People/12-21i/097.csv
train;People;02959;People/12-21i;People/12-21i/099.csv
train;People;02960;People/12-21i;People/12-21i/100.csv
train;People;02961;People/12-21i;People/12-21i/101.csv
train;People;02962;People/12-21i;People/12-21i/102.csv
train;People;02963;People/12-21i;People/12-21i/103.csv
train;People;02964;People/12-21i;People/12-21i/104.csv
train;People;02965;People/12-21i;People/12-21i/105.csv
train;People;02966;People/12-21i;People/12-21i/106.csv
train;People;02968;People/12-21i;People/12-21i/108.csv
train;People;02969;People/12-21i;People/12-21i/109.csv
train;People;02970;People/12-21i;People/12-21i/110.csv
train;People;02972;People/12-21i;People/12-21i/112.csv
train;People;02974;People/12-21i;People/12-21i/114.csv
train;People;02975;People/12-21i;People/12-21i/115.csv
train;People;02976;People/12-21i;People/12-21i/116.csv
train;People;02977;People/12-21i;People/12-21i/117.csv
train;People;02979;People/12-21i;People/12-21i/119.csv
train;People;02980;People/12-21i;People/12-21i/120.csv
train;People;02981;People/12-21i;People/12-21i/121.csv
train;People;02982;People/12-21i;People/12-21i/122.csv
train;People;02983;People/12-21i;People/12-21i/123.csv
train;People;02984;People/12-21i;People/12-21i/124.csv
train;People;02985;People/12-21i;People/12-21i/125.csv
train;People;02988;People/12-21i;People/12-21i/128.csv
train;People;02989;People/12-21i;People/12-21i/129.csv
train;People;02990;People/12-21i;People/12-21i/130.csv
train;People;02991;People/12-21i;People/12-21i/131.csv
train;People;02994;People/12-21i;People/12-21i/134.csv
train;People;02995;People/12-21i;People/12-21i/135.csv
train;People;02999;People/12-21i;People/12-21i/139.csv
train;People;03000;People/12-21i;People/12-21i/140.csv
train;People;03001;People/12-21i;People/12-21i/141.csv
train;People;03002;People/12-21i;People/12-21i/142.csv
train;People;03004;People/12-21i;People/12-21i/144.csv
train;People;03005;People/12-21i;People/12-21i/145.csv
train;People;03006;People/12-21i;People/12-21i/146.csv
train;People;03009;People/12-21i;People/12-21i/149.csv
train;People;03010;People/12-21i;People/12-21i/150.csv
train;People;03011;People/12-21i;People/12-21i/151.csv
train;People;03012;People/12-21i;People/12-21i/152.csv
train;People;03014;People/12-21i;People/12-21i/154.csv
train;People;03015;People/12-21i;People/12-21i/155.csv
train;People;03016;People/12-21i;People/12-21i/156.csv
train;People;03020;People/12-21i;People/12-21i/160.csv
train;People;03021;People/12-21i;People/12-21i/161.csv
train;People;03022;People/12-21i;People/12-21i/162.csv
train;People;03023;People/12-21i;People/12-21i/163.csv
train;People;03026;People/12-21i;People/12-21i/166.csv
train;People;03027;People/12-21i;People/12-21i/167.csv
train;People;03028;People/12-21i;People/12-21i/168.csv
train;People;03029;People/12-21i;People/12-21i/169.csv
train;People;03030;People/12-21i;People/12-21i/170.csv
train;People;03031;People/12-21i;People/12-21i/171.csv
train;People;03032;People/12-21i;People/12-21i/172.csv
train;People;03034;People/12-21i;People/12-21i/174.csv
train;People;03037;People/12-21i;People/12-21i/177.csv
train;People;03038;People/12-21i;People/12-21i/178.csv
train;People;03039;People/12-21i;People/12-21i/179.csv
train;People;03040;People/12-21i;People/12-21i/180.csv
train;People;03041;People/12-21i;People/12-21i/181.csv
train;People;03042;People/12-21i;People/12-21i/182.csv
train;People;03043;People/12-21i;People/12-21i/183.csv
train;People;03047;People/12-21i;People/12-21i/187.csv
train;People;03048;People/12-21i;People/12-21i/188.csv
train;People;03049;People/12-21i;People/12-21i/189.csv
train;People;03051;People/12-21i;People/12-21i/191.csv
train;People;03052;People/12-21i;People/12-21i/192.csv
train;People;03053;People/12-21i;People/12-21i/193.csv
train;People;03055;People/12-21i;People/12-21i/195.csv
train;People;03056;People/12-21i;People/12-21i/196.csv
train;People;03057;People/12-21i;People/12-21i/197.csv
train;People;03058;People/12-21i;People/12-21i/198.csv
train;People;03060;People/12-21i;People/12-21i/200.csv
train;People;03061;People/12-21i;People/12-21i/201.csv
train;People;03062;People/12-21i;People/12-21i/202.csv
train;People;03063;People/12-21i;People/12-21i/203.csv
train;People;03064;People/12-21i;People/12-21i/204.csv
train;People;03065;People/12-21i;People/12-21i/205.csv
train;People;03068;People/12-21i;People/12-21i/208.csv
train;People;03069;People/12-21i;People/12-21i/209.csv
train;People;03070;People/12-21i;People/12-21i/210.csv
train;People;03071;People/12-21i;People/12-21i/211.csv
train;People;03072;People/12-21i;People/12-21i/212.csv
train;People;03073;People/12-21i;People/12-21i/213.csv
train;People;03074;People/12-21i;People/12-21i/214.csv
train;People;03079;People/12-21i;People/12-21i/219.csv
train;People;03080;People/12-21i;People/12-21i/220.csv
train;People;03082;People/12-21i;People/12-21i/222.csv
train;People;03084;People/12-21i;People/12-21i/224.csv
train;People;03085;People/12-21i;People/12-21i/225.csv
train;People;03087;People/12-21i;People/12-21i/227.csv
train;People;03088;People/12-21i;People/12-21i/228.csv
train;People;03089;People/12-21i;People/12-21i/229.csv
train;People;03092;People/12-21i;People/12-21i/232.csv
train;People;03093;People/12-21i;People/12-21i/233.csv
train;People;03094;People/12-21i;People/12-21i/234.csv
train;People;03098;People/12-21i;People/12-21i/238.csv
train;People;03099;People/12-21i;People/12-21i/239.csv
train;People;03100;People/12-21i;People/12-21i/240.csv
train;People;03101;People/12-21i;People/12-21i/241.csv
train;People;03103;People/12-21i;People/12-21i/243.csv
train;People;03104;People/12-21i;People/12-21i/244.csv
train;People;03105;People/12-21i;People/12-21i/245.csv
train;People;03106;People/12-21i;People/12-21i/246.csv
train;People;03107;People/12-21i;People/12-21i/247.csv
train;People;03109;People/12-21i;People/12-21i/249.csv
train;People;03111;People/12-21i;People/12-21i/251.csv
train;People;03112;People/12-21i;People/12-21i/252.csv
train;People;03113;People/12-21i;People/12-21i/253.csv
train;People;03116;People/12-21i;People/12-21i/256.csv
train;People;03117;People/12-21i;People/12-21i/257.csv
train;People;03118;People/12-21i;People/12-21i/258.csv
train;People;03119;People/12-21i;People/12-21i/259.csv
train;People;03120;People/12-21i;People/12-21i/260.csv
train;People;03121;People/12-21i;People/12-21i/261.csv
train;People;03123;People/12-21i;People/12-21i/263.csv
train;People;03125;People/12-21i;People/12-21i/265.csv
train;People;03126;People/12-21i;People/12-21i/266.csv
train;People;03127;People/12-21i;People/12-21i/267.csv
train;People;03135;People/12-29f;People/12-29f/008.csv
train;People;03136;People/12-29f;People/12-29f/009.csv
train;People;03137;People/12-29f;People/12-29f/010.csv
train;People;03138;People/12-29f;People/12-29f/011.csv
train;People;03139;People/12-29f;People/12-29f/012.csv
train;People;03140;People/12-29f;People/12-29f/013.csv
train;People;03141;People/12-29f;People/12-29f/014.csv
train;People;03142;People/12-29f;People/12-29f/015.csv
train;People;03143;People/12-29f;People/12-29f/016.csv
train;People;03144;People/12-29f;People/12-29f/017.csv
train;People;03145;People/12-29f;People/12-29f/018.csv
train;People;03146;People/12-29f;People/12-29f/019.csv
train;People;03147;People/12-29f;People/12-29f/020.csv
train;People;03148;People/12-29f;People/12-29f/021.csv
train;People;03152;People/12-29f;People/12-29f/025.csv
train;People;03153;People/12-29f;People/12-29f/026.csv
train;People;03155;People/12-29f;People/12-29f/028.csv
train;People;03156;People/12-29f;People/12-29f/029.csv
train;People;03157;People/12-29f;People/12-29f/030.csv
train;People;03158;People/12-29f;People/12-29f/031.csv
train;People;03159;People/12-29f;People/12-29f/032.csv
train;People;03161;People/12-29f;People/12-29f/034.csv
train;People;03162;People/12-29f;People/12-29f/035.csv
train;People;03163;People/12-29f;People/12-29f/036.csv
train;People;03169;People/12-29f;People/12-29f/042.csv
train;People;03171;People/12-29f;People/12-29f/044.csv
train;People;03172;People/12-29f;People/12-29f/045.csv
train;People;03174;People/12-29f;People/12-29f/047.csv
train;People;03175;People/12-29f;People/12-29f/048.csv
train;People;03176;People/12-29f;People/12-29f/049.csv
train;People;03177;People/12-29f;People/12-29f/050.csv
train;People;03178;People/12-29f;People/12-29f/051.csv
train;People;03179;People/12-29f;People/12-29f/052.csv
train;People;03180;People/12-29f;People/12-29f/053.csv
train;People;03181;People/12-29f;People/12-29f/054.csv
train;People;03184;People/12-29f;People/12-29f/057.csv
train;People;03187;People/12-29f;People/12-29f/060.csv
train;People;03189;People/12-29f;People/12-29f/062.csv
train;People;03190;People/12-29f;People/12-29f/063.csv
train;People;03191;People/12-29f;People/12-29f/064.csv
train;People;03192;People/12-29f;People/12-29f/065.csv
train;People;03193;People/12-29f;People/12-29f/066.csv
train;People;03194;People/12-29f;People/12-29f/067.csv
train;People;03195;People/12-29f;People/12-29f/068.csv
train;People;03196;People/12-29f;People/12-29f/069.csv
train;People;03199;People/12-29f;People/12-29f/072.csv
train;People;03201;People/12-29f;People/12-29f/074.csv
train;People;03202;People/12-29f;People/12-29f/075.csv
train;People;03203;People/12-29f;People/12-29f/076.csv
train;People;03204;People/12-29f;People/12-29f/077.csv
train;People;03206;People/12-29f;People/12-29f/079.csv
train;People;03208;People/12-29f;People/12-29f/081.csv
train;People;03212;People/12-29f;People/12-29f/085.csv
train;People;03213;People/12-29f;People/12-29f/086.csv
train;People;03214;People/12-29f;People/12-29f/087.csv
train;People;03215;People/12-29f;People/12-29f/088.csv
train;People;03216;People/12-29f;People/12-29f/089.csv
train;People;03217;People/12-29f;People/12-29f/090.csv
train;People;03218;People/12-29f;People/12-29f/091.csv
train;People;03219;People/12-29f;People/12-29f/092.csv
train;People;03220;People/12-29f;People/12-29f/093.csv
train;People;03222;People/12-29f;People/12-29f/095.csv
train;People;03223;People/12-29f;People/12-29f/096.csv
train;People;03224;People/12-29f;People/12-29f/097.csv
train;People;03225;People/12-29f;People/12-29f/098.csv
train;People;03226;People/12-29f;People/12-29f/099.csv
train;People;03229;People/12-29f;People/12-29f/102.csv
train;People;03230;People/12-29f;People/12-29f/103.csv
train;People;03231;People/12-29f;People/12-29f/104.csv
train;People;03233;People/12-29f;People/12-29f/106.csv
train;People;03234;People/12-29f;People/12-29f/107.csv
train;People;03235;People/12-29f;People/12-29f/108.csv
train;People;03236;People/12-29f;People/12-29f/109.csv
train;People;03237;People/12-29f;People/12-29f/110.csv
train;People;03238;People/12-29f;People/12-29f/111.csv
train;People;03240;People/12-29f;People/12-29f/113.csv
train;People;03242;People/12-29f;People/12-29f/115.csv
train;People;03243;People/12-29f;People/12-29f/116.csv
train;People;03244;People/12-29f;People/12-29f/117.csv
train;People;03248;People/12-29f;People/12-29f/121.csv
train;People;03249;People/12-29f;People/12-29f/122.csv
train;People;03250;People/12-29f;People/12-29f/123.csv
train;People;03252;People/12-29f;People/12-29f/125.csv
train;People;03254;People/12-29f;People/12-29f/127.csv
train;People;03256;People/12-29f;People/12-29f/129.csv
train;People;03257;People/12-29f;People/12-29f/130.csv
train;People;03259;People/12-29f;People/12-29f/132.csv
train;People;03260;People/12-29f;People/12-29f/133.csv
train;People;03261;People/12-29f;People/12-29f/134.csv
train;People;03262;People/12-29f;People/12-29f/135.csv
train;People;03263;People/12-29f;People/12-29f/136.csv
train;People;03265;People/12-29f;People/12-29f/138.csv
train;People;03266;People/12-29f;People/12-29f/139.csv
train;People;03267;People/12-29f;People/12-29f/140.csv
train;People;03268;People/12-29f;People/12-29f/141.csv
train;People;03270;People/12-29f;People/12-29f/143.csv
train;People;03272;People/12-29f;People/12-29f/145.csv
train;People;03273;People/12-29f;People/12-29f/146.csv
train;People;03274;People/12-29f;People/12-29f/147.csv
train;People;03275;People/12-29f;People/12-29f/148.csv
train;People;03276;People/12-29f;People/12-29f/149.csv
train;People;03278;People/12-29f;People/12-29f/151.csv
train;People;03279;People/12-29f;People/12-29f/152.csv
train;People;03281;People/12-29f;People/12-29f/154.csv
train;People;03282;People/12-29f;People/12-29f/155.csv
train;People;03283;People/12-29f;People/12-29f/156.csv
train;People;03284;People/12-29f;People/12-29f/157.csv
train;People;03285;People/12-29f;People/12-29f/158.csv
train;People;03288;People/12-29f;People/12-29f/161.csv
train;People;03289;People/12-29f;People/12-29f/162.csv
train;People;03291;People/12-29f;People/12-29f/164.csv
train;People;03292;People/12-29f;People/12-29f/165.csv
train;People;03293;People/12-29f;People/12-29f/166.csv
train;People;03294;People/12-29f;People/12-29f/167.csv
train;People;03295;People/12-29f;People/12-29f/168.csv
train;People;03296;People/12-29f;People/12-29f/169.csv
train;People;03298;People/12-29f;People/12-29f/171.csv
train;People;03299;People/12-29f;People/12-29f/172.csv
train;People;03300;People/12-29f;People/12-29f/173.csv
train;People;03301;People/12-29f;People/12-29f/174.csv
train;People;03302;People/12-29f;People/12-29f/175.csv
train;People;03303;People/12-29f;People/12-29f/176.csv
train;People;03305;People/12-29f;People/12-29f/178.csv
train;People;03307;People/12-29f;People/12-29f/180.csv
train;People;03309;People/12-29f;People/12-29f/182.csv
train;People;03310;People/12-29f;People/12-29f/183.csv
train;People;03311;People/12-29f;People/12-29f/184.csv
train;People;03312;People/12-29f;People/12-29f/185.csv
train;People;03313;People/12-29f;People/12-29f/186.csv
train;People;03314;People/12-29f;People/12-29f/187.csv
train;People;03315;People/12-29f;People/12-29f/188.csv
train;People;03317;People/12-29f;People/12-29f/190.csv
train;People;03319;People/12-29f;People/12-29f/192.csv
train;People;03321;People/12-29f;People/12-29f/194.csv
train;People;03322;People/12-29f;People/12-29f/195.csv
train;People;03323;People/12-29f;People/12-29f/196.csv
train;People;03325;People/12-29f;People/12-29f/198.csv
train;People;03326;People/12-29f;People/12-29f/199.csv
train;People;03328;People/12-29f;People/12-29f/201.csv
train;People;03330;People/12-29f;People/12-29f/203.csv
train;People;03331;People/12-29f;People/12-29f/204.csv
train;People;03332;People/12-29f;People/12-29f/205.csv
train;People;03333;People/12-29f;People/12-29f/206.csv
train;People;03334;People/12-29f;People/12-29f/207.csv
train;People;03336;People/12-29f;People/12-29f/209.csv
train;People;03337;People/12-29f;People/12-29f/210.csv
train;People;03339;People/12-29f;People/12-29f/212.csv
train;People;03340;People/12-29f;People/12-29f/213.csv
train;People;03341;People/12-29f;People/12-29f/214.csv
train;People;03343;People/12-29f;People/12-29f/216.csv
train;People;03344;People/12-29f;People/12-29f/217.csv
train;People;03345;People/12-29f;People/12-29f/218.csv
train;People;03346;People/12-29f;People/12-29f/219.csv
train;People;03347;People/12-29f;People/12-29f/220.csv
train;People;03349;People/12-29f;People/12-29f/222.csv
train;People;03351;People/12-29f;People/12-29f/224.csv
train;People;03352;People/12-29f;People/12-29f/225.csv
train;People;03353;People/12-29f;People/12-29f/226.csv
train;People;03355;People/12-29f;People/12-29f/228.csv
train;People;03357;People/12-29f;People/12-29f/230.csv
train;People;03359;People/12-29i;People/12-29i/002.csv
train;People;03360;People/12-29i;People/12-29i/003.csv
train;People;03361;People/12-29i;People/12-29i/004.csv
train;People;03362;People/12-29i;People/12-29i/005.csv
train;People;03364;People/12-29i;People/12-29i/007.csv
train;People;03365;People/12-29i;People/12-29i/008.csv
train;People;03366;People/12-29i;People/12-29i/009.csv
train;People;03367;People/12-29i;People/12-29i/010.csv
train;People;03368;People/12-29i;People/12-29i/011.csv
train;People;03369;People/12-29i;People/12-29i/012.csv
train;People;03370;People/12-29i;People/12-29i/013.csv
train;People;03372;People/12-29i;People/12-29i/015.csv
train;People;03373;People/12-29i;People/12-29i/016.csv
train;People;03374;People/12-29i;People/12-29i/017.csv
train;People;03375;People/12-29i;People/12-29i/018.csv
train;People;03377;People/12-29i;People/12-29i/020.csv
train;People;03378;People/12-29i;People/12-29i/021.csv
train;People;03379;People/12-29i;People/12-29i/022.csv
train;People;03380;People/12-29i;People/12-29i/023.csv
train;People;03381;People/12-29i;People/12-29i/024.csv
train;People;03383;People/12-29i;People/12-29i/026.csv
train;People;03384;People/12-29i;People/12-29i/027.csv
train;People;03385;People/12-29i;People/12-29i/028.csv
train;People;03386;People/12-29i;People/12-29i/029.csv
train;People;03388;People/12-29i;People/12-29i/031.csv
train;People;03390;People/12-29i;People/12-29i/033.csv
train;People;03391;People/12-29i;People/12-29i/034.csv
train;People;03392;People/12-29i;People/12-29i/035.csv
train;People;03394;People/12-29i;People/12-29i/037.csv
train;People;03395;People/12-29i;People/12-29i/038.csv
train;People;03396;People/12-29i;People/12-29i/039.csv
train;People;03397;People/12-29i;People/12-29i/040.csv
train;People;03398;People/12-29i;People/12-29i/041.csv
train;People;03399;People/12-29i;People/12-29i/042.csv
train;People;03402;People/12-29i;People/12-29i/045.csv
train;People;03404;People/12-29i;People/12-29i/047.csv
train;People;03408;People/12-29i;People/12-29i/051.csv
train;People;03409;People/12-29i;People/12-29i/052.csv
train;People;03410;People/12-29i;People/12-29i/053.csv
train;People;03412;People/12-29i;People/12-29i/055.csv
train;People;03413;People/12-29i;People/12-29i/056.csv
train;People;03414;People/12-29i;People/12-29i/057.csv
train;People;03416;People/12-29i;People/12-29i/059.csv
train;People;03417;People/12-29i;People/12-29i/060.csv
train;People;03418;People/12-29i;People/12-29i/061.csv
train;People;03419;People/12-29i;People/12-29i/062.csv
train;People;03420;People/12-29i;People/12-29i/063.csv
train;People;03421;People/12-29i;People/12-29i/064.csv
train;People;03422;People/12-29i;People/12-29i/065.csv
train;People;03424;People/12-29i;People/12-29i/067.csv
train;People;03426;People/12-29i;People/12-29i/069.csv
train;People;03428;People/12-29i;People/12-29i/071.csv
train;People;03431;People/12-29i;People/12-29i/074.csv
train;People;03433;People/12-29i;People/12-29i/076.csv
train;People;03434;People/12-29i;People/12-29i/077.csv
train;People;03435;People/12-29i;People/12-29i/078.csv
train;People;03436;People/12-29i;People/12-29i/079.csv
train;People;03437;People/12-29i;People/12-29i/080.csv
train;People;03439;People/12-29i;People/12-29i/082.csv
train;People;03440;People/12-29i;People/12-29i/083.csv
train;People;03441;People/12-29i;People/12-29i/084.csv
train;People;03445;People/12-29i;People/12-29i/088.csv
train;People;03446;People/12-29i;People/12-29i/089.csv
train;People;03447;People/12-29i;People/12-29i/090.csv
train;People;03448;People/12-29i;People/12-29i/091.csv
train;People;03449;People/12-29i;People/12-29i/092.csv
train;People;03450;People/12-29i;People/12-29i/093.csv
train;People;03452;People/12-29i;People/12-29i/095.csv
train;People;03453;People/12-29i;People/12-29i/096.csv
train;People;03454;People/12-29i;People/12-29i/097.csv
train;People;03456;People/12-29i;People/12-29i/099.csv
train;People;03457;People/12-29i;People/12-29i/100.csv
train;People;03458;People/12-29i;People/12-29i/101.csv
train;People;03461;People/12-29i;People/12-29i/104.csv
train;People;03462;People/12-29i;People/12-29i/105.csv
train;People;03463;People/12-29i;People/12-29i/106.csv
train;People;03465;People/12-29i;People/12-29i/108.csv
train;People;03466;People/12-29i;People/12-29i/109.csv
train;People;03467;People/12-29i;People/12-29i/110.csv
train;People;03469;People/12-29i;People/12-29i/112.csv
train;People;03472;People/12-29i;People/12-29i/115.csv
train;People;03473;People/12-29i;People/12-29i/116.csv
train;People;03474;People/12-29i;People/12-29i/117.csv
train;People;03475;People/12-29i;People/12-29i/118.csv
train;People;03477;People/12-29i;People/12-29i/120.csv
train;People;03478;People/12-29i;People/12-29i/121.csv
train;People;03479;People/12-29i;People/12-29i/122.csv
train;People;03485;People/12-29i;People/12-29i/128.csv
train;People;03486;People/12-29i;People/12-29i/129.csv
train;People;03487;People/12-29i;People/12-29i/130.csv
train;People;03490;People/12-29i;People/12-29i/133.csv
train;People;03491;People/12-29i;People/12-29i/134.csv
train;People;03494;People/12-29i;People/12-29i/137.csv
train;People;03496;People/12-29i;People/12-29i/139.csv
train;People;03497;People/12-29i;People/12-29i/140.csv
train;People;03499;People/12-29i;People/12-29i/142.csv
train;People;03500;People/12-29i;People/12-29i/143.csv
train;People;03501;People/12-29i;People/12-29i/144.csv
train;People;03502;People/12-29i;People/12-29i/145.csv
train;People;03503;People/12-29i;People/12-29i/146.csv
train;People;03504;People/12-29i;People/12-29i/147.csv
train;People;03507;People/12-29i;People/12-29i/150.csv
train;People;03508;People/12-29i;People/12-29i/151.csv
train;People;03509;People/12-29i;People/12-29i/152.csv
train;People;03511;People/12-29i;People/12-29i/154.csv
train;People;03512;People/12-29i;People/12-29i/155.csv
train;People;03513;People/12-29i;People/12-29i/156.csv
train;People;03515;People/12-29i;People/12-29i/158.csv
train;People;03516;People/12-29i;People/12-29i/159.csv
train;People;03517;People/12-29i;People/12-29i/160.csv
train;People;03518;People/12-29i;People/12-29i/161.csv
train;People;03520;People/12-29i;People/12-29i/163.csv
train;People;03521;People/12-29i;People/12-29i/164.csv
train;People;03522;People/12-29i;People/12-29i/165.csv
train;People;03523;People/12-29i;People/12-29i/166.csv
train;People;03524;People/12-29i;People/12-29i/167.csv
train;People;03526;People/12-29i;People/12-29i/169.csv
train;People;03527;People/12-29i;People/12-29i/170.csv
train;People;03528;People/12-29i;People/12-29i/171.csv
train;People;03529;People/12-29i;People/12-29i/172.csv
train;People;03530;People/12-29i;People/12-29i/173.csv
train;People;03531;People/12-29i;People/12-29i/174.csv
train;People;03532;People/12-29i;People/12-29i/175.csv
train;People;03534;People/12-29i;People/12-29i/177.csv
train;People;03538;People/12-29i;People/12-29i/181.csv
train;People;03539;People/12-29i;People/12-29i/182.csv
train;People;03543;People/12-29i;People/12-29i/186.csv
train;People;03547;People/12-29i;People/12-29i/190.csv
train;People;03548;People/12-29i;People/12-29i/191.csv
train;People;03549;People/12-29i;People/12-29i/192.csv
train;People;03550;People/12-29i;People/12-29i/193.csv
train;People;03554;People/12-29i;People/12-29i/197.csv
train;People;03556;People/12-29i;People/12-29i/199.csv
train;People;03557;People/12-29i;People/12-29i/200.csv
train;People;03558;People/12-29i;People/12-29i/201.csv
train;People;03559;People/12-29i;People/12-29i/202.csv
train;People;03560;People/12-29i;People/12-29i/203.csv
train;People;03562;People/12-29i;People/12-29i/205.csv
train;People;03563;People/12-29i;People/12-29i/206.csv
train;People;03564;People/12-29i;People/12-29i/207.csv
train;People;03565;People/12-29i;People/12-29i/208.csv
train;People;03566;People/12-29i;People/12-29i/209.csv
train;People;03567;People/12-29i;People/12-29i/210.csv
train;People;03569;People/12-29i;People/12-29i/212.csv
train;People;03570;People/12-29i;People/12-29i/213.csv
train;People;03573;People/12-29i;People/12-29i/216.csv
train;People;03575;People/12-29i;People/12-29i/218.csv
train;People;03577;People/12-29i;People/12-29i/220.csv
train;People;03578;People/12-29i;People/12-29i/221.csv
train;People;03579;People/12-29i;People/12-29i/222.csv
train;People;03580;People/12-29i;People/12-29i/223.csv
train;People;03582;People/12-29i;People/12-29i/225.csv
train;People;03583;People/12-29i;People/12-29i/226.csv
train;People;03585;People/12-29i;People/12-29i/228.csv
train;People;03587;People/12-29i;People/12-29i/230.csv
train;People;03588;People/12-29i;People/12-29i/231.csv
train;People;03589;People/12-29i;People/12-29i/232.csv
train;People;03590;People/12-29i;People/12-29i/233.csv
train;People;03591;People/12-29i;People/12-29i/234.csv
train;People;03592;People/12-29i;People/12-29i/235.csv
train;People;03594;People/12-29i;People/12-29i/237.csv
train;People;03595;People/12-29i;People/12-29i/238.csv
train;People;03596;People/12-29i;People/12-29i/239.csv
train;People;03597;People/12-38f;People/12-38f/001.csv
train;People;03598;People/12-38f;People/12-38f/002.csv
train;People;03599;People/12-38f;People/12-38f/003.csv
train;People;03600;People/12-38f;People/12-38f/004.csv
train;People;03601;People/12-38f;People/12-38f/005.csv
train;People;03602;People/12-38f;People/12-38f/006.csv
train;People;03603;People/12-38f;People/12-38f/007.csv
train;People;03604;People/12-38f;People/12-38f/008.csv
train;People;03605;People/12-38f;People/12-38f/009.csv
train;People;03607;People/12-38f;People/12-38f/011.csv
train;People;03608;People/12-38f;People/12-38f/012.csv
train;People;03609;People/12-38f;People/12-38f/013.csv
train;People;03610;People/12-38f;People/12-38f/014.csv
train;People;03611;People/12-38f;People/12-38f/015.csv
train;People;03613;People/12-38f;People/12-38f/017.csv
train;People;03614;People/12-38f;People/12-38f/018.csv
train;People;03615;People/12-38f;People/12-38f/019.csv
train;People;03616;People/12-38f;People/12-38f/020.csv
train;People;03618;People/12-38f;People/12-38f/022.csv
train;People;03619;People/12-38f;People/12-38f/023.csv
train;People;03620;People/12-38f;People/12-38f/024.csv
train;People;03621;People/12-38f;People/12-38f/025.csv
train;People;03622;People/12-38f;People/12-38f/026.csv
train;People;03624;People/12-38f;People/12-38f/028.csv
train;People;03626;People/12-38f;People/12-38f/030.csv
train;People;03628;People/12-38f;People/12-38f/032.csv
train;People;03630;People/12-38f;People/12-38f/034.csv
train;People;03631;People/12-38f;People/12-38f/035.csv
train;People;03632;People/12-38f;People/12-38f/036.csv
train;People;03633;People/12-38f;People/12-38f/037.csv
train;People;03634;People/12-38f;People/12-38f/038.csv
train;People;03636;People/12-38f;People/12-38f/040.csv
train;People;03637;People/12-38f;People/12-38f/041.csv
train;People;03638;People/12-38f;People/12-38f/042.csv
train;People;03639;People/12-38f;People/12-38f/043.csv
train;People;03641;People/12-38f;People/12-38f/045.csv
train;People;03643;People/12-38f;People/12-38f/047.csv
train;People;03644;People/12-38f;People/12-38f/048.csv
train;People;03645;People/12-38f;People/12-38f/049.csv
train;People;03646;People/12-38f;People/12-38f/050.csv
train;People;03649;People/12-38f;People/12-38f/053.csv
train;People;03650;People/12-38f;People/12-38f/054.csv
train;People;03653;People/12-38f;People/12-38f/057.csv
train;People;03654;People/12-38f;People/12-38f/058.csv
train;People;03655;People/12-38f;People/12-38f/059.csv
train;People;03656;People/12-38f;People/12-38f/060.csv
train;People;03657;People/12-38f;People/12-38f/061.csv
train;People;03658;People/12-38f;People/12-38f/062.csv
train;People;03661;People/12-38f;People/12-38f/065.csv
train;People;03663;People/12-38f;People/12-38f/067.csv
train;People;03664;People/12-38f;People/12-38f/068.csv
train;People;03665;People/12-38f;People/12-38f/069.csv
train;People;03666;People/12-38f;People/12-38f/070.csv
train;People;03667;People/12-38f;People/12-38f/071.csv
train;People;03669;People/12-38f;People/12-38f/073.csv
train;People;03670;People/12-38f;People/12-38f/074.csv
train;People;03671;People/12-38f;People/12-38f/075.csv
train;People;03673;People/12-38f;People/12-38f/077.csv
train;People;03674;People/12-38f;People/12-38f/078.csv
train;People;03675;People/12-38f;People/12-38f/079.csv
train;People;03676;People/12-38f;People/12-38f/080.csv
train;People;03677;People/12-38f;People/12-38f/081.csv
train;People;03678;People/12-38f;People/12-38f/082.csv
train;People;03679;People/12-38f;People/12-38f/083.csv
train;People;03680;People/12-38f;People/12-38f/084.csv
train;People;03682;People/12-38f;People/12-38f/086.csv
train;People;03684;People/12-38f;People/12-38f/088.csv
train;People;03685;People/12-38f;People/12-38f/089.csv
train;People;03686;People/12-38f;People/12-38f/090.csv
train;People;03687;People/12-38f;People/12-38f/091.csv
train;People;03688;People/12-38f;People/12-38f/092.csv
train;People;03691;People/12-38f;People/12-38f/095.csv
train;People;03693;People/12-38f;People/12-38f/097.csv
train;People;03695;People/12-38f;People/12-38f/099.csv
train;People;03696;People/12-38f;People/12-38f/100.csv
train;People;03697;People/12-38f;People/12-38f/101.csv
train;People;03698;People/12-38f;People/12-38f/102.csv
train;People;03700;People/12-38f;People/12-38f/104.csv
train;People;03701;People/12-38f;People/12-38f/105.csv
train;People;03702;People/12-38f;People/12-38f/106.csv
train;People;03703;People/12-38f;People/12-38f/107.csv
train;People;03705;People/12-38f;People/12-38f/109.csv
train;People;03706;People/12-38f;People/12-38f/110.csv
train;People;03708;People/12-38f;People/12-38f/112.csv
train;People;03709;People/12-38f;People/12-38f/113.csv
train;People;03710;People/12-38f;People/12-38f/114.csv
train;People;03711;People/12-38f;People/12-38f/115.csv
train;People;03712;People/12-38f;People/12-38f/116.csv
train;People;03713;People/12-38f;People/12-38f/117.csv
train;People;03714;People/12-38f;People/12-38f/118.csv
train;People;03715;People/12-38f;People/12-38f/119.csv
train;People;03716;People/12-38f;People/12-38f/120.csv
train;People;03717;People/12-38f;People/12-38f/121.csv
train;People;03719;People/12-38f;People/12-38f/123.csv
train;People;03720;People/12-38f;People/12-38f/124.csv
train;People;03721;People/12-38f;People/12-38f/125.csv
train;People;03722;People/12-38f;People/12-38f/126.csv
train;People;03723;People/12-38f;People/12-38f/127.csv
train;People;03724;People/12-38f;People/12-38f/128.csv
train;People;03725;People/12-38f;People/12-38f/129.csv
train;People;03726;People/12-38f;People/12-38f/130.csv
train;People;03727;People/12-38f;People/12-38f/131.csv
train;People;03728;People/12-38f;People/12-38f/132.csv
train;People;03730;People/12-38f;People/12-38f/134.csv
train;People;03731;People/12-38f;People/12-38f/135.csv
train;People;03734;People/12-38f;People/12-38f/138.csv
train;People;03735;People/12-38f;People/12-38f/139.csv
train;People;03736;People/12-38f;People/12-38f/140.csv
train;People;03737;People/12-38f;People/12-38f/141.csv
train;People;03738;People/12-38f;People/12-38f/142.csv
train;People;03739;People/12-38f;People/12-38f/143.csv
train;People;03741;People/12-38f;People/12-38f/145.csv
train;People;03742;People/12-38f;People/12-38f/146.csv
train;People;03743;People/12-38f;People/12-38f/147.csv
train;People;03744;People/12-38f;People/12-38f/148.csv
train;People;03745;People/12-38f;People/12-38f/149.csv
train;People;03746;People/12-38f;People/12-38f/150.csv
train;People;03747;People/12-38f;People/12-38f/151.csv
train;People;03748;People/12-38f;People/12-38f/152.csv
train;People;03749;People/12-38f;People/12-38f/153.csv
train;People;03751;People/12-38f;People/12-38f/155.csv
train;People;03755;People/12-38f;People/12-38f/159.csv
train;People;03756;People/12-38f;People/12-38f/160.csv
train;People;03757;People/12-38f;People/12-38f/161.csv
train;People;03761;People/12-38f;People/12-38f/165.csv
train;People;03762;People/12-38f;People/12-38f/166.csv
train;People;03763;People/12-38f;People/12-38f/167.csv
train;People;03764;People/12-38f;People/12-38f/168.csv
train;People;03765;People/12-38f;People/12-38f/169.csv
train;People;03766;People/12-38f;People/12-38f/170.csv
train;People;03767;People/12-38f;People/12-38f/171.csv
train;People;03768;People/12-38f;People/12-38f/172.csv
train;People;03769;People/12-38f;People/12-38f/173.csv
train;People;03770;People/12-38f;People/12-38f/174.csv
train;People;03771;People/12-38f;People/12-38f/175.csv
train;People;03773;People/12-38f;People/12-38f/177.csv
train;People;03775;People/12-38f;People/12-38f/179.csv
train;People;03776;People/12-38f;People/12-38f/180.csv
train;People;03777;People/12-38f;People/12-38f/181.csv
train;People;03778;People/12-38f;People/12-38f/182.csv
train;People;03779;People/12-38f;People/12-38f/183.csv
train;People;03780;People/12-38f;People/12-38f/184.csv
train;People;03784;People/12-38f;People/12-38f/188.csv
train;People;03788;People/12-38f;People/12-38f/192.csv
train;People;03789;People/12-38f;People/12-38f/193.csv
train;People;03790;People/12-38f;People/12-38f/194.csv
train;People;03792;People/12-38f;People/12-38f/196.csv
train;People;03793;People/12-38f;People/12-38f/197.csv
train;People;03795;People/12-38f;People/12-38f/199.csv
train;People;03796;People/12-38f;People/12-38f/200.csv
train;People;03798;People/12-38f;People/12-38f/202.csv
train;People;03799;People/12-38f;People/12-38f/203.csv
train;People;03801;People/12-38f;People/12-38f/205.csv
train;People;03803;People/12-38f;People/12-38f/207.csv
train;People;03805;People/12-38f;People/12-38f/209.csv
train;People;03806;People/12-38f;People/12-38f/210.csv
train;People;03807;People/12-38f;People/12-38f/211.csv
train;People;03808;People/12-38f;People/12-38f/212.csv
train;People;03811;People/12-38f;People/12-38f/215.csv
train;People;03812;People/12-38i;People/12-38i/001.csv
train;People;03813;People/12-38i;People/12-38i/002.csv
train;People;03814;People/12-38i;People/12-38i/003.csv
train;People;03815;People/12-38i;People/12-38i/004.csv
train;People;03816;People/12-38i;People/12-38i/005.csv
train;People;03819;People/12-38i;People/12-38i/008.csv
train;People;03821;People/12-38i;People/12-38i/010.csv
train;People;03824;People/12-38i;People/12-38i/013.csv
train;People;03828;People/12-38i;People/12-38i/017.csv
train;People;03829;People/12-38i;People/12-38i/018.csv
train;People;03830;People/12-38i;People/12-38i/019.csv
train;People;03831;People/12-38i;People/12-38i/020.csv
train;People;03832;People/12-38i;People/12-38i/021.csv
train;People;03833;People/12-38i;People/12-38i/022.csv
train;People;03835;People/12-38i;People/12-38i/024.csv
train;People;03836;People/12-38i;People/12-38i/025.csv
train;People;03837;People/12-38i;People/12-38i/026.csv
train;People;03838;People/12-38i;People/12-38i/027.csv
train;People;03839;People/12-38i;People/12-38i/028.csv
train;People;03840;People/12-38i;People/12-38i/029.csv
train;People;03841;People/12-38i;People/12-38i/030.csv
train;People;03842;People/12-38i;People/12-38i/031.csv
train;People;03844;People/12-38i;People/12-38i/033.csv
train;People;03846;People/12-38i;People/12-38i/035.csv
train;People;03848;People/12-38i;People/12-38i/037.csv
train;People;03849;People/12-38i;People/12-38i/038.csv
train;People;03851;People/12-38i;People/12-38i/040.csv
train;People;03852;People/12-38i;People/12-38i/041.csv
train;People;03854;People/12-38i;People/12-38i/043.csv
train;People;03855;People/12-38i;People/12-38i/044.csv
train;People;03856;People/12-38i;People/12-38i/045.csv
train;People;03859;People/12-38i;People/12-38i/048.csv
train;People;03861;People/12-38i;People/12-38i/050.csv
train;People;03862;People/12-38i;People/12-38i/051.csv
train;People;03864;People/12-38i;People/12-38i/053.csv
train;People;03866;People/12-38i;People/12-38i/055.csv
train;People;03867;People/12-38i;People/12-38i/056.csv
train;People;03868;People/12-38i;People/12-38i/057.csv
train;People;03869;People/12-38i;People/12-38i/058.csv
train;People;03871;People/12-38i;People/12-38i/060.csv
train;People;03872;People/12-38i;People/12-38i/061.csv
train;People;03873;People/12-38i;People/12-38i/062.csv
train;People;03874;People/12-38i;People/12-38i/063.csv
train;People;03875;People/12-38i;People/12-38i/064.csv
train;People;03877;People/12-38i;People/12-38i/066.csv
train;People;03878;People/12-38i;People/12-38i/067.csv
train;People;03879;People/12-38i;People/12-38i/068.csv
train;People;03880;People/12-38i;People/12-38i/069.csv
train;People;03881;People/12-38i;People/12-38i/070.csv
train;People;03883;People/12-38i;People/12-38i/072.csv
train;People;03884;People/12-38i;People/12-38i/073.csv
train;People;03885;People/12-38i;People/12-38i/074.csv
train;People;03886;People/12-38i;People/12-38i/075.csv
train;People;03887;People/12-38i;People/12-38i/076.csv
train;People;03888;People/12-38i;People/12-38i/077.csv
train;People;03889;People/12-38i;People/12-38i/078.csv
train;People;03890;People/12-38i;People/12-38i/079.csv
train;People;03891;People/12-38i;People/12-38i/080.csv
train;People;03892;People/12-38i;People/12-38i/081.csv
train;People;03895;People/12-38i;People/12-38i/084.csv
train;People;03896;People/12-38i;People/12-38i/085.csv
train;People;03898;People/12-38i;People/12-38i/087.csv
train;People;03900;People/12-38i;People/12-38i/089.csv
train;People;03901;People/12-38i;People/12-38i/090.csv
train;People;03902;People/12-38i;People/12-38i/091.csv
train;People;03903;People/12-38i;People/12-38i/092.csv
train;People;03904;People/12-38i;People/12-38i/093.csv
train;People;03905;People/12-38i;People/12-38i/094.csv
train;People;03907;People/12-38i;People/12-38i/096.csv
train;People;03910;People/12-38i;People/12-38i/099.csv
train;People;03912;People/12-38i;People/12-38i/101.csv
train;People;03914;People/12-38i;People/12-38i/103.csv
train;People;03915;People/12-38i;People/12-38i/104.csv
train;People;03920;People/12-38i;People/12-38i/109.csv
train;People;03921;People/12-38i;People/12-38i/110.csv
train;People;03922;People/12-38i;People/12-38i/111.csv
train;People;03924;People/12-38i;People/12-38i/113.csv
train;People;03925;People/12-38i;People/12-38i/114.csv
train;People;03926;People/12-38i;People/12-38i/115.csv
train;People;03927;People/12-38i;People/12-38i/116.csv
train;People;03929;People/12-38i;People/12-38i/118.csv
train;People;03931;People/12-38i;People/12-38i/120.csv
train;People;03932;People/12-38i;People/12-38i/121.csv
train;People;03933;People/12-38i;People/12-38i/122.csv
train;People;03934;People/12-38i;People/12-38i/123.csv
train;People;03935;People/12-38i;People/12-38i/124.csv
train;People;03940;People/12-38i;People/12-38i/129.csv
train;People;03942;People/12-38i;People/12-38i/131.csv
train;People;03943;People/12-38i;People/12-38i/132.csv
train;People;03944;People/12-38i;People/12-38i/133.csv
train;People;03947;People/12-38i;People/12-38i/136.csv
train;People;03949;People/12-38i;People/12-38i/138.csv
train;People;03952;People/12-38i;People/12-38i/141.csv
train;People;03953;People/12-38i;People/12-38i/142.csv
train;People;03954;People/12-38i;People/12-38i/143.csv
train;People;03958;People/12-38i;People/12-38i/147.csv
train;People;03960;People/12-38i;People/12-38i/149.csv
train;People;03961;People/12-38i;People/12-38i/150.csv
train;People;03963;People/12-38i;People/12-38i/152.csv
train;People;03964;People/12-38i;People/12-38i/153.csv
train;People;03965;People/12-38i;People/12-38i/154.csv
train;People;03966;People/12-38i;People/12-38i/155.csv
train;People;03967;People/12-38i;People/12-38i/156.csv
train;People;03968;People/12-38i;People/12-38i/157.csv
train;People;03970;People/12-38i;People/12-38i/159.csv
train;People;03973;People/12-38i;People/12-38i/162.csv
train;People;03975;People/12-38i;People/12-38i/164.csv
train;People;03976;People/12-38i;People/12-38i/165.csv
train;People;03977;People/12-38i;People/12-38i/166.csv
train;People;03979;People/12-38i;People/12-38i/168.csv
train;People;03981;People/12-38i;People/12-38i/170.csv
train;People;03982;People/12-38i;People/12-38i/171.csv
train;People;03983;People/12-38i;People/12-38i/172.csv
train;People;03984;People/12-38i;People/12-38i/173.csv
train;People;03986;People/12-38i;People/12-38i/175.csv
train;People;03987;People/12-38i;People/12-38i/176.csv
train;People;03988;People/12-38i;People/12-38i/177.csv
train;People;03989;People/12-38i;People/12-38i/178.csv
train;People;03990;People/12-38i;People/12-38i/179.csv
train;People;03991;People/12-38i;People/12-38i/180.csv
train;People;03992;People/12-38i;People/12-38i/181.csv
train;People;03994;People/12-38i;People/12-38i/183.csv
train;People;03995;People/12-38i;People/12-38i/184.csv
train;People;03997;People/12-38i;People/12-38i/186.csv
train;People;03998;People/12-38i;People/12-38i/187.csv
train;People;03999;People/12-38i;People/12-38i/188.csv
train;People;04000;People/12-38i;People/12-38i/189.csv
train;People;04001;People/12-38i;People/12-38i/190.csv
train;People;04002;People/12-38i;People/12-38i/191.csv
train;People;04006;People/12-38i;People/12-38i/195.csv
train;People;04008;People/12-38i;People/12-38i/197.csv
train;People;04009;People/12-38i;People/12-38i/198.csv
train;People;04010;People/12-38i;People/12-38i/199.csv
train;People;04011;People/12-38i;People/12-38i/200.csv
train;People;04012;People/12-38i;People/12-38i/201.csv
train;People;04014;People/12-38i;People/12-38i/203.csv
train;People;04015;People/12-38i;People/12-38i/204.csv
train;People;04017;People/12-38i;People/12-38i/206.csv
train;People;04018;People/12-38i;People/12-38i/207.csv
train;People;04019;People/12-38i;People/12-38i/208.csv
train;People;04020;People/12-38i;People/12-38i/209.csv
train;People;04021;People/12-38i;People/12-38i/210.csv
train;People;04022;People/12-38i;People/12-38i/211.csv
train;People;04024;People/12-38i;People/12-38i/213.csv
train;People;04027;People/12-38i;People/12-38i/216.csv
train;People;04028;People/12-38i;People/12-38i/217.csv
train;People;04029;People/12-38i;People/12-38i/218.csv
train;People;04030;People/12-38i;People/12-38i/219.csv
train;People;04033;People/12-38i;People/12-38i/222.csv
train;People;04034;People/12-38i;People/12-38i/223.csv
train;People;04035;People/12-38i;People/12-38i/224.csv
train;People;04036;People/12-38i;People/12-38i/225.csv
train;People;04037;People/12-38i;People/12-38i/226.csv
train;People;04038;People/12-38i;People/12-38i/227.csv
train;People;04039;People/12-38i;People/12-38i/228.csv
train;People;04041;People/12-38i;People/12-38i/230.csv
train;People;04043;People/12-38i;People/12-38i/232.csv
train;People;04045;People/12-38i;People/12-38i/234.csv
train;People;04046;People/12-38i;People/12-38i/235.csv
train;People;04049;People/12-38i;People/12-38i/238.csv
train;People;04050;People/12-38i;People/12-38i/239.csv
train;People;04053;People/12-38i;People/12-38i/242.csv
train;People;04056;People/12-38i;People/12-38i/245.csv
train;People;04057;People/12-38i;People/12-38i/246.csv
train;People;04058;People/12-38i;People/12-38i/247.csv
train;People;04059;People/12-38i;People/12-38i/248.csv
train;People;04060;People/12-38i;People/12-38i/249.csv
train;People;04062;People/12-38i;People/12-38i/251.csv
train;People;04063;People/12-38i;People/12-38i/252.csv
train;People;04065;People/12-38i;People/12-38i/254.csv
train;People;04066;People/12-38i;People/12-38i/255.csv
train;People;04067;People/12-38i;People/12-38i/256.csv
train;People;04068;People/12-38i;People/12-38i/257.csv
train;People;04069;People/12-38i;People/12-38i/258.csv
train;People;04070;People/12-38i;People/12-38i/259.csv
train;People;04071;People/12-38i;People/12-38i/260.csv
train;People;04074;People/12-38i;People/12-38i/263.csv
train;People;04075;People/12-38i;People/12-38i/264.csv
train;People;04078;People/12-43f;People/12-43f/001.csv
train;People;04080;People/12-43f;People/12-43f/003.csv
train;People;04081;People/12-43f;People/12-43f/004.csv
train;People;04082;People/12-43f;People/12-43f/005.csv
train;People;04083;People/12-43f;People/12-43f/006.csv
train;People;04084;People/12-43f;People/12-43f/007.csv
train;People;04085;People/12-43f;People/12-43f/008.csv
train;People;04087;People/12-43f;People/12-43f/010.csv
train;People;04090;People/12-43f;People/12-43f/013.csv
train;People;04091;People/12-43f;People/12-43f/014.csv
train;People;04093;People/12-43f;People/12-43f/016.csv
train;People;04095;People/12-43f;People/12-43f/018.csv
train;People;04096;People/12-43f;People/12-43f/019.csv
train;People;04097;People/12-43f;People/12-43f/020.csv
train;People;04098;People/12-43f;People/12-43f/021.csv
train;People;04099;People/12-43f;People/12-43f/022.csv
train;People;04100;People/12-43f;People/12-43f/023.csv
train;People;04101;People/12-43f;People/12-43f/024.csv
train;People;04102;People/12-43f;People/12-43f/025.csv
train;People;04105;People/12-43f;People/12-43f/028.csv
train;People;04107;People/12-43f;People/12-43f/030.csv
train;People;04108;People/12-43f;People/12-43f/031.csv
train;People;04110;People/12-43f;People/12-43f/033.csv
train;People;04112;People/12-43f;People/12-43f/035.csv
train;People;04114;People/12-43f;People/12-43f/037.csv
train;People;04115;People/12-43f;People/12-43f/038.csv
train;People;04116;People/12-43f;People/12-43f/039.csv
train;People;04117;People/12-43f;People/12-43f/040.csv
train;People;04118;People/12-43f;People/12-43f/041.csv
train;People;04119;People/12-43f;People/12-43f/042.csv
train;People;04120;People/12-43f;People/12-43f/043.csv
train;People;04121;People/12-43f;People/12-43f/044.csv
train;People;04122;People/12-43f;People/12-43f/045.csv
train;People;04123;People/12-43f;People/12-43f/046.csv
train;People;04124;People/12-43f;People/12-43f/047.csv
train;People;04125;People/12-43f;People/12-43f/048.csv
train;People;04127;People/12-43f;People/12-43f/050.csv
train;People;04128;People/12-43f;People/12-43f/051.csv
train;People;04129;People/12-43f;People/12-43f/052.csv
train;People;04130;People/12-43f;People/12-43f/053.csv
train;People;04131;People/12-43f;People/12-43f/054.csv
train;People;04132;People/12-43f;People/12-43f/055.csv
train;People;04133;People/12-43f;People/12-43f/056.csv
train;People;04134;People/12-43f;People/12-43f/057.csv
train;People;04135;People/12-43f;People/12-43f/058.csv
train;People;04136;People/12-43f;People/12-43f/059.csv
train;People;04137;People/12-43f;People/12-43f/060.csv
train;People;04138;People/12-43f;People/12-43f/061.csv
train;People;04139;People/12-43f;People/12-43f/062.csv
train;People;04140;People/12-43f;People/12-43f/063.csv
train;People;04141;People/12-43f;People/12-43f/064.csv
train;People;04143;People/12-43f;People/12-43f/066.csv
train;People;04144;People/12-43f;People/12-43f/067.csv
train;People;04146;People/12-43f;People/12-43f/069.csv
train;People;04147;People/12-43f;People/12-43f/070.csv
train;People;04148;People/12-43f;People/12-43f/071.csv
train;People;04149;People/12-43f;People/12-43f/072.csv
train;People;04151;People/12-43f;People/12-43f/074.csv
train;People;04154;People/12-43f;People/12-43f/077.csv
train;People;04155;People/12-43f;People/12-43f/078.csv
train;People;04157;People/12-43f;People/12-43f/080.csv
train;People;04158;People/12-43f;People/12-43f/081.csv
train;People;04159;People/12-43f;People/12-43f/082.csv
train;People;04164;People/12-43f;People/12-43f/087.csv
train;People;04165;People/12-43f;People/12-43f/088.csv
train;People;04167;People/12-43f;People/12-43f/090.csv
train;People;04168;People/12-43f;People/12-43f/091.csv
train;People;04169;People/12-43f;People/12-43f/092.csv
train;People;04171;People/12-43f;People/12-43f/094.csv
train;People;04172;People/12-43f;People/12-43f/095.csv
train;People;04176;People/12-43f;People/12-43f/099.csv
train;People;04177;People/12-43f;People/12-43f/100.csv
train;People;04178;People/12-43f;People/12-43f/101.csv
train;People;04179;People/12-43f;People/12-43f/102.csv
train;People;04180;People/12-43f;People/12-43f/103.csv
train;People;04181;People/12-43f;People/12-43f/104.csv
train;People;04182;People/12-43f;People/12-43f/105.csv
train;People;04183;People/12-43f;People/12-43f/106.csv
train;People;04184;People/12-43f;People/12-43f/107.csv
train;People;04186;People/12-43f;People/12-43f/109.csv
train;People;04187;People/12-43f;People/12-43f/110.csv
train;People;04188;People/12-43f;People/12-43f/111.csv
train;People;04189;People/12-43f;People/12-43f/112.csv
train;People;04192;People/12-43f;People/12-43f/115.csv
train;People;04193;People/12-43f;People/12-43f/116.csv
train;People;04194;People/12-43f;People/12-43f/117.csv
train;People;04195;People/12-43f;People/12-43f/118.csv
train;People;04196;People/12-43f;People/12-43f/119.csv
train;People;04198;People/12-43f;People/12-43f/121.csv
train;People;04199;People/12-43f;People/12-43f/122.csv
train;People;04200;People/12-43f;People/12-43f/123.csv
train;People;04201;People/12-43f;People/12-43f/124.csv
train;People;04203;People/12-43f;People/12-43f/126.csv
train;People;04204;People/12-43f;People/12-43f/127.csv
train;People;04207;People/12-43f;People/12-43f/130.csv
train;People;04208;People/12-43f;People/12-43f/131.csv
train;People;04209;People/12-43f;People/12-43f/132.csv
train;People;04210;People/12-43f;People/12-43f/133.csv
train;People;04211;People/12-43f;People/12-43f/134.csv
train;People;04212;People/12-43f;People/12-43f/135.csv
train;People;04213;People/12-43f;People/12-43f/136.csv
train;People;04214;People/12-43f;People/12-43f/137.csv
train;People;04215;People/12-43f;People/12-43f/138.csv
train;People;04216;People/12-43f;People/12-43f/139.csv
train;People;04218;People/12-43f;People/12-43f/141.csv
train;People;04219;People/12-43f;People/12-43f/142.csv
train;People;04220;People/12-43f;People/12-43f/143.csv
train;People;04221;People/12-43f;People/12-43f/144.csv
train;People;04224;People/12-43f;People/12-43f/147.csv
train;People;04225;People/12-43f;People/12-43f/148.csv
train;People;04226;People/12-43f;People/12-43f/149.csv
train;People;04227;People/12-43f;People/12-43f/150.csv
train;People;04228;People/12-43f;People/12-43f/151.csv
train;People;04230;People/12-43f;People/12-43f/153.csv
train;People;04232;People/12-43f;People/12-43f/155.csv
train;People;04233;People/12-43f;People/12-43f/156.csv
train;People;04235;People/12-43f;People/12-43f/158.csv
train;People;04236;People/12-43f;People/12-43f/159.csv
train;People;04237;People/12-43f;People/12-43f/160.csv
train;People;04238;People/12-43f;People/12-43f/161.csv
train;People;04239;People/12-43f;People/12-43f/162.csv
train;People;04240;People/12-43f;People/12-43f/163.csv
train;People;04242;People/12-43f;People/12-43f/165.csv
train;People;04243;People/12-43f;People/12-43f/166.csv
train;People;04244;People/12-43f;People/12-43f/167.csv
train;People;04245;People/12-43f;People/12-43f/168.csv
train;People;04248;People/12-43f;People/12-43f/171.csv
train;People;04249;People/12-43f;People/12-43f/172.csv
train;People;04250;People/12-43f;People/12-43f/173.csv
train;People;04252;People/12-43f;People/12-43f/175.csv
train;People;04253;People/12-43f;People/12-43f/176.csv
train;People;04255;People/12-43f;People/12-43f/178.csv
train;People;04256;People/12-43f;People/12-43f/179.csv
train;People;04260;People/12-43f;People/12-43f/183.csv
train;People;04261;People/12-43f;People/12-43f/184.csv
train;People;04262;People/12-43f;People/12-43f/185.csv
train;People;04263;People/12-43f;People/12-43f/186.csv
train;People;04264;People/12-43f;People/12-43f/187.csv
train;People;04266;People/12-43f;People/12-43f/189.csv
train;People;04269;People/12-43f;People/12-43f/192.csv
train;People;04270;People/12-43f;People/12-43f/193.csv
train;People;04272;People/12-43f;People/12-43f/195.csv
train;People;04273;People/12-43f;People/12-43f/196.csv
train;People;04275;People/12-43f;People/12-43f/198.csv
train;People;04277;People/12-43f;People/12-43f/200.csv
train;People;04278;People/12-43f;People/12-43f/201.csv
train;People;04279;People/12-43f;People/12-43f/202.csv
train;People;04280;People/12-43f;People/12-43f/203.csv
train;People;04281;People/12-43f;People/12-43f/204.csv
train;People;04282;People/12-43f;People/12-43f/205.csv
train;People;04283;People/12-43f;People/12-43f/206.csv
train;People;04284;People/12-43f;People/12-43f/207.csv
train;People;04286;People/12-43f;People/12-43f/209.csv
train;People;04287;People/12-43f;People/12-43f/210.csv
train;People;04288;People/12-43f;People/12-43f/211.csv
train;People;04289;People/12-43f;People/12-43f/212.csv
train;People;04290;People/12-43f;People/12-43f/213.csv
train;People;04291;People/12-43f;People/12-43f/214.csv
train;People;04292;People/12-43f;People/12-43f/215.csv
train;People;04294;People/12-43f;People/12-43f/217.csv
train;People;04295;People/12-43f;People/12-43f/218.csv
train;People;04298;People/12-43f;People/12-43f/221.csv
train;People;04299;People/12-43f;People/12-43f/222.csv
train;People;04301;People/12-43f;People/12-43f/224.csv
train;People;04304;People/12-43f;People/12-43f/227.csv
train;People;04305;People/12-43f;People/12-43f/228.csv
train;People;04306;People/12-43f;People/12-43f/229.csv
train;People;04307;People/12-43f;People/12-43f/230.csv
train;People;04309;People/12-43f;People/12-43f/232.csv
train;People;04311;People/12-43f;People/12-43f/234.csv
train;People;04312;People/12-43f;People/12-43f/235.csv
train;People;04313;People/12-43f;People/12-43f/236.csv
train;People;04315;People/12-43f;People/12-43f/238.csv
train;People;04317;People/12-43f;People/12-43f/240.csv
train;People;04318;People/12-43f;People/12-43f/241.csv
train;People;04320;People/12-43f;People/12-43f/243.csv
train;People;04322;People/12-43f;People/12-43f/245.csv
train;People;04323;People/12-43f;People/12-43f/246.csv
train;People;04325;People/12-43f;People/12-43f/248.csv
train;People;04326;People/12-43f;People/12-43f/249.csv
train;People;04329;People/12-43f;People/12-43f/252.csv
train;People;04330;People/12-43f;People/12-43f/253.csv
train;People;04331;People/12-43f;People/12-43f/254.csv
train;People;04333;People/12-43f;People/12-43f/256.csv
train;People;04334;People/12-43f;People/12-43f/257.csv
train;People;04337;People/12-43f;People/12-43f/260.csv
train;People;04338;People/12-43f;People/12-43f/261.csv
train;People;04339;People/12-43f;People/12-43f/262.csv
train;People;04342;People/12-43f;People/12-43f/265.csv
train;People;04343;People/12-43f;People/12-43f/266.csv
train;People;04344;People/12-43f;People/12-43f/267.csv
train;People;04345;People/12-43f;People/12-43f/268.csv
train;People;04346;People/12-43f;People/12-43f/269.csv
train;People;04347;People/12-43f;People/12-43f/270.csv
train;People;04349;People/12-43f;People/12-43f/272.csv
train;People;04350;People/12-43f;People/12-43f/273.csv
train;People;04351;People/12-43f;People/12-43f/274.csv
train;People;04352;People/12-43f;People/12-43f/275.csv
train;People;04353;People/12-43f;People/12-43f/276.csv
train;People;04355;People/12-43f;People/12-43f/278.csv
train;People;04356;People/12-43f;People/12-43f/279.csv
train;People;04357;People/12-43f;People/12-43f/280.csv
train;People;04358;People/12-43f;People/12-43f/281.csv
train;People;04359;People/12-43f;People/12-43f/282.csv
train;People;04361;People/12-43i;People/12-43i/001.csv
train;People;04362;People/12-43i;People/12-43i/002.csv
train;People;04363;People/12-43i;People/12-43i/003.csv
train;People;04364;People/12-43i;People/12-43i/004.csv
train;People;04365;People/12-43i;People/12-43i/005.csv
train;People;04366;People/12-43i;People/12-43i/006.csv
train;People;04367;People/12-43i;People/12-43i/007.csv
train;People;04369;People/12-43i;People/12-43i/009.csv
train;People;04370;People/12-43i;People/12-43i/010.csv
train;People;04373;People/12-43i;People/12-43i/013.csv
train;People;04376;People/12-43i;People/12-43i/016.csv
train;People;04379;People/12-43i;People/12-43i/019.csv
train;People;04380;People/12-43i;People/12-43i/020.csv
train;People;04381;People/12-43i;People/12-43i/021.csv
train;People;04382;People/12-43i;People/12-43i/022.csv
train;People;04383;People/12-43i;People/12-43i/023.csv
train;People;04384;People/12-43i;People/12-43i/024.csv
train;People;04387;People/12-43i;People/12-43i/027.csv
train;People;04389;People/12-43i;People/12-43i/029.csv
train;People;04390;People/12-43i;People/12-43i/030.csv
train;People;04391;People/12-43i;People/12-43i/031.csv
train;People;04392;People/12-43i;People/12-43i/032.csv
train;People;04396;People/12-43i;People/12-43i/036.csv
train;People;04397;People/12-43i;People/12-43i/037.csv
train;People;04398;People/12-43i;People/12-43i/038.csv
train;People;04399;People/12-43i;People/12-43i/039.csv
train;People;04400;People/12-43i;People/12-43i/040.csv
train;People;04401;People/12-43i;People/12-43i/041.csv
train;People;04404;People/12-43i;People/12-43i/044.csv
train;People;04405;People/12-43i;People/12-43i/045.csv
train;People;04406;People/12-43i;People/12-43i/046.csv
train;People;04407;People/12-43i;People/12-43i/047.csv
train;People;04409;People/12-43i;People/12-43i/049.csv
train;People;04412;People/12-43i;People/12-43i/052.csv
train;People;04414;People/12-43i;People/12-43i/054.csv
train;People;04415;People/12-43i;People/12-43i/055.csv
train;People;04416;People/12-43i;People/12-43i/056.csv
train;People;04417;People/12-43i;People/12-43i/057.csv
train;People;04418;People/12-43i;People/12-43i/058.csv
train;People;04419;People/12-43i;People/12-43i/059.csv
train;People;04420;People/12-43i;People/12-43i/060.csv
train;People;04421;People/12-43i;People/12-43i/061.csv
train;People;04422;People/12-43i;People/12-43i/062.csv
train;People;04423;People/12-43i;People/12-43i/063.csv
train;People;04424;People/12-43i;People/12-43i/064.csv
train;People;04425;People/12-43i;People/12-43i/065.csv
train;People;04426;People/12-43i;People/12-43i/066.csv
train;People;04427;People/12-43i;People/12-43i/067.csv
train;People;04428;People/12-43i;People/12-43i/068.csv
train;People;04430;People/12-43i;People/12-43i/070.csv
train;People;04431;People/12-43i;People/12-43i/071.csv
train;People;04432;People/12-43i;People/12-43i/072.csv
train;People;04433;People/12-43i;People/12-43i/073.csv
train;People;04434;People/12-43i;People/12-43i/074.csv
train;People;04435;People/12-43i;People/12-43i/075.csv
train;People;04436;People/12-43i;People/12-43i/076.csv
train;People;04441;People/12-43i;People/12-43i/081.csv
train;People;04442;People/12-43i;People/12-43i/082.csv
train;People;04444;People/12-43i;People/12-43i/084.csv
train;People;04445;People/12-43i;People/12-43i/085.csv
train;People;04446;People/12-43i;People/12-43i/086.csv
train;People;04447;People/12-43i;People/12-43i/087.csv
train;People;04448;People/12-43i;People/12-43i/088.csv
train;People;04449;People/12-43i;People/12-43i/089.csv
train;People;04450;People/12-43i;People/12-43i/090.csv
train;People;04452;People/12-43i;People/12-43i/092.csv
train;People;04453;People/12-43i;People/12-43i/093.csv
train;People;04454;People/12-43i;People/12-43i/094.csv
train;People;04455;People/12-43i;People/12-43i/095.csv
train;People;04456;People/12-43i;People/12-43i/096.csv
train;People;04458;People/12-43i;People/12-43i/098.csv
train;People;04459;People/12-43i;People/12-43i/099.csv
train;People;04460;People/12-43i;People/12-43i/100.csv
train;People;04461;People/12-43i;People/12-43i/101.csv
train;People;04462;People/12-43i;People/12-43i/102.csv
train;People;04463;People/12-43i;People/12-43i/103.csv
train;People;04464;People/12-43i;People/12-43i/104.csv
train;People;04465;People/12-43i;People/12-43i/105.csv
train;People;04466;People/12-43i;People/12-43i/106.csv
train;People;04467;People/12-43i;People/12-43i/107.csv
train;People;04468;People/12-43i;People/12-43i/108.csv
train;People;04469;People/12-43i;People/12-43i/109.csv
train;People;04470;People/12-43i;People/12-43i/110.csv
train;People;04471;People/12-43i;People/12-43i/111.csv
train;People;04472;People/12-43i;People/12-43i/112.csv
train;People;04474;People/12-43i;People/12-43i/114.csv
train;People;04475;People/12-43i;People/12-43i/115.csv
train;People;04477;People/12-43i;People/12-43i/117.csv
train;People;04478;People/12-43i;People/12-43i/118.csv
train;People;04479;People/12-43i;People/12-43i/119.csv
train;People;04480;People/12-43i;People/12-43i/120.csv
train;People;04481;People/12-43i;People/12-43i/121.csv
train;People;04482;People/12-43i;People/12-43i/122.csv
train;People;04485;People/12-43i;People/12-43i/125.csv
train;People;04486;People/12-43i;People/12-43i/126.csv
train;People;04488;People/12-43i;People/12-43i/128.csv
train;People;04489;People/12-43i;People/12-43i/129.csv
train;People;04490;People/12-43i;People/12-43i/130.csv
train;People;04492;People/12-43i;People/12-43i/132.csv
train;People;04493;People/12-43i;People/12-43i/133.csv
train;People;04494;People/12-43i;People/12-43i/134.csv
train;People;04495;People/12-43i;People/12-43i/135.csv
train;People;04496;People/12-43i;People/12-43i/136.csv
train;People;04497;People/12-43i;People/12-43i/137.csv
train;People;04498;People/12-43i;People/12-43i/138.csv
train;People;04499;People/12-43i;People/12-43i/139.csv
train;People;04500;People/12-43i;People/12-43i/140.csv
train;People;04502;People/12-43i;People/12-43i/142.csv
train;People;04505;People/12-43i;People/12-43i/145.csv
train;People;04506;People/12-43i;People/12-43i/146.csv
train;People;04507;People/12-43i;People/12-43i/147.csv
train;People;04510;People/12-43i;People/12-43i/150.csv
train;People;04511;People/12-43i;People/12-43i/151.csv
train;People;04512;People/12-43i;People/12-43i/152.csv
train;People;04514;People/12-43i;People/12-43i/154.csv
train;People;04515;People/12-43i;People/12-43i/155.csv
train;People;04516;People/12-43i;People/12-43i/156.csv
train;People;04517;People/12-43i;People/12-43i/157.csv
train;People;04522;People/12-43i;People/12-43i/162.csv
train;People;04523;People/12-43i;People/12-43i/163.csv
train;People;04525;People/12-43i;People/12-43i/165.csv
train;People;04527;People/12-43i;People/12-43i/167.csv
train;People;04528;People/12-43i;People/12-43i/168.csv
train;People;04529;People/12-43i;People/12-43i/169.csv
train;People;04530;People/12-43i;People/12-43i/170.csv
train;People;04531;People/12-43i;People/12-43i/171.csv
train;People;04533;People/12-43i;People/12-43i/173.csv
train;People;04534;People/12-43i;People/12-43i/174.csv
train;People;04535;People/12-43i;People/12-43i/175.csv
train;People;04537;People/12-43i;People/12-43i/177.csv
train;People;04541;People/12-43i;People/12-43i/181.csv
train;People;04542;People/12-43i;People/12-43i/182.csv
train;People;04543;People/12-43i;People/12-43i/183.csv
train;People;04544;People/12-43i;People/12-43i/184.csv
train;People;04545;People/12-43i;People/12-43i/185.csv
train;People;04547;People/12-43i;People/12-43i/187.csv
train;People;04548;People/12-43i;People/12-43i/188.csv
train;People;04549;People/12-43i;People/12-43i/189.csv
train;People;04550;People/12-43i;People/12-43i/190.csv
train;People;04551;People/12-43i;People/12-43i/191.csv
train;People;04552;People/12-43i;People/12-43i/192.csv
train;People;04553;People/12-43i;People/12-43i/193.csv
train;People;04554;People/12-43i;People/12-43i/194.csv
train;People;04556;People/12-43i;People/12-43i/196.csv
train;People;04557;People/12-43i;People/12-43i/197.csv
train;People;04559;People/12-43i;People/12-43i/199.csv
train;People;04561;People/12-43i;People/12-43i/201.csv
train;People;04562;People/12-43i;People/12-43i/202.csv
train;People;04564;People/12-43i;People/12-43i/204.csv
train;People;04566;People/12-43i;People/12-43i/206.csv
train;People;04567;People/12-43i;People/12-43i/207.csv
train;People;04570;People/12-43i;People/12-43i/210.csv
train;People;04571;People/12-43i;People/12-43i/211.csv
train;People;04572;People/12-43i;People/12-43i/212.csv
train;People;04573;People/12-43i;People/12-43i/213.csv
train;People;04574;People/12-43i;People/12-43i/214.csv
train;People;04575;People/12-43i;People/12-43i/215.csv
train;People;04576;People/12-43i;People/12-43i/216.csv
train;People;04578;People/12-43i;People/12-43i/218.csv
train;People;04579;People/12-43i;People/12-43i/219.csv
train;People;04580;People/12-43i;People/12-43i/220.csv
train;People;04581;People/12-43i;People/12-43i/221.csv
train;People;04583;People/12-43i;People/12-43i/223.csv
train;People;04584;People/12-43i;People/12-43i/224.csv
train;People;04585;People/12-43i;People/12-43i/225.csv
train;People;04586;People/12-43i;People/12-43i/226.csv
train;People;04588;People/12-43i;People/12-43i/228.csv
train;People;04589;People/12-43i;People/12-43i/229.csv
train;People;04590;People/12-43i;People/12-43i/230.csv
train;People;04591;People/12-43i;People/12-43i/231.csv
train;People;04592;People/12-43i;People/12-43i/232.csv
train;People;04593;People/12-43i;People/12-43i/233.csv
train;People;04594;People/12-43i;People/12-43i/234.csv
train;People;04599;People/12-43i;People/12-43i/239.csv
train;People;04600;People/12-43i;People/12-43i/240.csv
train;People;04601;People/12-43i;People/12-43i/241.csv
train;People;04602;People/12-43i;People/12-43i/242.csv
train;People;04603;People/12-43i;People/12-43i/243.csv
train;People;04608;People/12-43i;People/12-43i/248.csv
train;People;04609;People/12-43i;People/12-43i/249.csv
train;People;04610;People/12-43i;People/12-43i/250.csv
train;People;04612;People/12-43i;People/12-43i/252.csv
train;People;04613;People/12-43i;People/12-43i/253.csv
train;People;04614;People/12-43i;People/12-43i/254.csv
train;People;04615;People/12-43i;People/12-43i/255.csv
train;People;04616;People/12-43i;People/12-43i/256.csv
train;People;04617;People/12-43i;People/12-43i/257.csv
train;People;04619;People/12-43i;People/12-43i/259.csv
train;People;04620;People/12-43i;People/12-43i/260.csv
train;People;04622;People/12-43i;People/12-43i/262.csv
train;People;04623;People/12-43i;People/12-43i/263.csv
train;People;04624;People/12-43i;People/12-43i/264.csv
train;People;04625;People/12-43i;People/12-43i/265.csv
train;People;04627;People/12-43i;People/12-43i/267.csv
train;People;04628;People/12-43i;People/12-43i/268.csv
train;People;04629;People/12-43i;People/12-43i/269.csv
train;People;04630;People/12-43i;People/12-43i/270.csv
train;People;04631;People/12-43i;People/12-43i/271.csv
train;People;04632;People/12-43i;People/12-43i/272.csv
train;People;04633;People/12-43i;People/12-43i/273.csv
train;People;04634;People/12-43i;People/12-43i/274.csv
train;People;04635;People/12-43i;People/12-43i/275.csv
train;People;04637;People/12-43i;People/12-43i/277.csv
train;People;04638;People/12-43i;People/12-43i/278.csv
train;People;04639;People/12-43i;People/12-43i/279.csv
train;People;04640;People/12-43i;People/12-43i/280.csv
train;People;04642;People/12-43i;People/12-43i/282.csv
train;People;04643;People/12-43i;People/12-43i/283.csv
train;People;04645;People/12-43i;People/12-43i/285.csv
train;People;04646;People/12-43i;People/12-43i/286.csv
train;People;04647;People/12-43i;People/12-43i/287.csv
train;People;04648;People/12-43i;People/12-43i/288.csv
train;People;04649;People/12-43i;People/12-43i/289.csv
train;People;04651;People/12-43i;People/12-43i/291.csv
train;People;04652;People/12-43i;People/12-43i/292.csv
train;People;04653;People/12-43i;People/12-43i/293.csv
train;People;04654;People/12-43i;People/12-43i/294.csv
train;People;04655;People/12-43i;People/12-43i/295.csv
train;People;04656;People/12-43i;People/12-43i/296.csv
train;People;04657;People/12-43i;People/12-43i/297.csv
train;People;04658;People/12-43i;People/12-43i/298.csv
train;People;04659;People/12-43i;People/12-43i/299.csv
train;People;04660;People/12-43i;People/12-43i/300.csv
train;People;04661;People/12-43i;People/12-43i/301.csv
train;People;04662;People/12-43i;People/12-43i/302.csv
train;People;04663;People/12-43i;People/12-43i/303.csv
train;People;04665;People/12-43i;People/12-43i/305.csv
train;People;04666;People/12-43i;People/12-43i/306.csv
train;People;04667;People/12-43i;People/12-43i/307.csv
train;People;04668;People/12-43i;People/12-43i/308.csv
train;People;04671;People/12-43i;People/12-43i/311.csv
train;People;04673;People/12-43i;People/12-43i/313.csv
train;People;04674;People/12-43i;People/12-43i/314.csv
train;People;04676;People/12-43i;People/12-43i/316.csv
train;People;04677;People/12-43i;People/12-43i/317.csv
train;People;04679;People/12-43i;People/12-43i/319.csv
train;People;04681;People/12-43i;People/12-43i/321.csv
train;People;04682;People/12-43i;People/12-43i/322.csv
train;People;04683;People/12-43i;People/12-43i/323.csv
train;People;04684;People/12-43i;People/12-43i/324.csv
train;People;04688;People/12-43i;People/12-43i/328.csv
train;People;04689;People/12-43i;People/12-43i/329.csv
train;People;04690;People/12-43i;People/12-43i/330.csv
train;People;04691;People/12-43i;People/12-43i/331.csv
train;People;04693;People/12-43i;People/12-43i/333.csv
train;People;04694;People/12-43i;People/12-43i/334.csv
train;People;04696;People/12-43i;People/12-43i/336.csv
train;People;04699;People/12-43i;People/12-43i/339.csv
train;People;04700;People/12-43i;People/12-43i/340.csv
train;People;04702;People/12-43i;People/12-43i/342.csv
train;People;04703;People/12-43i;People/12-43i/343.csv
train;People;04704;People/12-43i;People/12-43i/344.csv
train;People;04705;People/12-43i;People/12-43i/345.csv
train;People;04708;People/12-50f;People/12-50f/003.csv
train;People;04709;People/12-50f;People/12-50f/004.csv
train;People;04710;People/12-50f;People/12-50f/005.csv
train;People;04711;People/12-50f;People/12-50f/006.csv
train;People;04712;People/12-50f;People/12-50f/007.csv
train;People;04713;People/12-50f;People/12-50f/008.csv
train;People;04714;People/12-50f;People/12-50f/009.csv
train;People;04716;People/12-50f;People/12-50f/011.csv
train;People;04717;People/12-50f;People/12-50f/012.csv
train;People;04718;People/12-50f;People/12-50f/013.csv
train;People;04719;People/12-50f;People/12-50f/014.csv
train;People;04720;People/12-50f;People/12-50f/015.csv
train;People;04721;People/12-50f;People/12-50f/016.csv
train;People;04722;People/12-50f;People/12-50f/017.csv
train;People;04723;People/12-50f;People/12-50f/018.csv
train;People;04724;People/12-50f;People/12-50f/019.csv
train;People;04727;People/12-50f;People/12-50f/022.csv
train;People;04729;People/12-50f;People/12-50f/024.csv
train;People;04730;People/12-50f;People/12-50f/025.csv
train;People;04731;People/12-50f;People/12-50f/026.csv
train;People;04733;People/12-50f;People/12-50f/028.csv
train;People;04734;People/12-50f;People/12-50f/029.csv
train;People;04735;People/12-50f;People/12-50f/030.csv
train;People;04736;People/12-50f;People/12-50f/031.csv
train;People;04737;People/12-50f;People/12-50f/032.csv
train;People;04738;People/12-50f;People/12-50f/033.csv
train;People;04740;People/12-50f;People/12-50f/035.csv
train;People;04742;People/12-50f;People/12-50f/037.csv
train;People;04743;People/12-50f;People/12-50f/038.csv
train;People;04745;People/12-50f;People/12-50f/040.csv
train;People;04746;People/12-50f;People/12-50f/041.csv
train;People;04747;People/12-50f;People/12-50f/042.csv
train;People;04749;People/12-50f;People/12-50f/044.csv
train;People;04750;People/12-50f;People/12-50f/045.csv
train;People;04751;People/12-50f;People/12-50f/046.csv
train;People;04752;People/12-50f;People/12-50f/047.csv
train;People;04753;People/12-50f;People/12-50f/048.csv
train;People;04755;People/12-50f;People/12-50f/050.csv
train;People;04757;People/12-50f;People/12-50f/052.csv
train;People;04758;People/12-50f;People/12-50f/053.csv
train;People;04759;People/12-50f;People/12-50f/054.csv
train;People;04760;People/12-50f;People/12-50f/055.csv
train;People;04762;People/12-50f;People/12-50f/057.csv
train;People;04763;People/12-50f;People/12-50f/058.csv
train;People;04764;People/12-50f;People/12-50f/059.csv
train;People;04766;People/12-50f;People/12-50f/061.csv
train;People;04769;People/12-50f;People/12-50f/064.csv
train;People;04771;People/12-50f;People/12-50f/066.csv
train;People;04772;People/12-50f;People/12-50f/067.csv
train;People;04774;People/12-50f;People/12-50f/069.csv
train;People;04776;People/12-50f;People/12-50f/071.csv
train;People;04777;People/12-50f;People/12-50f/072.csv
train;People;04778;People/12-50f;People/12-50f/073.csv
train;People;04779;People/12-50f;People/12-50f/074.csv
train;People;04780;People/12-50f;People/12-50f/075.csv
train;People;04781;People/12-50f;People/12-50f/076.csv
train;People;04784;People/12-50f;People/12-50f/079.csv
train;People;04785;People/12-50f;People/12-50f/080.csv
train;People;04786;People/12-50f;People/12-50f/081.csv
train;People;04789;People/12-50f;People/12-50f/084.csv
train;People;04791;People/12-50f;People/12-50f/086.csv
train;People;04793;People/12-50f;People/12-50f/088.csv
train;People;04796;People/12-50f;People/12-50f/091.csv
train;People;04798;People/12-50f;People/12-50f/093.csv
train;People;04799;People/12-50f;People/12-50f/094.csv
train;People;04800;People/12-50f;People/12-50f/095.csv
train;People;04801;People/12-50f;People/12-50f/096.csv
train;People;04802;People/12-50f;People/12-50f/097.csv
train;People;04803;People/12-50f;People/12-50f/098.csv
train;People;04804;People/12-50f;People/12-50f/099.csv
train;People;04805;People/12-50f;People/12-50f/100.csv
train;People;04806;People/12-50f;People/12-50f/101.csv
train;People;04807;People/12-50f;People/12-50f/102.csv
train;People;04808;People/12-50f;People/12-50f/103.csv
train;People;04810;People/12-50f;People/12-50f/105.csv
train;People;04812;People/12-50f;People/12-50f/107.csv
train;People;04814;People/12-50f;People/12-50f/109.csv
train;People;04815;People/12-50f;People/12-50f/110.csv
train;People;04817;People/12-50f;People/12-50f/112.csv
train;People;04818;People/12-50f;People/12-50f/113.csv
train;People;04820;People/12-50f;People/12-50f/115.csv
train;People;04821;People/12-50f;People/12-50f/116.csv
train;People;04822;People/12-50f;People/12-50f/117.csv
train;People;04823;People/12-50f;People/12-50f/118.csv
train;People;04825;People/12-50f;People/12-50f/120.csv
train;People;04826;People/12-50f;People/12-50f/121.csv
train;People;04827;People/12-50f;People/12-50f/122.csv
train;People;04831;People/12-50f;People/12-50f/126.csv
train;People;04832;People/12-50f;People/12-50f/127.csv
train;People;04834;People/12-50f;People/12-50f/129.csv
train;People;04836;People/12-50f;People/12-50f/131.csv
train;People;04838;People/12-50f;People/12-50f/133.csv
train;People;04839;People/12-50f;People/12-50f/134.csv
train;People;04840;People/12-50f;People/12-50f/135.csv
train;People;04842;People/12-50f;People/12-50f/137.csv
train;People;04843;People/12-50f;People/12-50f/138.csv
train;People;04844;People/12-50f;People/12-50f/139.csv
train;People;04846;People/12-50f;People/12-50f/141.csv
train;People;04847;People/12-50f;People/12-50f/142.csv
train;People;04849;People/12-50f;People/12-50f/144.csv
train;People;04850;People/12-50f;People/12-50f/145.csv
train;People;04851;People/12-50f;People/12-50f/146.csv
train;People;04852;People/12-50f;People/12-50f/147.csv
train;People;04853;People/12-50f;People/12-50f/148.csv
train;People;04854;People/12-50f;People/12-50f/149.csv
train;People;04855;People/12-50f;People/12-50f/150.csv
train;People;04857;People/12-50f;People/12-50f/152.csv
train;People;04858;People/12-50f;People/12-50f/153.csv
train;People;04859;People/12-50f;People/12-50f/154.csv
train;People;04860;People/12-50f;People/12-50f/155.csv
train;People;04862;People/12-50f;People/12-50f/157.csv
train;People;04863;People/12-50f;People/12-50f/158.csv
train;People;04865;People/12-50f;People/12-50f/160.csv
train;People;04866;People/12-50f;People/12-50f/161.csv
train;People;04868;People/12-50f;People/12-50f/163.csv
train;People;04869;People/12-50f;People/12-50f/164.csv
train;People;04870;People/12-50f;People/12-50f/165.csv
train;People;04871;People/12-50f;People/12-50f/166.csv
train;People;04874;People/12-50f;People/12-50f/169.csv
train;People;04876;People/12-50f;People/12-50f/171.csv
train;People;04877;People/12-50f;People/12-50f/172.csv
train;People;04878;People/12-50f;People/12-50f/173.csv
train;People;04879;People/12-50f;People/12-50f/174.csv
train;People;04880;People/12-50f;People/12-50f/175.csv
train;People;04882;People/12-50f;People/12-50f/177.csv
train;People;04884;People/12-50f;People/12-50f/179.csv
train;People;04886;People/12-50f;People/12-50f/181.csv
train;People;04888;People/12-50f;People/12-50f/183.csv
train;People;04889;People/12-50f;People/12-50f/184.csv
train;People;04890;People/12-50f;People/12-50f/185.csv
train;People;04892;People/12-50f;People/12-50f/187.csv
train;People;04893;People/12-50f;People/12-50f/188.csv
train;People;04894;People/12-50f;People/12-50f/189.csv
train;People;04895;People/12-50f;People/12-50f/190.csv
train;People;04896;People/12-50f;People/12-50f/191.csv
train;People;04897;People/12-50f;People/12-50f/192.csv
train;People;04898;People/12-50f;People/12-50f/193.csv
train;People;04899;People/12-50f;People/12-50f/194.csv
train;People;04900;People/12-50f;People/12-50f/195.csv
train;People;04901;People/12-50f;People/12-50f/196.csv
train;People;04902;People/12-50f;People/12-50f/197.csv
train;People;04904;People/12-50f;People/12-50f/199.csv
train;People;04908;People/12-50f;People/12-50f/203.csv
train;People;04909;People/12-50f;People/12-50f/204.csv
train;People;04910;People/12-50f;People/12-50f/205.csv
train;People;04911;People/12-50f;People/12-50f/206.csv
train;People;04912;People/12-50f;People/12-50f/207.csv
train;People;04913;People/12-50f;People/12-50f/208.csv
train;People;04914;People/12-50f;People/12-50f/209.csv
train;People;04916;People/12-50f;People/12-50f/211.csv
train;People;04917;People/12-50f;People/12-50f/212.csv
train;People;04918;People/12-50f;People/12-50f/213.csv
train;People;04919;People/12-50f;People/12-50f/214.csv
train;People;04920;People/12-50f;People/12-50f/215.csv
train;People;04921;People/12-50f;People/12-50f/216.csv
train;People;04922;People/12-50f;People/12-50f/217.csv
train;People;04924;People/12-50f;People/12-50f/219.csv
train;People;04925;People/12-50f;People/12-50f/220.csv
train;People;04926;People/12-50f;People/12-50f/221.csv
train;People;04927;People/12-50f;People/12-50f/222.csv
train;People;04929;People/12-50f;People/12-50f/224.csv
train;People;04930;People/12-50f;People/12-50f/225.csv
train;People;04931;People/12-50f;People/12-50f/226.csv
train;People;04932;People/12-50f;People/12-50f/227.csv
train;People;04933;People/12-50f;People/12-50f/228.csv
train;People;04934;People/12-50f;People/12-50f/229.csv
train;People;04936;People/12-50f;People/12-50f/231.csv
train;People;04938;People/12-50f;People/12-50f/233.csv
train;People;04940;People/12-50f;People/12-50f/235.csv
train;People;04942;People/12-50f;People/12-50f/237.csv
train;People;04944;People/12-50f;People/12-50f/239.csv
train;People;04945;People/12-50f;People/12-50f/240.csv
train;People;04946;People/12-50f;People/12-50f/241.csv
train;People;04947;People/12-50f;People/12-50f/242.csv
train;People;04949;People/12-50f;People/12-50f/244.csv
train;People;04950;People/12-50f;People/12-50f/245.csv
train;People;04951;People/12-50f;People/12-50f/246.csv
train;People;04954;People/12-50f;People/12-50f/249.csv
train;People;04955;People/12-50f;People/12-50f/250.csv
train;People;04957;People/12-50f;People/12-50f/252.csv
train;People;04958;People/12-50f;People/12-50f/253.csv
train;People;04959;People/12-50f;People/12-50f/254.csv
train;People;04960;People/12-50f;People/12-50f/255.csv
train;People;04961;People/12-50f;People/12-50f/256.csv
train;People;04962;People/12-50f;People/12-50f/257.csv
train;People;04963;People/12-50f;People/12-50f/258.csv
train;People;04964;People/12-50f;People/12-50f/259.csv
train;People;04965;People/12-50f;People/12-50f/260.csv
train;People;04966;People/12-50f;People/12-50f/261.csv
train;People;04968;People/12-50f;People/12-50f/263.csv
train;People;04969;People/12-50f;People/12-50f/264.csv
train;People;04970;People/12-50f;People/12-50f/265.csv
train;People;04971;People/12-50f;People/12-50f/266.csv
train;People;04972;People/12-50f;People/12-50f/267.csv
train;People;04973;People/12-50f;People/12-50f/268.csv
train;People;04974;People/12-50f;People/12-50f/269.csv
train;People;04975;People/12-50f;People/12-50f/270.csv
train;People;04976;People/12-50f;People/12-50f/271.csv
train;People;04977;People/12-50f;People/12-50f/272.csv
train;People;04978;People/12-50f;People/12-50f/273.csv
train;People;04979;People/12-50f;People/12-50f/274.csv
train;People;04980;People/12-50f;People/12-50f/275.csv
train;People;04981;People/12-50f;People/12-50f/276.csv
train;People;04982;People/12-50f;People/12-50f/277.csv
train;People;04983;People/12-50f;People/12-50f/278.csv
train;People;04984;People/12-50f;People/12-50f/279.csv
train;People;04985;People/12-50f;People/12-50f/280.csv
train;People;04991;People/12-50f;People/12-50f/286.csv
train;People;04992;People/12-50f;People/12-50f/287.csv
train;People;04993;People/12-50f;People/12-50f/288.csv
train;People;04995;People/12-50f;People/12-50f/290.csv
train;People;04996;People/12-50f;People/12-50f/291.csv
train;People;05001;People/12-50f;People/12-50f/296.csv
train;People;05002;People/12-50f;People/12-50f/297.csv
train;People;05005;People/12-50f;People/12-50f/300.csv
train;People;05006;People/12-50f;People/12-50f/301.csv
train;People;05007;People/12-50f;People/12-50f/302.csv
train;People;05008;People/12-50f;People/12-50f/303.csv
train;People;05010;People/12-50f;People/12-50f/305.csv
train;People;05013;People/12-50f;People/12-50f/308.csv
train;People;05015;People/12-50f;People/12-50f/310.csv
train;People;05016;People/12-50f;People/12-50f/311.csv
train;People;05017;People/12-50f;People/12-50f/312.csv
train;People;05018;People/12-50f;People/12-50f/313.csv
train;People;05019;People/12-50f;People/12-50f/314.csv
train;People;05021;People/12-50f;People/12-50f/316.csv
train;People;05022;People/12-50f;People/12-50f/317.csv
train;People;05023;People/12-50f;People/12-50f/318.csv
train;People;05024;People/12-50f;People/12-50f/319.csv
train;People;05025;People/12-50f;People/12-50f/320.csv
train;People;05028;People/12-50f;People/12-50f/323.csv
train;People;05030;People/12-50f;People/12-50f/325.csv
train;People;05031;People/12-50f;People/12-50f/326.csv
train;People;05032;People/12-50f;People/12-50f/327.csv
train;People;05033;People/12-50f;People/12-50f/328.csv
train;People;05034;People/12-50f;People/12-50f/329.csv
train;People;05035;People/12-50f;People/12-50f/330.csv
train;People;05036;People/12-50f;People/12-50f/331.csv
train;People;05038;People/12-50f;People/12-50f/333.csv
train;People;05039;People/12-50f;People/12-50f/334.csv
train;People;05040;People/12-50f;People/12-50f/335.csv
train;People;05041;People/12-50f;People/12-50f/336.csv
train;People;05042;People/12-50f;People/12-50f/337.csv
train;People;05043;People/12-50f;People/12-50f/338.csv
train;People;05044;People/12-50f;People/12-50f/339.csv
train;People;05046;People/12-50f;People/12-50f/341.csv
train;People;05047;People/12-50f;People/12-50f/342.csv
train;People;05048;People/12-50f;People/12-50f/343.csv
train;People;05049;People/12-50f;People/12-50f/344.csv
train;People;05052;People/12-50f;People/12-50f/347.csv
train;People;05053;People/12-50f;People/12-50f/348.csv
train;People;05054;People/12-50f;People/12-50f/349.csv
train;People;05055;People/12-50f;People/12-50f/350.csv
train;People;05056;People/12-50f;People/12-50f/351.csv
train;People;05057;People/12-50f;People/12-50f/352.csv
train;People;05058;People/12-50f;People/12-50f/353.csv
train;People;05061;People/12-50f;People/12-50f/356.csv
train;People;05063;People/12-50f;People/12-50f/358.csv
train;People;05064;People/12-50f;People/12-50f/359.csv
train;People;05065;People/12-50f;People/12-50f/360.csv
train;People;05069;People/12-50f;People/12-50f/364.csv
train;People;05071;People/12-50f;People/12-50f/366.csv
train;People;05072;People/12-50f;People/12-50f/367.csv
train;People;05073;People/12-50f;People/12-50f/368.csv
train;People;05074;People/12-50f;People/12-50f/369.csv
train;People;05075;People/12-50f;People/12-50f/370.csv
train;People;05077;People/12-50f;People/12-50f/372.csv
train;People;05078;People/12-50f;People/12-50f/373.csv
train;People;05079;People/12-50f;People/12-50f/374.csv
train;People;05081;People/12-50f;People/12-50f/376.csv
train;People;05083;People/12-50f;People/12-50f/378.csv
train;People;05084;People/12-50f;People/12-50f/379.csv
train;People;05086;People/12-50f;People/12-50f/381.csv
train;People;05087;People/12-50i;People/12-50i/001.csv
train;People;05088;People/12-50i;People/12-50i/002.csv
train;People;05089;People/12-50i;People/12-50i/003.csv
train;People;05091;People/12-50i;People/12-50i/005.csv
train;People;05092;People/12-50i;People/12-50i/006.csv
train;People;05093;People/12-50i;People/12-50i/007.csv
train;People;05094;People/12-50i;People/12-50i/008.csv
train;People;05095;People/12-50i;People/12-50i/009.csv
train;People;05097;People/12-50i;People/12-50i/011.csv
train;People;05098;People/12-50i;People/12-50i/012.csv
train;People;05099;People/12-50i;People/12-50i/013.csv
train;People;05100;People/12-50i;People/12-50i/014.csv
train;People;05101;People/12-50i;People/12-50i/015.csv
train;People;05102;People/12-50i;People/12-50i/016.csv
train;People;05103;People/12-50i;People/12-50i/017.csv
train;People;05104;People/12-50i;People/12-50i/018.csv
train;People;05105;People/12-50i;People/12-50i/019.csv
train;People;05106;People/12-50i;People/12-50i/020.csv
train;People;05107;People/12-50i;People/12-50i/021.csv
train;People;05108;People/12-50i;People/12-50i/022.csv
train;People;05109;People/12-50i;People/12-50i/023.csv
train;People;05110;People/12-50i;People/12-50i/024.csv
train;People;05111;People/12-50i;People/12-50i/025.csv
train;People;05112;People/12-50i;People/12-50i/026.csv
train;People;05113;People/12-50i;People/12-50i/027.csv
train;People;05116;People/12-50i;People/12-50i/030.csv
train;People;05117;People/12-50i;People/12-50i/031.csv
train;People;05119;People/12-50i;People/12-50i/033.csv
train;People;05120;People/12-50i;People/12-50i/034.csv
train;People;05121;People/12-50i;People/12-50i/035.csv
train;People;05123;People/12-50i;People/12-50i/037.csv
train;People;05125;People/12-50i;People/12-50i/039.csv
train;People;05126;People/12-50i;People/12-50i/040.csv
train;People;05127;People/12-50i;People/12-50i/041.csv
train;People;05128;People/12-50i;People/12-50i/042.csv
train;People;05130;People/12-50i;People/12-50i/044.csv
train;People;05132;People/12-50i;People/12-50i/046.csv
train;People;05134;People/12-50i;People/12-50i/048.csv
train;People;05135;People/12-50i;People/12-50i/049.csv
train;People;05136;People/12-50i;People/12-50i/050.csv
train;People;05137;People/12-50i;People/12-50i/051.csv
train;People;05138;People/12-50i;People/12-50i/052.csv
train;People;05139;People/12-50i;People/12-50i/053.csv
train;People;05140;People/12-50i;People/12-50i/054.csv
train;People;05141;People/12-50i;People/12-50i/055.csv
train;People;05143;People/12-50i;People/12-50i/057.csv
train;People;05144;People/12-50i;People/12-50i/058.csv
train;People;05145;People/12-50i;People/12-50i/059.csv
train;People;05146;People/12-50i;People/12-50i/060.csv
train;People;05148;People/12-50i;People/12-50i/062.csv
train;People;05150;People/12-50i;People/12-50i/064.csv
train;People;05152;People/12-50i;People/12-50i/066.csv
train;People;05153;People/12-50i;People/12-50i/067.csv
train;People;05154;People/12-50i;People/12-50i/068.csv
train;People;05157;People/12-50i;People/12-50i/071.csv
train;People;05159;People/12-50i;People/12-50i/073.csv
train;People;05160;People/12-50i;People/12-50i/074.csv
train;People;05161;People/12-50i;People/12-50i/075.csv
train;People;05162;People/12-50i;People/12-50i/076.csv
train;People;05165;People/12-50i;People/12-50i/079.csv
train;People;05168;People/12-50i;People/12-50i/082.csv
train;People;05169;People/12-50i;People/12-50i/083.csv
train;People;05173;People/12-50i;People/12-50i/087.csv
train;People;05174;People/12-50i;People/12-50i/088.csv
train;People;05176;People/12-50i;People/12-50i/090.csv
train;People;05177;People/12-50i;People/12-50i/091.csv
train;People;05178;People/12-50i;People/12-50i/092.csv
train;People;05179;People/12-50i;People/12-50i/093.csv
train;People;05182;People/12-50i;People/12-50i/096.csv
train;People;05183;People/12-50i;People/12-50i/097.csv
train;People;05184;People/12-50i;People/12-50i/098.csv
train;People;05185;People/12-50i;People/12-50i/099.csv
train;People;05186;People/12-50i;People/12-50i/100.csv
train;People;05187;People/12-50i;People/12-50i/101.csv
train;People;05189;People/12-50i;People/12-50i/103.csv
train;People;05190;People/12-50i;People/12-50i/104.csv
train;People;05192;People/12-50i;People/12-50i/106.csv
train;People;05193;People/12-50i;People/12-50i/107.csv
train;People;05195;People/12-50i;People/12-50i/109.csv
train;People;05198;People/12-50i;People/12-50i/112.csv
train;People;05200;People/12-50i;People/12-50i/114.csv
train;People;05201;People/12-50i;People/12-50i/115.csv
train;People;05202;People/12-50i;People/12-50i/116.csv
train;People;05204;People/12-50i;People/12-50i/118.csv
train;People;05205;People/12-50i;People/12-50i/119.csv
train;People;05208;People/12-50i;People/12-50i/122.csv
train;People;05209;People/12-50i;People/12-50i/123.csv
train;People;05212;People/12-50i;People/12-50i/126.csv
train;People;05213;People/12-50i;People/12-50i/127.csv
train;People;05214;People/12-50i;People/12-50i/128.csv
train;People;05216;People/12-50i;People/12-50i/130.csv
train;People;05217;People/12-50i;People/12-50i/131.csv
train;People;05218;People/12-50i;People/12-50i/132.csv
train;People;05219;People/12-50i;People/12-50i/133.csv
train;People;05221;People/12-50i;People/12-50i/135.csv
train;People;05222;People/12-50i;People/12-50i/136.csv
train;People;05223;People/12-50i;People/12-50i/137.csv
train;People;05224;People/12-50i;People/12-50i/138.csv
train;People;05226;People/12-50i;People/12-50i/140.csv
train;People;05227;People/12-50i;People/12-50i/141.csv
train;People;05228;People/12-50i;People/12-50i/142.csv
train;People;05229;People/12-50i;People/12-50i/143.csv
train;People;05232;People/12-50i;People/12-50i/146.csv
train;People;05233;People/12-50i;People/12-50i/147.csv
train;People;05235;People/12-50i;People/12-50i/149.csv
train;People;05236;People/12-50i;People/12-50i/150.csv
train;People;05237;People/12-50i;People/12-50i/151.csv
train;People;05238;People/12-50i;People/12-50i/152.csv
train;People;05240;People/12-50i;People/12-50i/154.csv
train;People;05241;People/12-50i;People/12-50i/155.csv
train;People;05243;People/12-50i;People/12-50i/157.csv
train;People;05245;People/12-50i;People/12-50i/159.csv
train;People;05246;People/12-50i;People/12-50i/160.csv
train;People;05249;People/12-50i;People/12-50i/163.csv
train;People;05250;People/12-50i;People/12-50i/164.csv
train;People;05251;People/12-50i;People/12-50i/165.csv
train;People;05252;People/12-50i;People/12-50i/166.csv
train;People;05255;People/12-50i;People/12-50i/169.csv
train;People;05256;People/12-50i;People/12-50i/170.csv
train;People;05257;People/12-50i;People/12-50i/171.csv
train;People;05259;People/12-50i;People/12-50i/173.csv
train;People;05260;People/12-50i;People/12-50i/174.csv
train;People;05262;People/12-50i;People/12-50i/176.csv
train;People;05263;People/12-50i;People/12-50i/177.csv
train;People;05264;People/12-50i;People/12-50i/178.csv
train;People;05265;People/12-50i;People/12-50i/179.csv
train;People;05266;People/12-50i;People/12-50i/180.csv
train;People;05267;People/12-50i;People/12-50i/181.csv
train;People;05268;People/12-50i;People/12-50i/182.csv
train;People;05269;People/12-50i;People/12-50i/183.csv
train;People;05270;People/12-50i;People/12-50i/184.csv
train;People;05272;People/12-50i;People/12-50i/186.csv
train;People;05273;People/12-50i;People/12-50i/187.csv
train;People;05277;People/12-50i;People/12-50i/191.csv
train;People;05278;People/12-50i;People/12-50i/192.csv
train;People;05279;People/12-50i;People/12-50i/193.csv
train;People;05280;People/12-50i;People/12-50i/194.csv
train;People;05281;People/12-50i;People/12-50i/195.csv
train;People;05284;People/12-50i;People/12-50i/198.csv
train;People;05285;People/12-50i;People/12-50i/199.csv
train;People;05287;People/12-50i;People/12-50i/201.csv
train;People;05288;People/12-50i;People/12-50i/202.csv
train;People;05289;People/12-50i;People/12-50i/203.csv
train;People;05290;People/12-50i;People/12-50i/204.csv
train;People;05292;People/12-50i;People/12-50i/206.csv
train;People;05293;People/12-50i;People/12-50i/207.csv
train;People;05294;People/12-50i;People/12-50i/208.csv
train;People;05295;People/12-50i;People/12-50i/209.csv
train;People;05296;People/12-50i;People/12-50i/210.csv
train;People;05297;People/12-50i;People/12-50i/211.csv
train;People;05298;People/12-50i;People/12-50i/212.csv
train;People;05299;People/12-50i;People/12-50i/213.csv
train;People;05300;People/12-50i;People/12-50i/214.csv
train;People;05301;People/12-50i;People/12-50i/215.csv
train;People;05302;People/12-50i;People/12-50i/216.csv
train;People;05303;People/12-50i;People/12-50i/217.csv
train;People;05304;People/12-50i;People/12-50i/218.csv
train;People;05305;People/12-50i;People/12-50i/219.csv
train;People;05306;People/12-50i;People/12-50i/220.csv
train;People;05307;People/12-50i;People/12-50i/221.csv
train;People;05309;People/12-50i;People/12-50i/223.csv
train;People;05310;People/12-50i;People/12-50i/224.csv
train;People;05311;People/12-50i;People/12-50i/225.csv
train;People;05312;People/12-50i;People/12-50i/226.csv
train;People;05313;People/12-50i;People/12-50i/227.csv
train;People;05316;People/12-50i;People/12-50i/230.csv
train;People;05317;People/12-50i;People/12-50i/231.csv
train;People;05319;People/12-50i;People/12-50i/233.csv
train;People;05321;People/12-50i;People/12-50i/235.csv
train;People;05323;People/12-50i;People/12-50i/237.csv
train;People;05324;People/12-50i;People/12-50i/238.csv
train;People;05325;People/12-50i;People/12-50i/239.csv
train;People;05327;People/12-50i;People/12-50i/241.csv
train;People;05329;People/12-50i;People/12-50i/243.csv
train;People;05330;People/12-50i;People/12-50i/244.csv
train;People;05331;People/12-50i;People/12-50i/245.csv
train;People;05332;People/12-50i;People/12-50i/246.csv
train;People;05333;People/12-50i;People/12-50i/247.csv
train;People;05334;People/12-50i;People/12-50i/248.csv
train;People;05335;People/12-50i;People/12-50i/249.csv
train;People;05336;People/12-50i;People/12-50i/250.csv
train;People;05337;People/12-50i;People/12-50i/251.csv
train;People;05339;People/12-50i;People/12-50i/253.csv
train;People;05340;People/12-50i;People/12-50i/254.csv
train;People;05341;People/12-50i;People/12-50i/255.csv
train;People;05342;People/12-50i;People/12-50i/256.csv
train;People;05343;People/12-50i;People/12-50i/257.csv
train;People;05344;People/12-50i;People/12-50i/258.csv
train;People;05345;People/12-50i;People/12-50i/259.csv
train;People;05346;People/12-50i;People/12-50i/260.csv
train;People;05347;People/12-50i;People/12-50i/261.csv
train;People;05348;People/12-50i;People/12-50i/262.csv
train;People;05349;People/12-50i;People/12-50i/263.csv
train;People;05351;People/12-50i;People/12-50i/265.csv
train;People;05353;People/12-50i;People/12-50i/267.csv
train;People;05354;People/12-50i;People/12-50i/268.csv
train;People;05355;People/12-50i;People/12-50i/269.csv
train;People;05358;People/12-50i;People/12-50i/272.csv
train;People;05359;People/12-50i;People/12-50i/273.csv
train;People;05362;People/12-50i;People/12-50i/276.csv
train;People;05363;People/12-50i;People/12-50i/277.csv
train;People;05364;People/12-50i;People/12-50i/278.csv
train;People;05366;People/12-50i;People/12-50i/280.csv
train;People;05367;People/12-50i;People/12-50i/281.csv
train;People;05369;People/12-50i;People/12-50i/283.csv
train;People;05370;People/12-50i;People/12-50i/284.csv
train;People;05371;People/12-50i;People/12-50i/285.csv
train;People;05374;People/12-50i;People/12-50i/288.csv
train;People;05375;People/12-50i;People/12-50i/289.csv
train;People;05376;People/12-50i;People/12-50i/290.csv
train;People;05377;People/12-50i;People/12-50i/291.csv
train;People;05378;People/12-50i;People/12-50i/292.csv
train;People;05380;People/12-50i;People/12-50i/294.csv
train;People;05382;People/12-50i;People/12-50i/296.csv
train;People;05384;People/12-50i;People/12-50i/298.csv
train;People;05385;People/12-50i;People/12-50i/299.csv
train;People;05387;People/12-50i;People/12-50i/301.csv
train;People;05388;People/12-50i;People/12-50i/302.csv
train;People;05389;People/12-50i;People/12-50i/303.csv
train;People;05391;People/12-50i;People/12-50i/305.csv
train;People;05392;People/12-50i;People/12-50i/306.csv
train;People;05393;People/12-50i;People/12-50i/307.csv
train;People;05394;People/12-50i;People/12-50i/308.csv
train;People;05397;People/12-50i;People/12-50i/311.csv
train;People;05398;People/12-50i;People/12-50i/312.csv
train;People;05399;People/12-50i;People/12-50i/313.csv
train;People;05400;People/12-50i;People/12-50i/314.csv
train;People;05401;People/12-50i;People/12-50i/315.csv
train;People;05402;People/12-50i;People/12-50i/316.csv
train;People;05404;People/12-50i;People/12-50i/318.csv
train;People;05405;People/12-50i;People/12-50i/319.csv
train;People;05406;People/12-50i;People/12-50i/320.csv
train;People;05407;People/12-50i;People/12-50i/321.csv
train;People;05409;People/12-57f;People/12-57f/001.csv
train;People;05410;People/12-57f;People/12-57f/002.csv
train;People;05411;People/12-57f;People/12-57f/003.csv
train;People;05412;People/12-57f;People/12-57f/004.csv
train;People;05414;People/12-57f;People/12-57f/006.csv
train;People;05415;People/12-57f;People/12-57f/007.csv
train;People;05416;People/12-57f;People/12-57f/008.csv
train;People;05417;People/12-57f;People/12-57f/009.csv
train;People;05418;People/12-57f;People/12-57f/010.csv
train;People;05419;People/12-57f;People/12-57f/011.csv
train;People;05422;People/12-57f;People/12-57f/014.csv
train;People;05423;People/12-57f;People/12-57f/015.csv
train;People;05424;People/12-57f;People/12-57f/016.csv
train;People;05427;People/12-57f;People/12-57f/019.csv
train;People;05428;People/12-57f;People/12-57f/020.csv
train;People;05429;People/12-57f;People/12-57f/021.csv
train;People;05431;People/12-57f;People/12-57f/023.csv
train;People;05432;People/12-57f;People/12-57f/024.csv
train;People;05433;People/12-57f;People/12-57f/025.csv
train;People;05434;People/12-57f;People/12-57f/026.csv
train;People;05435;People/12-57f;People/12-57f/027.csv
train;People;05436;People/12-57f;People/12-57f/028.csv
train;People;05437;People/12-57f;People/12-57f/029.csv
train;People;05439;People/12-57f;People/12-57f/031.csv
train;People;05441;People/12-57f;People/12-57f/033.csv
train;People;05442;People/12-57f;People/12-57f/034.csv
train;People;05443;People/12-57f;People/12-57f/035.csv
train;People;05444;People/12-57f;People/12-57f/036.csv
train;People;05445;People/12-57f;People/12-57f/037.csv
train;People;05449;People/12-57f;People/12-57f/041.csv
train;People;05450;People/12-57f;People/12-57f/042.csv
train;People;05451;People/12-57f;People/12-57f/043.csv
train;People;05454;People/12-57f;People/12-57f/046.csv
train;People;05455;People/12-57f;People/12-57f/047.csv
train;People;05457;People/12-57f;People/12-57f/049.csv
train;People;05458;People/12-57f;People/12-57f/050.csv
train;People;05459;People/12-57f;People/12-57f/051.csv
train;People;05461;People/12-57f;People/12-57f/053.csv
train;People;05463;People/12-57f;People/12-57f/055.csv
train;People;05464;People/12-57f;People/12-57f/056.csv
train;People;05467;People/12-57f;People/12-57f/059.csv
train;People;05468;People/12-57f;People/12-57f/060.csv
train;People;05469;People/12-57f;People/12-57f/061.csv
train;People;05471;People/12-57f;People/12-57f/063.csv
train;People;05472;People/12-57f;People/12-57f/064.csv
train;People;05474;People/12-57f;People/12-57f/066.csv
train;People;05475;People/12-57f;People/12-57f/067.csv
train;People;05476;People/12-57f;People/12-57f/068.csv
train;People;05477;People/12-57f;People/12-57f/069.csv
train;People;05480;People/12-57f;People/12-57f/072.csv
train;People;05481;People/12-57f;People/12-57f/073.csv
train;People;05483;People/12-57f;People/12-57f/075.csv
train;People;05484;People/12-57f;People/12-57f/076.csv
train;People;05485;People/12-57f;People/12-57f/077.csv
train;People;05486;People/12-57f;People/12-57f/078.csv
train;People;05487;People/12-57f;People/12-57f/079.csv
train;People;05488;People/12-57f;People/12-57f/080.csv
train;People;05489;People/12-57f;People/12-57f/081.csv
train;People;05492;People/12-57f;People/12-57f/084.csv
train;People;05493;People/12-57f;People/12-57f/085.csv
train;People;05494;People/12-57f;People/12-57f/086.csv
train;People;05495;People/12-57f;People/12-57f/087.csv
train;People;05496;People/12-57f;People/12-57f/088.csv
train;People;05497;People/12-57f;People/12-57f/089.csv
train;People;05499;People/12-57f;People/12-57f/091.csv
train;People;05500;People/12-57f;People/12-57f/092.csv
train;People;05502;People/12-57f;People/12-57f/094.csv
train;People;05503;People/12-57f;People/12-57f/095.csv
train;People;05504;People/12-57f;People/12-57f/096.csv
train;People;05505;People/12-57f;People/12-57f/097.csv
train;People;05506;People/12-57f;People/12-57f/098.csv
train;People;05507;People/12-57f;People/12-57f/099.csv
train;People;05510;People/12-57f;People/12-57f/102.csv
train;People;05512;People/12-57f;People/12-57f/104.csv
train;People;05513;People/12-57f;People/12-57f/105.csv
train;People;05516;People/12-57f;People/12-57f/108.csv
train;People;05517;People/12-57f;People/12-57f/109.csv
train;People;05518;People/12-57f;People/12-57f/110.csv
train;People;05520;People/12-57f;People/12-57f/112.csv
train;People;05521;People/12-57f;People/12-57f/113.csv
train;People;05523;People/12-57f;People/12-57f/115.csv
train;People;05524;People/12-57f;People/12-57f/116.csv
train;People;05525;People/12-57f;People/12-57f/117.csv
train;People;05527;People/12-57f;People/12-57f/119.csv
train;People;05529;People/12-57f;People/12-57f/121.csv
train;People;05530;People/12-57f;People/12-57f/122.csv
train;People;05531;People/12-57f;People/12-57f/123.csv
train;People;05534;People/12-57f;People/12-57f/126.csv
train;People;05535;People/12-57f;People/12-57f/127.csv
train;People;05536;People/12-57f;People/12-57f/128.csv
train;People;05537;People/12-57f;People/12-57f/129.csv
train;People;05538;People/12-57f;People/12-57f/130.csv
train;People;05539;People/12-57f;People/12-57f/131.csv
train;People;05540;People/12-57f;People/12-57f/132.csv
train;People;05541;People/12-57f;People/12-57f/133.csv
train;People;05542;People/12-57f;People/12-57f/134.csv
train;People;05543;People/12-57f;People/12-57f/135.csv
train;People;05544;People/12-57f;People/12-57f/136.csv
train;People;05545;People/12-57f;People/12-57f/137.csv
train;People;05546;People/12-57f;People/12-57f/138.csv
train;People;05548;People/12-57f;People/12-57f/140.csv
train;People;05549;People/12-57f;People/12-57f/141.csv
train;People;05551;People/12-57f;People/12-57f/143.csv
train;People;05553;People/12-57f;People/12-57f/145.csv
train;People;05554;People/12-57f;People/12-57f/146.csv
train;People;05555;People/12-57f;People/12-57f/147.csv
train;People;05556;People/12-57f;People/12-57f/148.csv
train;People;05558;People/12-57f;People/12-57f/150.csv
train;People;05559;People/12-57f;People/12-57f/151.csv
train;People;05560;People/12-57f;People/12-57f/152.csv
train;People;05561;People/12-57f;People/12-57f/153.csv
train;People;05562;People/12-57f;People/12-57f/154.csv
train;People;05563;People/12-57f;People/12-57f/155.csv
train;People;05566;People/12-57f;People/12-57f/158.csv
train;People;05567;People/12-57f;People/12-57f/159.csv
train;People;05569;People/12-57f;People/12-57f/161.csv
train;People;05570;People/12-57f;People/12-57f/162.csv
train;People;05571;People/12-57f;People/12-57f/163.csv
train;People;05573;People/12-57f;People/12-57f/165.csv
train;People;05574;People/12-57f;People/12-57f/166.csv
train;People;05575;People/12-57f;People/12-57f/167.csv
train;People;05576;People/12-57f;People/12-57f/168.csv
train;People;05577;People/12-57f;People/12-57f/169.csv
train;People;05578;People/12-57f;People/12-57f/170.csv
train;People;05579;People/12-57f;People/12-57f/171.csv
train;People;05580;People/12-57f;People/12-57f/172.csv
train;People;05581;People/12-57f;People/12-57f/173.csv
train;People;05582;People/12-57f;People/12-57f/174.csv
train;People;05584;People/12-57f;People/12-57f/176.csv
train;People;05585;People/12-57f;People/12-57f/177.csv
train;People;05586;People/12-57f;People/12-57f/178.csv
train;People;05587;People/12-57f;People/12-57f/179.csv
train;People;05588;People/12-57f;People/12-57f/180.csv
train;People;05589;People/12-57f;People/12-57f/181.csv
train;People;05592;People/12-57f;People/12-57f/184.csv
train;People;05593;People/12-57f;People/12-57f/185.csv
train;People;05595;People/12-57f;People/12-57f/187.csv
train;People;05597;People/12-57f;People/12-57f/189.csv
train;People;05600;People/12-57f;People/12-57f/192.csv
train;People;05601;People/12-57f;People/12-57f/193.csv
train;People;05602;People/12-57f;People/12-57f/194.csv
train;People;05603;People/12-57f;People/12-57f/195.csv
train;People;05604;People/12-57f;People/12-57f/196.csv
train;People;05605;People/12-57f;People/12-57f/197.csv
train;People;05606;People/12-57f;People/12-57f/198.csv
train;People;05608;People/12-57f;People/12-57f/200.csv
train;People;05610;People/12-57f;People/12-57f/202.csv
train;People;05612;People/12-57f;People/12-57f/204.csv
train;People;05614;People/12-57f;People/12-57f/206.csv
train;People;05616;People/12-57f;People/12-57f/208.csv
train;People;05617;People/12-57f;People/12-57f/209.csv
train;People;05619;People/12-57f;People/12-57f/211.csv
train;People;05620;People/12-57f;People/12-57f/212.csv
train;People;05622;People/12-57f;People/12-57f/214.csv
train;People;05623;People/12-57f;People/12-57f/215.csv
train;People;05626;People/12-57f;People/12-57f/218.csv
train;People;05627;People/12-57f;People/12-57f/219.csv
train;People;05628;People/12-57f;People/12-57f/220.csv
train;People;05629;People/12-57f;People/12-57f/221.csv
train;People;05630;People/12-57f;People/12-57f/222.csv
train;People;05631;People/12-57f;People/12-57f/223.csv
train;People;05632;People/12-57f;People/12-57f/224.csv
train;People;05635;People/12-57f;People/12-57f/227.csv
train;People;05636;People/12-57f;People/12-57f/228.csv
train;People;05637;People/12-57f;People/12-57f/229.csv
train;People;05638;People/12-57f;People/12-57f/230.csv
train;People;05640;People/12-57f;People/12-57f/232.csv
train;People;05642;People/12-57f;People/12-57f/234.csv
train;People;05645;People/12-57f;People/12-57f/237.csv
train;People;05646;People/12-57f;People/12-57f/238.csv
train;People;05647;People/12-57f;People/12-57f/239.csv
train;People;05650;People/12-57f;People/12-57f/242.csv
train;People;05651;People/12-57f;People/12-57f/243.csv
train;People;05652;People/12-57f;People/12-57f/244.csv
train;People;05654;People/12-57f;People/12-57f/246.csv
train;People;05658;People/12-57f;People/12-57f/250.csv
train;People;05659;People/12-57f;People/12-57f/251.csv
train;People;05660;People/12-57f;People/12-57f/252.csv
train;People;05661;People/12-57f;People/12-57f/253.csv
train;People;05664;People/12-57f;People/12-57f/256.csv
train;People;05667;People/12-57f;People/12-57f/259.csv
train;People;05668;People/12-57f;People/12-57f/260.csv
train;People;05669;People/12-57f;People/12-57f/261.csv
train;People;05670;People/12-57f;People/12-57f/262.csv
train;People;05671;People/12-57f;People/12-57f/263.csv
train;People;05672;People/12-57f;People/12-57f/264.csv
train;People;05673;People/12-57f;People/12-57f/265.csv
train;People;05675;People/12-57f;People/12-57f/267.csv
train;People;05676;People/12-57f;People/12-57f/268.csv
train;People;05678;People/12-57f;People/12-57f/270.csv
train;People;05679;People/12-57f;People/12-57f/271.csv
train;People;05685;People/12-57f;People/12-57f/277.csv
train;People;05686;People/12-57f;People/12-57f/278.csv
train;People;05688;People/12-57f;People/12-57f/280.csv
train;People;05691;People/12-57f;People/12-57f/283.csv
train;People;05692;People/12-57f;People/12-57f/284.csv
train;People;05694;People/12-57f;People/12-57f/286.csv
train;People;05695;People/12-57f;People/12-57f/287.csv
train;People;05696;People/12-57f;People/12-57f/288.csv
train;People;05697;People/12-57f;People/12-57f/289.csv
train;People;05698;People/12-57f;People/12-57f/290.csv
train;People;05699;People/12-57f;People/12-57f/291.csv
train;People;05700;People/12-57f;People/12-57f/292.csv
train;People;05703;People/12-57f;People/12-57f/295.csv
train;People;05710;People/12-57f;People/12-57f/302.csv
train;People;05711;People/12-57f;People/12-57f/303.csv
train;People;05712;People/12-57f;People/12-57f/304.csv
train;People;05713;People/12-57f;People/12-57f/305.csv
train;People;05714;People/12-57f;People/12-57f/306.csv
train;People;05715;People/12-57f;People/12-57f/307.csv
train;People;05716;People/12-57f;People/12-57f/308.csv
train;People;05717;People/12-57f;People/12-57f/309.csv
train;People;05718;People/12-57f;People/12-57f/310.csv
train;People;05719;People/12-57f;People/12-57f/311.csv
train;People;05720;People/12-57f;People/12-57f/312.csv
train;People;05721;People/12-57f;People/12-57f/313.csv
train;People;05724;People/12-57f;People/12-57f/316.csv
train;People;05725;People/12-57f;People/12-57f/317.csv
train;People;05727;People/12-57f;People/12-57f/319.csv
train;People;05728;People/12-57f;People/12-57f/320.csv
train;People;05729;People/12-57f;People/12-57f/321.csv
train;People;05730;People/12-57f;People/12-57f/322.csv
train;People;05731;People/12-57f;People/12-57f/323.csv
train;People;05732;People/12-57f;People/12-57f/324.csv
train;People;05733;People/12-57f;People/12-57f/325.csv
train;People;05735;People/12-57f;People/12-57f/327.csv
train;People;05736;People/12-57f;People/12-57f/328.csv
train;People;05737;People/12-57f;People/12-57f/329.csv
train;People;05739;People/12-57f;People/12-57f/331.csv
train;People;05740;People/12-57f;People/12-57f/332.csv
train;People;05741;People/12-57f;People/12-57f/333.csv
train;People;05742;People/12-57f;People/12-57f/334.csv
train;People;05743;People/12-57f;People/12-57f/335.csv
train;People;05744;People/12-57f;People/12-57f/336.csv
train;People;05745;People/12-57f;People/12-57f/337.csv
train;People;05746;People/12-57f;People/12-57f/338.csv
train;People;05747;People/12-57f;People/12-57f/339.csv
train;People;05748;People/12-57f;People/12-57f/340.csv
train;People;05749;People/12-57f;People/12-57f/341.csv
train;People;05750;People/12-57f;People/12-57f/342.csv
train;People;05751;People/12-57f;People/12-57f/343.csv
train;People;05755;People/12-57f;People/12-57f/347.csv
train;People;05758;People/12-57f;People/12-57f/350.csv
train;People;05760;People/12-57f;People/12-57f/352.csv
train;People;05761;People/12-57f;People/12-57f/353.csv
train;People;05762;People/12-57f;People/12-57f/354.csv
train;People;05763;People/12-57f;People/12-57f/355.csv
train;People;05764;People/12-57f;People/12-57f/356.csv
train;People;05765;People/12-57f;People/12-57f/357.csv
train;People;05766;People/12-57f;People/12-57f/358.csv
train;People;05769;People/12-57f;People/12-57f/361.csv
train;People;05770;People/12-57f;People/12-57f/362.csv
train;People;05772;People/12-57f;People/12-57f/364.csv
train;People;05773;People/12-57f;People/12-57f/365.csv
train;People;05774;People/12-57f;People/12-57f/366.csv
train;People;05775;People/12-57f;People/12-57f/367.csv
train;People;05776;People/12-57f;People/12-57f/368.csv
train;People;05779;People/12-57f;People/12-57f/371.csv
train;People;05780;People/12-57f;People/12-57f/372.csv
train;People;05781;People/12-57f;People/12-57f/373.csv
train;People;05783;People/12-57f;People/12-57f/375.csv
train;People;05786;People/12-57f;People/12-57f/378.csv
train;People;05787;People/12-57i;People/12-57i/001.csv
train;People;05788;People/12-57i;People/12-57i/002.csv
train;People;05790;People/12-57i;People/12-57i/004.csv
train;People;05792;People/12-57i;People/12-57i/006.csv
train;People;05793;People/12-57i;People/12-57i/007.csv
train;People;05794;People/12-57i;People/12-57i/008.csv
train;People;05795;People/12-57i;People/12-57i/009.csv
train;People;05796;People/12-57i;People/12-57i/010.csv
train;People;05797;People/12-57i;People/12-57i/011.csv
train;People;05798;People/12-57i;People/12-57i/012.csv
train;People;05801;People/12-57i;People/12-57i/015.csv
train;People;05802;People/12-57i;People/12-57i/016.csv
train;People;05804;People/12-57i;People/12-57i/018.csv
train;People;05807;People/12-57i;People/12-57i/021.csv
train;People;05808;People/12-57i;People/12-57i/022.csv
train;People;05810;People/12-57i;People/12-57i/024.csv
train;People;05812;People/12-57i;People/12-57i/026.csv
train;People;05813;People/12-57i;People/12-57i/027.csv
train;People;05814;People/12-57i;People/12-57i/028.csv
train;People;05815;People/12-57i;People/12-57i/029.csv
train;People;05816;People/12-57i;People/12-57i/030.csv
train;People;05817;People/12-57i;People/12-57i/031.csv
train;People;05819;People/12-57i;People/12-57i/033.csv
train;People;05820;People/12-57i;People/12-57i/034.csv
train;People;05821;People/12-57i;People/12-57i/035.csv
train;People;05823;People/12-57i;People/12-57i/037.csv
train;People;05824;People/12-57i;People/12-57i/038.csv
train;People;05825;People/12-57i;People/12-57i/039.csv
train;People;05826;People/12-57i;People/12-57i/040.csv
train;People;05829;People/12-57i;People/12-57i/043.csv
train;People;05830;People/12-57i;People/12-57i/044.csv
train;People;05832;People/12-57i;People/12-57i/046.csv
train;People;05833;People/12-57i;People/12-57i/047.csv
train;People;05835;People/12-57i;People/12-57i/049.csv
train;People;05836;People/12-57i;People/12-57i/050.csv
train;People;05838;People/12-57i;People/12-57i/052.csv
train;People;05839;People/12-57i;People/12-57i/053.csv
train;People;05840;People/12-57i;People/12-57i/054.csv
train;People;05841;People/12-57i;People/12-57i/055.csv
train;People;05842;People/12-57i;People/12-57i/056.csv
train;People;05843;People/12-57i;People/12-57i/057.csv
train;People;05844;People/12-57i;People/12-57i/058.csv
train;People;05845;People/12-57i;People/12-57i/059.csv
train;People;05847;People/12-57i;People/12-57i/061.csv
train;People;05848;People/12-57i;People/12-57i/062.csv
train;People;05850;People/12-57i;People/12-57i/064.csv
train;People;05851;People/12-57i;People/12-57i/065.csv
train;People;05852;People/12-57i;People/12-57i/066.csv
train;People;05853;People/12-57i;People/12-57i/067.csv
train;People;05854;People/12-57i;People/12-57i/068.csv
train;People;05855;People/12-57i;People/12-57i/069.csv
train;People;05856;People/12-57i;People/12-57i/070.csv
train;People;05857;People/12-57i;People/12-57i/071.csv
train;People;05859;People/12-57i;People/12-57i/073.csv
train;People;05860;People/12-57i;People/12-57i/074.csv
train;People;05862;People/12-57i;People/12-57i/076.csv
train;People;05863;People/12-57i;People/12-57i/077.csv
train;People;05865;People/12-57i;People/12-57i/079.csv
train;People;05866;People/12-57i;People/12-57i/080.csv
train;People;05867;People/12-57i;People/12-57i/081.csv
train;People;05868;People/12-57i;People/12-57i/082.csv
train;People;05869;People/12-57i;People/12-57i/083.csv
train;People;05870;People/12-57i;People/12-57i/084.csv
train;People;05874;People/12-57i;People/12-57i/088.csv
train;People;05875;People/12-57i;People/12-57i/089.csv
train;People;05876;People/12-57i;People/12-57i/090.csv
train;People;05878;People/12-57i;People/12-57i/092.csv
train;People;05879;People/12-57i;People/12-57i/093.csv
train;People;05880;People/12-57i;People/12-57i/094.csv
train;People;05882;People/12-57i;People/12-57i/096.csv
train;People;05884;People/12-57i;People/12-57i/098.csv
train;People;05885;People/12-57i;People/12-57i/099.csv
train;People;05888;People/12-57i;People/12-57i/102.csv
train;People;05889;People/12-57i;People/12-57i/103.csv
train;People;05890;People/12-57i;People/12-57i/104.csv
train;People;05891;People/12-57i;People/12-57i/105.csv
train;People;05892;People/12-57i;People/12-57i/106.csv
train;People;05893;People/12-57i;People/12-57i/107.csv
train;People;05895;People/12-57i;People/12-57i/109.csv
train;People;05896;People/12-57i;People/12-57i/110.csv
train;People;05897;People/12-57i;People/12-57i/111.csv
train;People;05899;People/12-57i;People/12-57i/113.csv
train;People;05900;People/12-57i;People/12-57i/114.csv
train;People;05903;People/12-57i;People/12-57i/117.csv
train;People;05904;People/12-57i;People/12-57i/118.csv
train;People;05905;People/12-57i;People/12-57i/119.csv
train;People;05907;People/12-57i;People/12-57i/121.csv
train;People;05908;People/12-57i;People/12-57i/122.csv
train;People;05909;People/12-57i;People/12-57i/123.csv
train;People;05910;People/12-57i;People/12-57i/124.csv
train;People;05911;People/12-57i;People/12-57i/125.csv
train;People;05912;People/12-57i;People/12-57i/126.csv
train;People;05913;People/12-57i;People/12-57i/127.csv
train;People;05914;People/12-57i;People/12-57i/128.csv
train;People;05916;People/12-57i;People/12-57i/130.csv
train;People;05917;People/12-57i;People/12-57i/131.csv
train;People;05918;People/12-57i;People/12-57i/132.csv
train;People;05920;People/12-57i;People/12-57i/134.csv
train;People;05921;People/12-57i;People/12-57i/135.csv
train;People;05922;People/12-57i;People/12-57i/136.csv
train;People;05923;People/12-57i;People/12-57i/137.csv
train;People;05924;People/12-57i;People/12-57i/138.csv
train;People;05925;People/12-57i;People/12-57i/139.csv
train;People;05927;People/12-57i;People/12-57i/141.csv
train;People;05928;People/12-57i;People/12-57i/142.csv
train;People;05930;People/12-57i;People/12-57i/144.csv
train;People;05931;People/12-57i;People/12-57i/145.csv
train;People;05933;People/12-57i;People/12-57i/147.csv
train;People;05935;People/12-57i;People/12-57i/149.csv
train;People;05936;People/12-57i;People/12-57i/150.csv
train;People;05938;People/12-57i;People/12-57i/152.csv
train;People;05939;People/12-57i;People/12-57i/153.csv
train;People;05941;People/12-57i;People/12-57i/155.csv
train;People;05944;People/12-57i;People/12-57i/158.csv
train;People;05946;People/12-57i;People/12-57i/160.csv
train;People;05948;People/12-57i;People/12-57i/162.csv
train;People;05949;People/12-57i;People/12-57i/163.csv
train;People;05950;People/12-57i;People/12-57i/164.csv
train;People;05951;People/12-57i;People/12-57i/165.csv
train;People;05953;People/12-57i;People/12-57i/167.csv
train;People;05954;People/12-57i;People/12-57i/168.csv
train;People;05955;People/12-57i;People/12-57i/169.csv
train;People;05956;People/12-57i;People/12-57i/170.csv
train;People;05958;People/12-57i;People/12-57i/172.csv
train;People;05959;People/12-57i;People/12-57i/173.csv
train;People;05960;People/12-57i;People/12-57i/174.csv
train;People;05961;People/12-57i;People/12-57i/175.csv
train;People;05962;People/12-57i;People/12-57i/176.csv
train;People;05963;People/12-57i;People/12-57i/177.csv
train;People;05964;People/12-57i;People/12-57i/178.csv
train;People;05965;People/12-57i;People/12-57i/179.csv
train;People;05966;People/12-57i;People/12-57i/180.csv
train;People;05967;People/12-57i;People/12-57i/181.csv
train;People;05968;People/12-57i;People/12-57i/182.csv
train;People;05969;People/15-58;People/15-58/001.csv
train;People;05970;People/15-58;People/15-58/002.csv
train;People;05972;People/15-58;People/15-58/004.csv
train;People;05973;People/15-58;People/15-58/005.csv
train;People;05974;People/15-58;People/15-58/006.csv
train;People;05975;People/15-58;People/15-58/007.csv
train;People;05976;People/15-58;People/15-58/008.csv
train;People;05977;People/15-58;People/15-58/009.csv
train;People;05978;People/15-58;People/15-58/010.csv
train;People;05979;People/15-58;People/15-58/011.csv
train;People;05980;People/15-58;People/15-58/012.csv
train;People;05981;People/15-58;People/15-58/013.csv
train;People;05982;People/15-58;People/15-58/014.csv
train;People;05983;People/15-58;People/15-58/015.csv
train;People;05984;People/15-58;People/15-58/016.csv
train;People;05987;People/15-58;People/15-58/019.csv
train;People;05988;People/15-58;People/15-58/020.csv
train;People;05989;People/15-58;People/15-58/021.csv
train;People;05990;People/15-58;People/15-58/022.csv
train;People;05992;People/15-58;People/15-58/024.csv
train;People;05993;People/15-58;People/15-58/025.csv
train;People;05994;People/15-58;People/15-58/026.csv
train;People;05995;People/15-58;People/15-58/027.csv
train;People;05996;People/15-58;People/15-58/028.csv
train;People;05998;People/15-58;People/15-58/030.csv
train;People;06000;People/15-58;People/15-58/032.csv
train;People;06001;People/15-58;People/15-58/033.csv
train;People;06002;People/15-58;People/15-58/034.csv
train;People;06003;People/15-58;People/15-58/035.csv
train;People;06005;People/15-58;People/15-58/037.csv
train;People;06006;People/15-58;People/15-58/038.csv
train;People;06007;People/15-58;People/15-58/039.csv
train;People;06008;People/15-58;People/15-58/040.csv
train;People;06009;People/15-58;People/15-58/041.csv
train;People;06010;People/15-58;People/15-58/042.csv
train;People;06011;People/15-58;People/15-58/043.csv
train;People;06012;People/15-58;People/15-58/044.csv
train;People;06013;People/15-58;People/15-58/045.csv
train;People;06014;People/15-58;People/15-58/046.csv
train;People;06015;People/15-58;People/15-58/047.csv
train;People;06016;People/15-58;People/15-58/048.csv
train;People;06017;People/15-58;People/15-58/049.csv
train;People;06018;People/15-58;People/15-58/050.csv
train;People;06020;People/15-58;People/15-58/052.csv
train;People;06021;People/15-58;People/15-58/053.csv
train;People;06023;People/15-58;People/15-58/055.csv
train;People;06024;People/15-58;People/15-58/056.csv
train;People;06028;People/15-58;People/15-58/060.csv
train;People;06029;People/15-58;People/15-58/061.csv
train;People;06032;People/15-58;People/15-58/064.csv
train;People;06034;People/15-58;People/15-58/066.csv
train;People;06036;People/15-58;People/15-58/068.csv
train;People;06037;People/15-58;People/15-58/069.csv
train;People;06038;People/15-58;People/15-58/070.csv
train;People;06039;People/15-58;People/15-58/071.csv
train;People;06040;People/15-58;People/15-58/072.csv
train;People;06041;People/15-58;People/15-58/073.csv
train;People;06042;People/15-58;People/15-58/074.csv
train;People;06043;People/15-58;People/15-58/075.csv
train;People;06044;People/15-58;People/15-58/076.csv
train;People;06046;People/15-58;People/15-58/078.csv
train;People;06047;People/15-58;People/15-58/079.csv
train;People;06048;People/15-58;People/15-58/080.csv
train;People;06049;People/15-58;People/15-58/081.csv
train;People;06050;People/15-58;People/15-58/082.csv
train;People;06052;People/15-58;People/15-58/084.csv
train;People;06053;People/15-58;People/15-58/085.csv
train;People;06054;People/15-58;People/15-58/086.csv
train;People;06055;People/15-58;People/15-58/087.csv
train;People;06056;People/15-58;People/15-58/088.csv
train;People;06057;People/15-58;People/15-58/089.csv
train;People;06058;People/15-58;People/15-58/090.csv
train;People;06061;People/15-58;People/15-58/093.csv
train;People;06065;People/15-58;People/15-58/097.csv
train;People;06066;People/15-58;People/15-58/098.csv
train;People;06067;People/15-58;People/15-58/099.csv
train;People;06068;People/15-58;People/15-58/100.csv
train;People;06069;People/15-58i;People/15-58i/001.csv
train;People;06070;People/15-58i;People/15-58i/002.csv
train;People;06071;People/15-58i;People/15-58i/003.csv
train;People;06073;People/15-58i;People/15-58i/005.csv
train;People;06074;People/15-58i;People/15-58i/006.csv
train;People;06075;People/15-58i;People/15-58i/007.csv
train;People;06076;People/15-58i;People/15-58i/008.csv
train;People;06078;People/15-58i;People/15-58i/010.csv
train;People;06081;People/15-58i;People/15-58i/013.csv
train;People;06082;People/15-58i;People/15-58i/014.csv
train;People;06083;People/15-58i;People/15-58i/015.csv
train;People;06085;People/15-58i;People/15-58i/017.csv
train;People;06090;People/15-58i;People/15-58i/022.csv
train;People;06091;People/15-58i;People/15-58i/023.csv
train;People;06094;People/15-58i;People/15-58i/026.csv
train;People;06095;People/15-58i;People/15-58i/027.csv
train;People;06096;People/15-58i;People/15-58i/028.csv
train;People;06097;People/15-58i;People/15-58i/029.csv
train;People;06098;People/15-58i;People/15-58i/030.csv
train;People;06099;People/15-58i;People/15-58i/031.csv
train;People;06100;People/15-58i;People/15-58i/032.csv
train;People;06101;People/15-58i;People/15-58i/033.csv
train;People;06102;People/15-58i;People/15-58i/034.csv
train;People;06103;People/15-58i;People/15-58i/035.csv
train;People;06105;People/15-58i;People/15-58i/037.csv
train;People;06106;People/15-58i;People/15-58i/038.csv
train;People;06107;People/15-58i;People/15-58i/039.csv
train;People;06108;People/15-58i;People/15-58i/040.csv
train;People;06109;People/15-58i;People/15-58i/041.csv
train;People;06110;People/15-58i;People/15-58i/042.csv
train;People;06111;People/15-58i;People/15-58i/043.csv
train;People;06112;People/15-58i;People/15-58i/044.csv
train;People;06115;People/15-58i;People/15-58i/047.csv
train;People;06116;People/15-58i;People/15-58i/048.csv
train;People;06117;People/15-58i;People/15-58i/049.csv
train;People;06118;People/15-58i;People/15-58i/050.csv
train;People;06119;People/15-58i;People/15-58i/051.csv
train;People;06120;People/15-58i;People/15-58i/052.csv
train;People;06121;People/15-58i;People/15-58i/053.csv
train;People;06124;People/15-58i;People/15-58i/056.csv
train;People;06126;People/15-58i;People/15-58i/058.csv
train;People;06127;People/15-58i;People/15-58i/059.csv
train;People;06128;People/15-58i;People/15-58i/060.csv
train;People;06129;People/15-58i;People/15-58i/061.csv
train;People;06131;People/15-58i;People/15-58i/063.csv
train;People;06133;People/15-58i;People/15-58i/065.csv
train;People;06135;People/15-58i;People/15-58i/067.csv
train;People;06136;People/15-58i;People/15-58i/068.csv
train;People;06138;People/15-58i;People/15-58i/070.csv
train;People;06139;People/15-58i;People/15-58i/071.csv
train;People;06140;People/15-58i;People/15-58i/072.csv
train;People;06141;People/15-58i;People/15-58i/073.csv
train;People;06143;People/15-58i;People/15-58i/075.csv
train;People;06144;People/15-58i;People/15-58i/076.csv
train;People;06145;People/15-58i;People/15-58i/077.csv
train;People;06146;People/15-58i;People/15-58i/078.csv
train;People;06147;People/15-58i;People/15-58i/079.csv
train;People;06150;People/15-58i;People/15-58i/082.csv
train;People;06153;People/15-58i;People/15-58i/085.csv
train;People;06156;People/15-58i;People/15-58i/088.csv
train;People;06158;People/15-58i;People/15-58i/090.csv
train;People;06159;People/15-58i;People/15-58i/091.csv
train;People;06160;People/15-58i;People/15-58i/092.csv
train;People;06161;People/15-58i;People/15-58i/093.csv
train;People;06162;People/15-58i;People/15-58i/094.csv
train;People;06163;People/15-58i;People/15-58i/095.csv
train;People;06164;People/15-58i;People/15-58i/096.csv
train;People;06165;People/15-58i;People/15-58i/097.csv
train;People;06167;People/15-58i;People/15-58i/099.csv
train;People;06168;People/15-58i;People/15-58i/100.csv
train;People;06169;People/16-00;People/16-00/001.csv
train;People;06171;People/16-00;People/16-00/003.csv
train;People;06173;People/16-00;People/16-00/005.csv
train;People;06174;People/16-00;People/16-00/006.csv
train;People;06176;People/16-00;People/16-00/008.csv
train;People;06179;People/16-00;People/16-00/011.csv
train;People;06180;People/16-00;People/16-00/012.csv
train;People;06181;People/16-00;People/16-00/013.csv
train;People;06182;People/16-00;People/16-00/014.csv
train;People;06183;People/16-00;People/16-00/015.csv
train;People;06184;People/16-00;People/16-00/016.csv
train;People;06185;People/16-00;People/16-00/017.csv
train;People;06186;People/16-00;People/16-00/018.csv
train;People;06187;People/16-00;People/16-00/019.csv
train;People;06188;People/16-00;People/16-00/020.csv
train;People;06189;People/16-00;People/16-00/021.csv
train;People;06190;People/16-00;People/16-00/022.csv
train;People;06191;People/16-00;People/16-00/023.csv
train;People;06192;People/16-00;People/16-00/024.csv
train;People;06193;People/16-00;People/16-00/025.csv
train;People;06194;People/16-00;People/16-00/026.csv
train;People;06196;People/16-00;People/16-00/028.csv
train;People;06198;People/16-00;People/16-00/030.csv
train;People;06199;People/16-00;People/16-00/031.csv
train;People;06201;People/16-00;People/16-00/033.csv
train;People;06202;People/16-00;People/16-00/034.csv
train;People;06203;People/16-00;People/16-00/035.csv
train;People;06205;People/16-00;People/16-00/037.csv
train;People;06206;People/16-00;People/16-00/038.csv
train;People;06210;People/16-00;People/16-00/042.csv
train;People;06211;People/16-00;People/16-00/043.csv
train;People;06212;People/16-00;People/16-00/044.csv
train;People;06213;People/16-00;People/16-00/045.csv
train;People;06215;People/16-00;People/16-00/047.csv
train;People;06216;People/16-00;People/16-00/048.csv
train;People;06217;People/16-00;People/16-00/049.csv
train;People;06218;People/16-00;People/16-00/050.csv
train;People;06220;People/16-00;People/16-00/052.csv
train;People;06221;People/16-00;People/16-00/053.csv
train;People;06222;People/16-00;People/16-00/054.csv
train;People;06223;People/16-00;People/16-00/055.csv
train;People;06224;People/16-00;People/16-00/056.csv
train;People;06227;People/16-00;People/16-00/059.csv
train;People;06229;People/16-00;People/16-00/061.csv
train;People;06230;People/16-00;People/16-00/062.csv
train;People;06231;People/16-00;People/16-00/063.csv
train;People;06232;People/16-00;People/16-00/064.csv
train;People;06234;People/16-00;People/16-00/066.csv
train;People;06235;People/16-00;People/16-00/067.csv
train;People;06236;People/16-00;People/16-00/068.csv
train;People;06237;People/16-00;People/16-00/069.csv
train;People;06238;People/16-00;People/16-00/070.csv
train;People;06241;People/16-00;People/16-00/073.csv
train;People;06243;People/16-00;People/16-00/075.csv
train;People;06244;People/16-00;People/16-00/076.csv
train;People;06246;People/16-00;People/16-00/078.csv
train;People;06247;People/16-00;People/16-00/079.csv
train;People;06252;People/16-00;People/16-00/084.csv
train;People;06254;People/16-00;People/16-00/086.csv
train;People;06256;People/16-00;People/16-00/088.csv
train;People;06257;People/16-00;People/16-00/089.csv
train;People;06259;People/16-00;People/16-00/091.csv
train;People;06260;People/16-00;People/16-00/092.csv
train;People;06263;People/16-00;People/16-00/095.csv
train;People;06264;People/16-00;People/16-00/096.csv
train;People;06265;People/16-00;People/16-00/097.csv
train;People;06266;People/16-00;People/16-00/098.csv
train;People;06267;People/16-00;People/16-00/099.csv
train;People;06269;People/16-00;People/16-00/101.csv
train;People;06270;People/16-00;People/16-00/102.csv
train;People;06271;People/16-00;People/16-00/103.csv
train;People;06275;People/16-00;People/16-00/107.csv
train;People;06276;People/16-00;People/16-00/108.csv
train;People;06277;People/16-00;People/16-00/109.csv
train;People;06279;People/16-00;People/16-00/111.csv
train;People;06281;People/16-00;People/16-00/113.csv
train;People;06282;People/16-00;People/16-00/114.csv
train;People;06283;People/16-00;People/16-00/115.csv
train;People;06285;People/16-00;People/16-00/117.csv
train;People;06286;People/16-00;People/16-00/118.csv
train;People;06288;People/16-00;People/16-00/120.csv
train;People;06289;People/16-00;People/16-00/121.csv
train;People;06291;People/16-00;People/16-00/123.csv
train;People;06292;People/16-00;People/16-00/124.csv
train;People;06294;People/16-00;People/16-00/126.csv
train;People;06295;People/16-00;People/16-00/127.csv
train;People;06296;People/16-00;People/16-00/128.csv
train;People;06297;People/16-00;People/16-00/129.csv
train;People;06298;People/16-00;People/16-00/130.csv
train;People;06302;People/16-00;People/16-00/134.csv
train;People;06303;People/16-00;People/16-00/135.csv
train;People;06304;People/16-00;People/16-00/136.csv
train;People;06307;People/16-00i;People/16-00i/002.csv
train;People;06308;People/16-00i;People/16-00i/003.csv
train;People;06311;People/16-00i;People/16-00i/006.csv
train;People;06316;People/16-00i;People/16-00i/011.csv
train;People;06318;People/16-00i;People/16-00i/013.csv
train;People;06319;People/16-00i;People/16-00i/014.csv
train;People;06320;People/16-00i;People/16-00i/015.csv
train;People;06321;People/16-00i;People/16-00i/016.csv
train;People;06325;People/16-00i;People/16-00i/020.csv
train;People;06326;People/16-00i;People/16-00i/021.csv
train;People;06328;People/16-00i;People/16-00i/023.csv
train;People;06331;People/16-00i;People/16-00i/026.csv
train;People;06332;People/16-00i;People/16-00i/027.csv
train;People;06333;People/16-00i;People/16-00i/028.csv
train;People;06334;People/16-00i;People/16-00i/029.csv
train;People;06335;People/16-00i;People/16-00i/030.csv
train;People;06337;People/16-00i;People/16-00i/032.csv
train;People;06338;People/16-00i;People/16-00i/033.csv
train;People;06339;People/16-00i;People/16-00i/034.csv
train;People;06340;People/16-00i;People/16-00i/035.csv
train;People;06341;People/16-00i;People/16-00i/036.csv
train;People;06342;People/16-00i;People/16-00i/037.csv
train;People;06343;People/16-00i;People/16-00i/038.csv
train;People;06344;People/16-00i;People/16-00i/039.csv
train;People;06345;People/16-00i;People/16-00i/040.csv
train;People;06348;People/16-00i;People/16-00i/043.csv
train;People;06349;People/16-00i;People/16-00i/044.csv
train;People;06350;People/16-00i;People/16-00i/045.csv
train;People;06351;People/16-00i;People/16-00i/046.csv
train;People;06355;People/16-00i;People/16-00i/050.csv
train;People;06357;People/16-00i;People/16-00i/052.csv
train;People;06358;People/16-00i;People/16-00i/053.csv
train;People;06360;People/16-00i;People/16-00i/055.csv
train;People;06361;People/16-00i;People/16-00i/056.csv
train;People;06363;People/16-00i;People/16-00i/058.csv
train;People;06364;People/16-00i;People/16-00i/059.csv
train;People;06366;People/16-00i;People/16-00i/061.csv
train;People;06367;People/16-00i;People/16-00i/062.csv
train;People;06368;People/16-00i;People/16-00i/063.csv
train;People;06370;People/16-00i;People/16-00i/065.csv
train;People;06371;People/16-00i;People/16-00i/066.csv
train;People;06373;People/16-00i;People/16-00i/068.csv
train;People;06374;People/16-00i;People/16-00i/069.csv
train;People;06375;People/16-00i;People/16-00i/070.csv
train;People;06376;People/16-00i;People/16-00i/071.csv
train;People;06377;People/16-00i;People/16-00i/072.csv
train;People;06380;People/16-00i;People/16-00i/075.csv
train;People;06381;People/16-00i;People/16-00i/076.csv
train;People;06383;People/16-00i;People/16-00i/078.csv
train;People;06385;People/16-00i;People/16-00i/080.csv
train;People;06386;People/16-00i;People/16-00i/081.csv
train;People;06387;People/16-00i;People/16-00i/082.csv
train;People;06390;People/16-00i;People/16-00i/085.csv
train;People;06391;People/16-00i;People/16-00i/086.csv
train;People;06392;People/16-00i;People/16-00i/087.csv
train;People;06393;People/16-00i;People/16-00i/088.csv
train;People;06394;People/16-00i;People/16-00i/089.csv
train;People;06395;People/16-00i;People/16-00i/090.csv
train;People;06396;People/16-00i;People/16-00i/091.csv
train;People;06397;People/16-00i;People/16-00i/092.csv
train;People;06398;People/16-00i;People/16-00i/093.csv
train;People;06400;People/16-00i;People/16-00i/095.csv
train;People;06401;People/16-00i;People/16-00i/096.csv
train;People;06403;People/16-00i;People/16-00i/098.csv
train;People;06404;People/16-00i;People/16-00i/099.csv
train;People;06405;People/16-00i;People/16-00i/100.csv
train;People;06408;People/16-00i;People/16-00i/103.csv
train;People;06410;People/16-00i;People/16-00i/105.csv
train;People;06411;People/16-00i;People/16-00i/106.csv
train;People;06412;People/16-00i;People/16-00i/107.csv
train;People;06414;People/16-00i;People/16-00i/109.csv
train;People;06415;People/16-00i;People/16-00i/110.csv
train;People;06417;People/16-00i;People/16-00i/112.csv
train;People;06418;People/16-00i;People/16-00i/113.csv
train;People;06419;People/16-00i;People/16-00i/114.csv
train;People;06420;People/16-00i;People/16-00i/115.csv
train;People;06421;People/16-00i;People/16-00i/116.csv
train;People;06422;People/16-00i;People/16-00i/117.csv
train;People;06423;People/16-00i;People/16-00i/118.csv
train;People;06424;People/16-00i;People/16-00i/119.csv
train;People;06427;People/16-00i;People/16-00i/122.csv
train;People;06428;People/16-00i;People/16-00i/123.csv
train;People;06430;People/16-00i;People/16-00i/125.csv
train;People;06431;People/16-00i;People/16-00i/126.csv
train;People;06433;People/16-00i;People/16-00i/128.csv
train;People;06434;People/16-00i;People/16-00i/129.csv
train;People;06438;People/16-00i;People/16-00i/133.csv
train;People;06439;People/16-00i;People/16-00i/134.csv
train;People;06440;People/16-00i;People/16-00i/135.csv
train;People;06441;People/16-00i;People/16-00i/136.csv
train;People;06442;People/16-00i;People/16-00i/137.csv
train;People;06444;People/16-06;People/16-06/002.csv
train;People;06445;People/16-06;People/16-06/003.csv
train;People;06447;People/16-06;People/16-06/005.csv
train;People;06448;People/16-06;People/16-06/006.csv
train;People;06450;People/16-06;People/16-06/008.csv
train;People;06451;People/16-06;People/16-06/009.csv
train;People;06452;People/16-06;People/16-06/010.csv
train;People;06454;People/16-06;People/16-06/012.csv
train;People;06456;People/16-06;People/16-06/014.csv
train;People;06457;People/16-06;People/16-06/015.csv
train;People;06458;People/16-06;People/16-06/016.csv
train;People;06459;People/16-06;People/16-06/017.csv
train;People;06462;People/16-06;People/16-06/020.csv
train;People;06464;People/16-06;People/16-06/022.csv
train;People;06466;People/16-06;People/16-06/024.csv
train;People;06467;People/16-06;People/16-06/025.csv
train;People;06471;People/16-06;People/16-06/029.csv
train;People;06472;People/16-06;People/16-06/030.csv
train;People;06473;People/16-06;People/16-06/031.csv
train;People;06474;People/16-06;People/16-06/032.csv
train;People;06476;People/16-06;People/16-06/034.csv
train;People;06477;People/16-06;People/16-06/035.csv
train;People;06478;People/16-06;People/16-06/036.csv
train;People;06479;People/16-06;People/16-06/037.csv
train;People;06482;People/16-06;People/16-06/040.csv
train;People;06483;People/16-06;People/16-06/041.csv
train;People;06484;People/16-06;People/16-06/042.csv
train;People;06485;People/16-06;People/16-06/043.csv
train;People;06487;People/16-06;People/16-06/045.csv
train;People;06489;People/16-06;People/16-06/047.csv
train;People;06490;People/16-06;People/16-06/048.csv
train;People;06491;People/16-06;People/16-06/049.csv
train;People;06492;People/16-06;People/16-06/050.csv
train;People;06496;People/16-06;People/16-06/054.csv
train;People;06499;People/16-06;People/16-06/057.csv
train;People;06500;People/16-06;People/16-06/058.csv
train;People;06502;People/16-06;People/16-06/060.csv
train;People;06503;People/16-06;People/16-06/061.csv
train;People;06504;People/16-06;People/16-06/062.csv
train;People;06505;People/16-06;People/16-06/063.csv
train;People;06506;People/16-06;People/16-06/064.csv
train;People;06507;People/16-06;People/16-06/065.csv
train;People;06508;People/16-06;People/16-06/066.csv
train;People;06510;People/16-06;People/16-06/068.csv
train;People;06511;People/16-06;People/16-06/069.csv
train;People;06512;People/16-06;People/16-06/070.csv
train;People;06513;People/16-06;People/16-06/071.csv
train;People;06517;People/16-06;People/16-06/075.csv
train;People;06518;People/16-06;People/16-06/076.csv
train;People;06519;People/16-06;People/16-06/077.csv
train;People;06521;People/16-06;People/16-06/079.csv
train;People;06522;People/16-06;People/16-06/080.csv
train;People;06523;People/16-06;People/16-06/081.csv
train;People;06524;People/16-06;People/16-06/082.csv
train;People;06525;People/16-06;People/16-06/083.csv
train;People;06526;People/16-06;People/16-06/084.csv
train;People;06527;People/16-06;People/16-06/085.csv
train;People;06528;People/16-06;People/16-06/086.csv
train;People;06529;People/16-06;People/16-06/087.csv
train;People;06530;People/16-06;People/16-06/088.csv
train;People;06531;People/16-06;People/16-06/089.csv
train;People;06535;People/16-06;People/16-06/093.csv
train;People;06536;People/16-06;People/16-06/094.csv
train;People;06537;People/16-06;People/16-06/095.csv
train;People;06538;People/16-06;People/16-06/096.csv
train;People;06540;People/16-06;People/16-06/098.csv
train;People;06542;People/16-06;People/16-06/100.csv
train;People;06543;People/16-06;People/16-06/101.csv
train;People;06545;People/16-06;People/16-06/103.csv
train;People;06546;People/16-06;People/16-06/104.csv
train;People;06550;People/16-06;People/16-06/108.csv
train;People;06554;People/16-06;People/16-06/112.csv
train;People;06555;People/16-06;People/16-06/113.csv
train;People;06556;People/16-06;People/16-06/114.csv
train;People;06557;People/16-06;People/16-06/115.csv
train;People;06558;People/16-06;People/16-06/116.csv
train;People;06561;People/16-06;People/16-06/119.csv
train;People;06562;People/16-06;People/16-06/120.csv
train;People;06564;People/16-06;People/16-06/122.csv
train;People;06565;People/16-06;People/16-06/123.csv
train;People;06566;People/16-06;People/16-06/124.csv
train;People;06567;People/16-06;People/16-06/125.csv
train;People;06568;People/16-06;People/16-06/126.csv
train;People;06570;People/16-06;People/16-06/128.csv
train;People;06571;People/16-06;People/16-06/129.csv
train;People;06572;People/16-06i;People/16-06i/001.csv
train;People;06574;People/16-06i;People/16-06i/003.csv
train;People;06575;People/16-06i;People/16-06i/004.csv
train;People;06577;People/16-06i;People/16-06i/006.csv
train;People;06578;People/16-06i;People/16-06i/007.csv
train;People;06580;People/16-06i;People/16-06i/009.csv
train;People;06581;People/16-06i;People/16-06i/010.csv
train;People;06584;People/16-06i;People/16-06i/013.csv
train;People;06585;People/16-06i;People/16-06i/014.csv
train;People;06587;People/16-06i;People/16-06i/016.csv
train;People;06590;People/16-06i;People/16-06i/019.csv
train;People;06591;People/16-06i;People/16-06i/020.csv
train;People;06592;People/16-06i;People/16-06i/021.csv
train;People;06594;People/16-06i;People/16-06i/023.csv
train;People;06597;People/16-06i;People/16-06i/026.csv
train;People;06598;People/16-06i;People/16-06i/027.csv
train;People;06599;People/16-06i;People/16-06i/028.csv
train;People;06600;People/16-06i;People/16-06i/029.csv
train;People;06601;People/16-06i;People/16-06i/030.csv
train;People;06603;People/16-06i;People/16-06i/032.csv
train;People;06604;People/16-06i;People/16-06i/033.csv
train;People;06605;People/16-06i;People/16-06i/034.csv
train;People;06606;People/16-06i;People/16-06i/035.csv
train;People;06607;People/16-06i;People/16-06i/036.csv
train;People;06608;People/16-06i;People/16-06i/037.csv
train;People;06609;People/16-06i;People/16-06i/038.csv
train;People;06610;People/16-06i;People/16-06i/039.csv
train;People;06611;People/16-06i;People/16-06i/040.csv
train;People;06612;People/16-06i;People/16-06i/041.csv
train;People;06613;People/16-06i;People/16-06i/042.csv
train;People;06615;People/16-06i;People/16-06i/044.csv
train;People;06616;People/16-06i;People/16-06i/045.csv
train;People;06617;People/16-06i;People/16-06i/046.csv
train;People;06618;People/16-06i;People/16-06i/047.csv
train;People;06619;People/16-06i;People/16-06i/048.csv
train;People;06621;People/16-06i;People/16-06i/050.csv
train;People;06622;People/16-06i;People/16-06i/051.csv
train;People;06623;People/16-06i;People/16-06i/052.csv
train;People;06625;People/16-06i;People/16-06i/054.csv
train;People;06626;People/16-06i;People/16-06i/055.csv
train;People;06627;People/16-06i;People/16-06i/056.csv
train;People;06628;People/16-06i;People/16-06i/057.csv
train;People;06629;People/16-06i;People/16-06i/058.csv
train;People;06630;People/16-06i;People/16-06i/059.csv
train;People;06632;People/16-06i;People/16-06i/061.csv
train;People;06633;People/16-06i;People/16-06i/062.csv
train;People;06634;People/16-06i;People/16-06i/063.csv
train;People;06635;People/16-06i;People/16-06i/064.csv
train;People;06636;People/16-06i;People/16-06i/065.csv
train;People;06637;People/16-06i;People/16-06i/066.csv
train;People;06638;People/16-06i;People/16-06i/067.csv
train;People;06639;People/16-06i;People/16-06i/068.csv
train;People;06640;People/16-06i;People/16-06i/069.csv
train;People;06641;People/16-06i;People/16-06i/070.csv
train;People;06642;People/16-06i;People/16-06i/071.csv
train;People;06645;People/16-06i;People/16-06i/074.csv
train;People;06646;People/16-06i;People/16-06i/075.csv
train;People;06647;People/16-06i;People/16-06i/076.csv
train;People;06650;People/16-06i;People/16-06i/079.csv
train;People;06651;People/16-06i;People/16-06i/080.csv
train;People;06652;People/16-06i;People/16-06i/081.csv
train;People;06654;People/16-06i;People/16-06i/083.csv
train;People;06655;People/16-06i;People/16-06i/084.csv
train;People;06657;People/16-06i;People/16-06i/086.csv
train;People;06658;People/16-06i;People/16-06i/087.csv
train;People;06659;People/16-06i;People/16-06i/088.csv
train;People;06660;People/16-06i;People/16-06i/089.csv
train;People;06661;People/16-06i;People/16-06i/090.csv
train;People;06666;People/16-06i;People/16-06i/095.csv
train;People;06667;People/16-06i;People/16-06i/096.csv
train;People;06668;People/16-06i;People/16-06i/097.csv
train;People;06669;People/16-06i;People/16-06i/098.csv
train;People;06670;People/16-06i;People/16-06i/099.csv
train;People;06673;People/16-06i;People/16-06i/102.csv
train;People;06674;People/16-06i;People/16-06i/103.csv
train;People;06675;People/16-06i;People/16-06i/104.csv
train;People;06676;People/16-06i;People/16-06i/105.csv
train;People;06678;People/16-06i;People/16-06i/107.csv
train;People;06679;People/16-06i;People/16-06i/108.csv
train;People;06682;People/16-06i;People/16-06i/111.csv
train;People;06684;People/16-06i;People/16-06i/113.csv
train;People;06685;People/16-06i;People/16-06i/114.csv
train;People;06687;People/16-06i;People/16-06i/116.csv
train;People;06688;People/16-06i;People/16-06i/117.csv
train;People;06689;People/16-06i;People/16-06i/118.csv
train;People;06691;People/16-06i;People/16-06i/120.csv
train;People;06693;People/16-06i;People/16-06i/122.csv
train;People;06697;People/16-06i;People/16-06i/126.csv
train;People;06698;People/16-06i;People/16-06i/127.csv
train;People;06699;People/16-06i;People/16-06i/128.csv
train;People;06700;People/16-06i;People/16-06i/129.csv
val;Cars;00009;Cars/13-13;Cars/13-13/009.csv
val;Cars;00013;Cars/13-13;Cars/13-13/013.csv
val;Cars;00018;Cars/13-13;Cars/13-13/018.csv
val;Cars;00024;Cars/13-13;Cars/13-13/024.csv
val;Cars;00027;Cars/13-13;Cars/13-13/027.csv
val;Cars;00044;Cars/13-13;Cars/13-13/044.csv
val;Cars;00046;Cars/13-13;Cars/13-13/046.csv
val;Cars;00048;Cars/13-13;Cars/13-13/048.csv
val;Cars;00064;Cars/13-13;Cars/13-13/064.csv
val;Cars;00066;Cars/13-13;Cars/13-13/066.csv
val;Cars;00069;Cars/13-13;Cars/13-13/069.csv
val;Cars;00070;Cars/13-13;Cars/13-13/070.csv
val;Cars;00071;Cars/13-13;Cars/13-13/071.csv
val;Cars;00089;Cars/13-13;Cars/13-13/089.csv
val;Cars;00094;Cars/13-13;Cars/13-13/094.csv
val;Cars;00097;Cars/13-13;Cars/13-13/097.csv
val;Cars;00101;Cars/13-13;Cars/13-13/101.csv
val;Cars;00102;Cars/13-13;Cars/13-13/102.csv
val;Cars;00109;Cars/13-13;Cars/13-13/109.csv
val;Cars;00121;Cars/13-13;Cars/13-13/121.csv
val;Cars;00122;Cars/13-13;Cars/13-13/122.csv
val;Cars;00133;Cars/13-13;Cars/13-13/133.csv
val;Cars;00143;Cars/13-13;Cars/13-13/143.csv
val;Cars;00168;Cars/13-13;Cars/13-13/168.csv
val;Cars;00176;Cars/13-13;Cars/13-13/176.csv
val;Cars;00180;Cars/13-13;Cars/13-13/180.csv
val;Cars;00182;Cars/13-13;Cars/13-13/182.csv
val;Cars;00192;Cars/13-13;Cars/13-13/192.csv
val;Cars;00209;Cars/13-13;Cars/13-13/209.csv
val;Cars;00219;Cars/13-13;Cars/13-13/219.csv
val;Cars;00220;Cars/13-13;Cars/13-13/220.csv
val;Cars;00228;Cars/13-13;Cars/13-13/228.csv
val;Cars;00229;Cars/13-13;Cars/13-13/229.csv
val;Cars;00230;Cars/13-13;Cars/13-13/230.csv
val;Cars;00234;Cars/13-13;Cars/13-13/234.csv
val;Cars;00239;Cars/13-13;Cars/13-13/239.csv
val;Cars;00246;Cars/13-13;Cars/13-13/246.csv
val;Cars;00253;Cars/13-13;Cars/13-13/253.csv
val;Cars;00264;Cars/13-13;Cars/13-13/264.csv
val;Cars;00273;Cars/13-13;Cars/13-13/273.csv
val;Cars;00280;Cars/13-13;Cars/13-13/280.csv
val;Cars;00287;Cars/13-13;Cars/13-13/287.csv
val;Cars;00288;Cars/13-13;Cars/13-13/288.csv
val;Cars;00293;Cars/13-13;Cars/13-13/293.csv
val;Cars;00296;Cars/13-13;Cars/13-13/296.csv
val;Cars;00298;Cars/13-13;Cars/13-13/298.csv
val;Cars;00309;Cars/13-13;Cars/13-13/309.csv
val;Cars;00323;Cars/13-13;Cars/13-13/323.csv
val;Cars;00325;Cars/13-13;Cars/13-13/325.csv
val;Cars;00326;Cars/13-13;Cars/13-13/326.csv
val;Cars;00334;Cars/13-13;Cars/13-13/334.csv
val;Cars;00337;Cars/13-13;Cars/13-13/337.csv
val;Cars;00340;Cars/13-13p;Cars/13-13p/003.csv
val;Cars;00351;Cars/13-13p;Cars/13-13p/014.csv
val;Cars;00355;Cars/13-13p;Cars/13-13p/018.csv
val;Cars;00367;Cars/13-13p;Cars/13-13p/030.csv
val;Cars;00379;Cars/13-13p;Cars/13-13p/042.csv
val;Cars;00382;Cars/13-13p;Cars/13-13p/045.csv
val;Cars;00394;Cars/13-13p;Cars/13-13p/057.csv
val;Cars;00402;Cars/13-13p;Cars/13-13p/065.csv
val;Cars;00409;Cars/13-13p;Cars/13-13p/072.csv
val;Cars;00411;Cars/13-13p;Cars/13-13p/074.csv
val;Cars;00415;Cars/13-13p;Cars/13-13p/078.csv
val;Cars;00417;Cars/13-13p;Cars/13-13p/080.csv
val;Cars;00419;Cars/13-13p;Cars/13-13p/082.csv
val;Cars;00426;Cars/13-13p;Cars/13-13p/089.csv
val;Cars;00427;Cars/13-13p;Cars/13-13p/090.csv
val;Cars;00430;Cars/13-13p;Cars/13-13p/093.csv
val;Cars;00438;Cars/13-13p;Cars/13-13p/101.csv
val;Cars;00439;Cars/13-13p;Cars/13-13p/102.csv
val;Cars;00440;Cars/13-13p;Cars/13-13p/103.csv
val;Cars;00451;Cars/13-13p;Cars/13-13p/114.csv
val;Cars;00454;Cars/13-13p;Cars/13-13p/117.csv
val;Cars;00464;Cars/13-13p;Cars/13-13p/127.csv
val;Cars;00466;Cars/13-13p;Cars/13-13p/129.csv
val;Cars;00472;Cars/13-13p;Cars/13-13p/135.csv
val;Cars;00473;Cars/13-13p;Cars/13-13p/136.csv
val;Cars;00479;Cars/13-13p;Cars/13-13p/142.csv
val;Cars;00480;Cars/13-13p;Cars/13-13p/143.csv
val;Cars;00486;Cars/13-13p;Cars/13-13p/149.csv
val;Cars;00487;Cars/13-13p;Cars/13-13p/150.csv
val;Cars;00499;Cars/13-13p;Cars/13-13p/162.csv
val;Cars;00502;Cars/13-13p;Cars/13-13p/165.csv
val;Cars;00506;Cars/13-13p;Cars/13-13p/169.csv
val;Cars;00507;Cars/13-13p;Cars/13-13p/170.csv
val;Cars;00508;Cars/13-13p;Cars/13-13p/171.csv
val;Cars;00509;Cars/13-13p;Cars/13-13p/172.csv
val;Cars;00512;Cars/13-13p;Cars/13-13p/175.csv
val;Cars;00518;Cars/13-13p;Cars/13-13p/181.csv
val;Cars;00519;Cars/13-13p;Cars/13-13p/182.csv
val;Cars;00528;Cars/13-13p;Cars/13-13p/191.csv
val;Cars;00535;Cars/13-13p;Cars/13-13p/198.csv
val;Cars;00545;Cars/13-13p;Cars/13-13p/208.csv
val;Cars;00549;Cars/13-13p;Cars/13-13p/212.csv
val;Cars;00550;Cars/13-13p;Cars/13-13p/213.csv
val;Cars;00556;Cars/13-13p;Cars/13-13p/219.csv
val;Cars;00567;Cars/13-13p;Cars/13-13p/230.csv
val;Cars;00568;Cars/13-13p;Cars/13-13p/231.csv
val;Cars;00577;Cars/13-13p;Cars/13-13p/240.csv
val;Cars;00578;Cars/13-13p;Cars/13-13p/241.csv
val;Cars;00587;Cars/13-19;Cars/13-19/006.csv
val;Cars;00595;Cars/13-19;Cars/13-19/014.csv
val;Cars;00599;Cars/13-19;Cars/13-19/018.csv
val;Cars;00600;Cars/13-19;Cars/13-19/019.csv
val;Cars;00621;Cars/13-19;Cars/13-19/040.csv
val;Cars;00622;Cars/13-19;Cars/13-19/041.csv
val;Cars;00623;Cars/13-19;Cars/13-19/042.csv
val;Cars;00626;Cars/13-19;Cars/13-19/045.csv
val;Cars;00634;Cars/13-19;Cars/13-19/053.csv
val;Cars;00643;Cars/13-19;Cars/13-19/062.csv
val;Cars;00653;Cars/13-19;Cars/13-19/072.csv
val;Cars;00655;Cars/13-19;Cars/13-19/074.csv
val;Cars;00658;Cars/13-19;Cars/13-19/077.csv
val;Cars;00669;Cars/13-19;Cars/13-19/088.csv
val;Cars;00671;Cars/13-19;Cars/13-19/090.csv
val;Cars;00684;Cars/13-19;Cars/13-19/103.csv
val;Cars;00691;Cars/13-19;Cars/13-19/110.csv
val;Cars;00692;Cars/13-19;Cars/13-19/111.csv
val;Cars;00706;Cars/13-23;Cars/13-23/009.csv
val;Cars;00713;Cars/13-23;Cars/13-23/016.csv
val;Cars;00719;Cars/13-23;Cars/13-23/022.csv
val;Cars;00721;Cars/13-23;Cars/13-23/024.csv
val;Cars;00722;Cars/13-23;Cars/13-23/025.csv
val;Cars;00725;Cars/13-23;Cars/13-23/028.csv
val;Cars;00732;Cars/13-23;Cars/13-23/035.csv
val;Cars;00734;Cars/13-23;Cars/13-23/037.csv
val;Cars;00737;Cars/13-23;Cars/13-23/040.csv
val;Cars;00746;Cars/13-23;Cars/13-23/049.csv
val;Cars;00747;Cars/13-23;Cars/13-23/050.csv
val;Cars;00748;Cars/13-23;Cars/13-23/051.csv
val;Cars;00749;Cars/13-23;Cars/13-23/052.csv
val;Cars;00756;Cars/13-23;Cars/13-23/059.csv
val;Cars;00758;Cars/13-23;Cars/13-23/061.csv
val;Cars;00760;Cars/13-23;Cars/13-23/063.csv
val;Cars;00764;Cars/13-23;Cars/13-23/067.csv
val;Cars;00777;Cars/13-23;Cars/13-23/080.csv
val;Cars;00803;Cars/13-23;Cars/13-23/106.csv
val;Cars;00804;Cars/13-23;Cars/13-23/107.csv
val;Cars;00806;Cars/13-23;Cars/13-23/109.csv
val;Cars;00808;Cars/13-23;Cars/13-23/111.csv
val;Cars;00812;Cars/13-23;Cars/13-23/115.csv
val;Cars;00829;Cars/13-23;Cars/13-23/132.csv
val;Cars;00832;Cars/13-23;Cars/13-23/135.csv
val;Cars;00839;Cars/13-23;Cars/13-23/142.csv
val;Cars;00842;Cars/13-23;Cars/13-23/145.csv
val;Cars;00858;Cars/13-23;Cars/13-23/161.csv
val;Cars;00880;Cars/13-23;Cars/13-23/183.csv
val;Cars;00894;Cars/13-23;Cars/13-23/197.csv
val;Cars;00899;Cars/13-23;Cars/13-23/202.csv
val;Cars;00912;Cars/13-23;Cars/13-23/215.csv
val;Cars;00926;Cars/13-23;Cars/13-23/229.csv
val;Cars;00927;Cars/13-23;Cars/13-23/230.csv
val;Cars;00932;Cars/13-23;Cars/13-23/235.csv
val;Cars;00933;Cars/13-23;Cars/13-23/236.csv
val;Cars;00950;Cars/13-23;Cars/13-23/253.csv
val;Cars;00953;Cars/13-23;Cars/13-23/256.csv
val;Cars;00958;Cars/13-23;Cars/13-23/261.csv
val;Cars;00970;Cars/13-23;Cars/13-23/273.csv
val;Cars;00979;Cars/13-23;Cars/13-23/282.csv
val;Cars;01003;Cars/13-23;Cars/13-23/306.csv
val;Cars;01019;Cars/13-23;Cars/13-23/322.csv
val;Cars;01021;Cars/13-23;Cars/13-23/324.csv
val;Cars;01025;Cars/13-23p;Cars/13-23p/004.csv
val;Cars;01030;Cars/13-23p;Cars/13-23p/009.csv
val;Cars;01031;Cars/13-23p;Cars/13-23p/010.csv
val;Cars;01035;Cars/13-23p;Cars/13-23p/014.csv
val;Cars;01042;Cars/13-23p;Cars/13-23p/021.csv
val;Cars;01045;Cars/13-23p;Cars/13-23p/024.csv
val;Cars;01048;Cars/13-23p;Cars/13-23p/027.csv
val;Cars;01050;Cars/13-23p;Cars/13-23p/029.csv
val;Cars;01053;Cars/13-23p;Cars/13-23p/032.csv
val;Cars;01076;Cars/13-23p;Cars/13-23p/055.csv
val;Cars;01085;Cars/13-23p;Cars/13-23p/064.csv
val;Cars;01088;Cars/13-23p;Cars/13-23p/067.csv
val;Cars;01091;Cars/13-23p;Cars/13-23p/070.csv
val;Cars;01095;Cars/13-23p;Cars/13-23p/074.csv
val;Cars;01098;Cars/13-23p;Cars/13-23p/077.csv
val;Cars;01104;Cars/13-23p;Cars/13-23p/083.csv
val;Cars;01122;Cars/13-23p;Cars/13-23p/101.csv
val;Cars;01127;Cars/13-23p;Cars/13-23p/106.csv
val;Cars;01130;Cars/13-23p;Cars/13-23p/109.csv
val;Cars;01145;Cars/13-23p;Cars/13-23p/124.csv
val;Cars;01150;Cars/13-23p;Cars/13-23p/129.csv
val;Cars;01159;Cars/13-23p;Cars/13-23p/138.csv
val;Cars;01164;Cars/13-23p;Cars/13-23p/143.csv
val;Cars;01174;Cars/13-23p;Cars/13-23p/153.csv
val;Cars;01176;Cars/13-23p;Cars/13-23p/155.csv
val;Cars;01189;Cars/13-23p;Cars/13-23p/168.csv
val;Cars;01195;Cars/13-23p;Cars/13-23p/174.csv
val;Cars;01200;Cars/13-23p;Cars/13-23p/179.csv
val;Cars;01201;Cars/13-23p;Cars/13-23p/180.csv
val;Cars;01211;Cars/13-23p;Cars/13-23p/190.csv
val;Cars;01216;Cars/13-23p;Cars/13-23p/195.csv
val;Cars;01223;Cars/13-23p;Cars/13-23p/202.csv
val;Cars;01224;Cars/13-23p;Cars/13-23p/203.csv
val;Cars;01225;Cars/13-23p;Cars/13-23p/204.csv
val;Cars;01231;Cars/13-23p;Cars/13-23p/210.csv
val;Cars;01232;Cars/13-23p;Cars/13-23p/211.csv
val;Cars;01245;Cars/13-23p;Cars/13-23p/224.csv
val;Cars;01254;Cars/13-23p;Cars/13-23p/233.csv
val;Cars;01256;Cars/13-23p;Cars/13-23p/235.csv
val;Cars;01264;Cars/13-23p;Cars/13-23p/243.csv
val;Cars;01269;Cars/13-23p;Cars/13-23p/248.csv
val;Cars;01273;Cars/13-23p;Cars/13-23p/252.csv
val;Cars;01293;Cars/13-23p;Cars/13-23p/272.csv
val;Cars;01294;Cars/13-23p;Cars/13-23p/273.csv
val;Cars;01296;Cars/13-23p;Cars/13-23p/275.csv
val;Cars;01298;Cars/13-23p;Cars/13-23p/277.csv
val;Cars;01323;Cars/13-29;Cars/13-29/001.csv
val;Cars;01324;Cars/13-29;Cars/13-29/002.csv
val;Cars;01331;Cars/13-29;Cars/13-29/009.csv
val;Cars;01335;Cars/13-29;Cars/13-29/013.csv
val;Cars;01345;Cars/13-29;Cars/13-29/023.csv
val;Cars;01351;Cars/13-29;Cars/13-29/029.csv
val;Cars;01352;Cars/13-29;Cars/13-29/030.csv
val;Cars;01362;Cars/13-29;Cars/13-29/040.csv
val;Cars;01371;Cars/13-29;Cars/13-29/049.csv
val;Cars;01380;Cars/13-29;Cars/13-29/058.csv
val;Cars;01384;Cars/13-29;Cars/13-29/062.csv
val;Cars;01398;Cars/13-29;Cars/13-29/076.csv
val;Cars;01401;Cars/13-29;Cars/13-29/079.csv
val;Cars;01407;Cars/13-29;Cars/13-29/085.csv
val;Cars;01408;Cars/13-29;Cars/13-29/086.csv
val;Cars;01411;Cars/13-29;Cars/13-29/089.csv
val;Cars;01412;Cars/13-29;Cars/13-29/090.csv
val;Cars;01420;Cars/13-29;Cars/13-29/098.csv
val;Cars;01426;Cars/13-29;Cars/13-29/104.csv
val;Cars;01427;Cars/13-29;Cars/13-29/105.csv
val;Cars;01438;Cars/13-29;Cars/13-29/116.csv
val;Cars;01439;Cars/13-29;Cars/13-29/117.csv
val;Cars;01455;Cars/13-29;Cars/13-29/133.csv
val;Cars;01457;Cars/13-29;Cars/13-29/135.csv
val;Cars;01468;Cars/13-29;Cars/13-29/146.csv
val;Cars;01472;Cars/13-29;Cars/13-29/150.csv
val;Cars;01481;Cars/13-29;Cars/13-29/159.csv
val;Cars;01484;Cars/13-29;Cars/13-29/162.csv
val;Cars;01499;Cars/13-29;Cars/13-29/177.csv
val;Cars;01502;Cars/13-29;Cars/13-29/180.csv
val;Cars;01508;Cars/13-29;Cars/13-29/186.csv
val;Cars;01510;Cars/13-29;Cars/13-29/188.csv
val;Cars;01515;Cars/13-29;Cars/13-29/193.csv
val;Cars;01527;Cars/13-29;Cars/13-29/205.csv
val;Cars;01534;Cars/13-29;Cars/13-29/212.csv
val;Cars;01537;Cars/13-29;Cars/13-29/215.csv
val;Cars;01540;Cars/13-29;Cars/13-29/218.csv
val;Cars;01544;Cars/13-29;Cars/13-29/222.csv
val;Cars;01554;Cars/13-29;Cars/13-29/232.csv
val;Cars;01555;Cars/13-29;Cars/13-29/233.csv
val;Cars;01558;Cars/13-29;Cars/13-29/236.csv
val;Cars;01563;Cars/13-29;Cars/13-29/241.csv
val;Cars;01579;Cars/13-29;Cars/13-29/257.csv
val;Cars;01587;Cars/13-29;Cars/13-29/265.csv
val;Cars;01594;Cars/13-29;Cars/13-29/272.csv
val;Cars;01600;Cars/13-29;Cars/13-29/278.csv
val;Cars;01607;Cars/13-29;Cars/13-29/285.csv
val;Cars;01612;Cars/13-29;Cars/13-29/290.csv
val;Cars;01613;Cars/13-29;Cars/13-29/291.csv
val;Cars;01615;Cars/13-29;Cars/13-29/293.csv
val;Cars;01619;Cars/13-29;Cars/13-29/297.csv
val;Cars;01633;Cars/13-29;Cars/13-29/311.csv
val;Cars;01644;Cars/13-38;Cars/13-38/001.csv
val;Cars;01648;Cars/13-38;Cars/13-38/005.csv
val;Cars;01655;Cars/13-38;Cars/13-38/012.csv
val;Cars;01667;Cars/13-38;Cars/13-38/024.csv
val;Cars;01670;Cars/13-38;Cars/13-38/027.csv
val;Cars;01673;Cars/13-38;Cars/13-38/030.csv
val;Cars;01685;Cars/13-38;Cars/13-38/042.csv
val;Cars;01695;Cars/13-38;Cars/13-38/052.csv
val;Cars;01703;Cars/13-38;Cars/13-38/060.csv
val;Cars;01704;Cars/13-38;Cars/13-38/061.csv
val;Cars;01718;Cars/13-38;Cars/13-38/075.csv
val;Cars;01721;Cars/13-38;Cars/13-38/078.csv
val;Cars;01722;Cars/13-38;Cars/13-38/079.csv
val;Cars;01730;Cars/13-38;Cars/13-38/087.csv
val;Cars;01741;Cars/13-38;Cars/13-38/098.csv
val;Cars;01744;Cars/13-38;Cars/13-38/101.csv
val;Cars;01748;Cars/13-38;Cars/13-38/105.csv
val;Cars;01761;Cars/13-38;Cars/13-38/118.csv
val;Cars;01766;Cars/13-38;Cars/13-38/123.csv
val;Cars;01770;Cars/13-38;Cars/13-38/127.csv
val;Cars;01774;Cars/13-38;Cars/13-38/131.csv
val;Cars;01780;Cars/13-38;Cars/13-38/137.csv
val;Cars;01781;Cars/13-38;Cars/13-38/138.csv
val;Cars;01787;Cars/13-38;Cars/13-38/144.csv
val;Cars;01804;Cars/13-38;Cars/13-38/161.csv
val;Cars;01808;Cars/13-38;Cars/13-38/165.csv
val;Cars;01814;Cars/13-38;Cars/13-38/171.csv
val;Cars;01821;Cars/13-38;Cars/13-38/178.csv
val;Cars;01832;Cars/13-38;Cars/13-38/189.csv
val;Cars;01833;Cars/13-38;Cars/13-38/190.csv
val;Cars;01836;Cars/13-38;Cars/13-38/193.csv
val;Cars;01838;Cars/13-38;Cars/13-38/195.csv
val;Cars;01850;Cars/13-38;Cars/13-38/207.csv
val;Cars;01861;Cars/13-38;Cars/13-38/218.csv
val;Cars;01863;Cars/13-38;Cars/13-38/220.csv
val;Cars;01868;Cars/13-38;Cars/13-38/225.csv
val;Cars;01870;Cars/13-38;Cars/13-38/227.csv
val;Cars;01874;Cars/13-38;Cars/13-38/231.csv
val;Cars;01875;Cars/13-38;Cars/13-38/232.csv
val;Cars;01880;Cars/13-38;Cars/13-38/237.csv
val;Cars;01887;Cars/13-38;Cars/13-38/244.csv
val;Cars;01889;Cars/13-38;Cars/13-38/246.csv
val;Cars;01892;Cars/13-38;Cars/13-38/249.csv
val;Cars;01894;Cars/13-38;Cars/13-38/251.csv
val;Cars;01898;Cars/13-38;Cars/13-38/255.csv
val;Cars;01903;Cars/13-38;Cars/13-38/260.csv
val;Cars;01913;Cars/13-38;Cars/13-38/270.csv
val;Cars;01925;Cars/13-38;Cars/13-38/282.csv
val;Cars;01942;Cars/13-38;Cars/13-38/299.csv
val;Cars;01952;Cars/13-38;Cars/13-38/309.csv
val;Cars;01955;Cars/13-38;Cars/13-38/312.csv
val;Cars;01963;Cars/13-44;Cars/13-44/003.csv
val;Cars;01967;Cars/13-44;Cars/13-44/007.csv
val;Cars;01979;Cars/13-44;Cars/13-44/019.csv
val;Cars;01993;Cars/13-44;Cars/13-44/033.csv
val;Cars;02005;Cars/13-44;Cars/13-44/045.csv
val;Cars;02026;Cars/13-44;Cars/13-44/066.csv
val;Cars;02035;Cars/13-44;Cars/13-44/075.csv
val;Cars;02046;Cars/13-44;Cars/13-44/086.csv
val;Cars;02064;Cars/13-44;Cars/13-44/104.csv
val;Cars;02073;Cars/13-44;Cars/13-44/113.csv
val;Cars;02081;Cars/13-44;Cars/13-44/121.csv
val;Cars;02087;Cars/13-44;Cars/13-44/127.csv
val;Cars;02095;Cars/13-44;Cars/13-44/135.csv
val;Cars;02096;Cars/13-44;Cars/13-44/136.csv
val;Cars;02115;Cars/13-44;Cars/13-44/155.csv
val;Cars;02118;Cars/13-44;Cars/13-44/158.csv
val;Cars;02119;Cars/13-44;Cars/13-44/159.csv
val;Cars;02120;Cars/13-44;Cars/13-44/160.csv
val;Cars;02128;Cars/13-44;Cars/13-44/168.csv
val;Cars;02136;Cars/13-44;Cars/13-44/176.csv
val;Cars;02139;Cars/13-44;Cars/13-44/179.csv
val;Cars;02143;Cars/13-44;Cars/13-44/183.csv
val;Cars;02145;Cars/13-44;Cars/13-44/185.csv
val;Cars;02147;Cars/13-44;Cars/13-44/187.csv
val;Cars;02158;Cars/13-44;Cars/13-44/198.csv
val;Cars;02165;Cars/13-44;Cars/13-44/205.csv
val;Cars;02171;Cars/13-44;Cars/13-44/211.csv
val;Cars;02182;Cars/13-44;Cars/13-44/222.csv
val;Cars;02210;Cars/13-44;Cars/13-44/250.csv
val;Cars;02214;Cars/13-44;Cars/13-44/254.csv
val;Cars;02216;Cars/13-44;Cars/13-44/256.csv
val;Cars;02228;Cars/13-44;Cars/13-44/268.csv
val;Cars;02230;Cars/13-44;Cars/13-44/270.csv
val;Cars;02245;Cars/13-44;Cars/13-44/285.csv
val;Cars;02246;Cars/13-44;Cars/13-44/286.csv
val;Cars;02255;Cars/13-44;Cars/13-44/295.csv
val;Cars;02260;Cars/13-44;Cars/13-44/300.csv
val;Cars;02264;Cars/13-44;Cars/13-44/304.csv
val;Cars;02269;Cars/13-44;Cars/13-44/309.csv
val;Cars;02276;Cars/13-44;Cars/13-44/316.csv
val;Cars;02277;Cars/13-44;Cars/13-44/317.csv
val;Cars;02288;Cars/13-44;Cars/13-44/328.csv
val;Cars;02289;Cars/13-44;Cars/13-44/329.csv
val;Cars;02300;Cars/13-44;Cars/13-44/340.csv
val;Cars;02303;Cars/13-44;Cars/13-44/343.csv
val;Cars;02307;Cars/13-44;Cars/13-44/347.csv
val;Cars;02314;Cars/13-44;Cars/13-44/354.csv
val;Cars;02317;Cars/13-44;Cars/13-44/357.csv
val;Cars;02319;Cars/13-44;Cars/13-44/359.csv
val;Cars;02322;Cars/13-44;Cars/13-44/362.csv
val;Cars;02330;Cars/13-44;Cars/13-44/370.csv
val;Cars;02338;Cars/13-44;Cars/13-44/378.csv
val;Cars;02342;Cars/13-44;Cars/13-44/382.csv
val;Cars;02343;Cars/13-44;Cars/13-44/383.csv
val;Cars;02347;Cars/13-44;Cars/13-44/387.csv
val;Cars;02348;Cars/13-44;Cars/13-44/388.csv
val;Cars;02351;Cars/13-44;Cars/13-44/391.csv
val;Cars;02367;Cars/13-49;Cars/13-49/007.csv
val;Cars;02371;Cars/13-49;Cars/13-49/011.csv
val;Cars;02374;Cars/13-49;Cars/13-49/014.csv
val;Cars;02378;Cars/13-49;Cars/13-49/018.csv
val;Cars;02381;Cars/13-49;Cars/13-49/021.csv
val;Cars;02406;Cars/13-49;Cars/13-49/046.csv
val;Cars;02410;Cars/13-49;Cars/13-49/050.csv
val;Cars;02413;Cars/13-49;Cars/13-49/053.csv
val;Cars;02415;Cars/13-49;Cars/13-49/055.csv
val;Cars;02419;Cars/13-49;Cars/13-49/059.csv
val;Cars;02421;Cars/13-49;Cars/13-49/061.csv
val;Cars;02433;Cars/13-49;Cars/13-49/073.csv
val;Cars;02437;Cars/13-49;Cars/13-49/077.csv
val;Cars;02438;Cars/13-49;Cars/13-49/078.csv
val;Cars;02459;Cars/13-49;Cars/13-49/099.csv
val;Cars;02463;Cars/13-49;Cars/13-49/103.csv
val;Cars;02464;Cars/13-49;Cars/13-49/104.csv
val;Cars;02465;Cars/13-49;Cars/13-49/105.csv
val;Cars;02466;Cars/13-49;Cars/13-49/106.csv
val;Cars;02477;Cars/13-49;Cars/13-49/117.csv
val;Cars;02481;Cars/13-49;Cars/13-49/121.csv
val;Cars;02488;Cars/13-49;Cars/13-49/128.csv
val;Cars;02517;Cars/13-49;Cars/13-49/157.csv
val;Cars;02518;Cars/13-49;Cars/13-49/158.csv
val;Cars;02526;Cars/13-49;Cars/13-49/166.csv
val;Cars;02527;Cars/13-49;Cars/13-49/167.csv
val;Cars;02536;Cars/13-49;Cars/13-49/176.csv
val;Cars;02550;Cars/13-49;Cars/13-49/190.csv
val;Cars;02570;Cars/13-49;Cars/13-49/210.csv
val;Cars;02575;Cars/13-49;Cars/13-49/215.csv
val;Cars;02576;Cars/13-49;Cars/13-49/216.csv
val;Cars;02585;Cars/13-49;Cars/13-49/225.csv
val;Cars;02587;Cars/13-49;Cars/13-49/227.csv
val;Cars;02590;Cars/13-49;Cars/13-49/230.csv
val;Cars;02593;Cars/13-49;Cars/13-49/233.csv
val;Cars;02595;Cars/13-49;Cars/13-49/235.csv
val;Cars;02621;Cars/13-49;Cars/13-49/261.csv
val;Cars;02624;Cars/13-49;Cars/13-49/264.csv
val;Cars;02647;Cars/13-49;Cars/13-49/287.csv
val;Cars;02648;Cars/13-49;Cars/13-49/288.csv
val;Cars;02655;Cars/13-49;Cars/13-49/295.csv
val;Cars;02656;Cars/13-49;Cars/13-49/296.csv
val;Cars;02663;Cars/13-49p;Cars/13-49p/005.csv
val;Cars;02665;Cars/13-49p;Cars/13-49p/007.csv
val;Cars;02672;Cars/13-49p;Cars/13-49p/014.csv
val;Cars;02674;Cars/13-49p;Cars/13-49p/016.csv
val;Cars;02681;Cars/13-49p;Cars/13-49p/023.csv
val;Cars;02684;Cars/13-49p;Cars/13-49p/026.csv
val;Cars;02699;Cars/13-49p;Cars/13-49p/041.csv
val;Cars;02700;Cars/13-49p;Cars/13-49p/042.csv
val;Cars;02701;Cars/13-49p;Cars/13-49p/043.csv
val;Cars;02703;Cars/13-49p;Cars/13-49p/045.csv
val;Cars;02705;Cars/13-49p;Cars/13-49p/047.csv
val;Cars;02724;Cars/13-49p;Cars/13-49p/066.csv
val;Cars;02729;Cars/13-49p;Cars/13-49p/071.csv
val;Cars;02750;Cars/13-49p;Cars/13-49p/092.csv
val;Cars;02755;Cars/13-49p;Cars/13-49p/097.csv
val;Cars;02759;Cars/13-49p;Cars/13-49p/101.csv
val;Cars;02760;Cars/13-49p;Cars/13-49p/102.csv
val;Cars;02761;Cars/13-49p;Cars/13-49p/103.csv
val;Cars;02789;Cars/13-49p;Cars/13-49p/131.csv
val;Cars;02790;Cars/13-49p;Cars/13-49p/132.csv
val;Cars;02796;Cars/13-49p;Cars/13-49p/138.csv
val;Cars;02802;Cars/13-49p;Cars/13-49p/144.csv
val;Cars;02806;Cars/13-49p;Cars/13-49p/148.csv
val;Cars;02808;Cars/13-49p;Cars/13-49p/150.csv
val;Cars;02819;Cars/13-49p;Cars/13-49p/161.csv
val;Cars;02823;Cars/13-49p;Cars/13-49p/165.csv
val;Cars;02835;Cars/13-49p;Cars/13-49p/177.csv
val;Cars;02836;Cars/13-49p;Cars/13-49p/178.csv
val;Cars;02837;Cars/13-49p;Cars/13-49p/179.csv
val;Cars;02843;Cars/13-49p;Cars/13-49p/185.csv
val;Cars;02846;Cars/13-49p;Cars/13-49p/188.csv
val;Cars;02847;Cars/13-49p;Cars/13-49p/189.csv
val;Cars;02865;Cars/13-49p;Cars/13-49p/207.csv
val;Cars;02868;Cars/13-49p;Cars/13-49p/210.csv
val;Cars;02875;Cars/13-49p;Cars/13-49p/217.csv
val;Cars;02883;Cars/13-49p;Cars/13-49p/225.csv
val;Cars;02887;Cars/13-49p;Cars/13-49p/229.csv
val;Cars;02888;Cars/13-49p;Cars/13-49p/230.csv
val;Cars;02900;Cars/13-49p;Cars/13-49p/242.csv
val;Cars;02901;Cars/13-49p;Cars/13-49p/243.csv
val;Cars;02903;Cars/13-49p;Cars/13-49p/245.csv
val;Cars;02916;Cars/13-49p;Cars/13-49p/258.csv
val;Cars;02919;Cars/13-49p;Cars/13-49p/261.csv
val;Cars;02927;Cars/13-49p;Cars/13-49p/269.csv
val;Cars;02933;Cars/13-49p;Cars/13-49p/275.csv
val;Cars;02941;Cars/13-49p;Cars/13-49p/283.csv
val;Cars;02942;Cars/13-49p;Cars/13-49p/284.csv
val;Cars;02943;Cars/13-49p;Cars/13-49p/285.csv
val;Cars;02949;Cars/13-49p;Cars/13-49p/291.csv
val;Cars;02974;Cars/13-49p;Cars/13-49p/316.csv
val;Cars;02981;Cars/13-49p;Cars/13-49p/323.csv
val;Cars;02997;Cars/13-49p;Cars/13-49p/339.csv
val;Cars;02998;Cars/13-54;Cars/13-54/001.csv
val;Cars;03001;Cars/13-54;Cars/13-54/004.csv
val;Cars;03008;Cars/13-54;Cars/13-54/011.csv
val;Cars;03012;Cars/13-54;Cars/13-54/015.csv
val;Cars;03015;Cars/13-54;Cars/13-54/018.csv
val;Cars;03027;Cars/13-54;Cars/13-54/030.csv
val;Cars;03039;Cars/13-54;Cars/13-54/042.csv
val;Cars;03049;Cars/13-54;Cars/13-54/052.csv
val;Cars;03071;Cars/15-37;Cars/15-37/018.csv
val;Cars;03090;Cars/15-37;Cars/15-37/037.csv
val;Cars;03096;Cars/15-37;Cars/15-37/043.csv
val;Cars;03097;Cars/15-37;Cars/15-37/044.csv
val;Cars;03099;Cars/15-37;Cars/15-37/046.csv
val;Cars;03101;Cars/15-37;Cars/15-37/048.csv
val;Cars;03106;Cars/15-37;Cars/15-37/053.csv
val;Cars;03110;Cars/15-37;Cars/15-37/057.csv
val;Cars;03113;Cars/15-37;Cars/15-37/060.csv
val;Cars;03115;Cars/15-37;Cars/15-37/062.csv
val;Cars;03120;Cars/15-37;Cars/15-37/067.csv
val;Cars;03122;Cars/15-37;Cars/15-37/069.csv
val;Cars;03126;Cars/15-37;Cars/15-37/073.csv
val;Cars;03127;Cars/15-37;Cars/15-37/074.csv
val;Cars;03133;Cars/15-37;Cars/15-37/080.csv
val;Cars;03134;Cars/15-37;Cars/15-37/081.csv
val;Cars;03149;Cars/15-37;Cars/15-37/096.csv
val;Cars;03150;Cars/15-37;Cars/15-37/097.csv
val;Cars;03159;Cars/15-37;Cars/15-37/106.csv
val;Cars;03160;Cars/15-37;Cars/15-37/107.csv
val;Cars;03163;Cars/15-37;Cars/15-37/110.csv
val;Cars;03164;Cars/15-37;Cars/15-37/111.csv
val;Cars;03166;Cars/15-37;Cars/15-37/113.csv
val;Cars;03182;Cars/15-37;Cars/15-37/129.csv
val;Cars;03185;Cars/15-37;Cars/15-37/132.csv
val;Cars;03186;Cars/15-37;Cars/15-37/133.csv
val;Cars;03200;Cars/15-37;Cars/15-37/147.csv
val;Cars;03227;Cars/15-37;Cars/15-37/174.csv
val;Cars;03236;Cars/15-37;Cars/15-37/183.csv
val;Cars;03238;Cars/15-37;Cars/15-37/185.csv
val;Cars;03241;Cars/15-37;Cars/15-37/188.csv
val;Cars;03260;Cars/15-37;Cars/15-37/207.csv
val;Cars;03261;Cars/15-37;Cars/15-37/208.csv
val;Cars;03308;Cars/15-37p;Cars/15-37p/013.csv
val;Cars;03310;Cars/15-37p;Cars/15-37p/015.csv
val;Cars;03312;Cars/15-37p;Cars/15-37p/017.csv
val;Cars;03318;Cars/15-37p;Cars/15-37p/023.csv
val;Cars;03323;Cars/15-37p;Cars/15-37p/028.csv
val;Cars;03342;Cars/15-37p;Cars/15-37p/047.csv
val;Cars;03347;Cars/15-37p;Cars/15-37p/052.csv
val;Cars;03353;Cars/15-37p;Cars/15-37p/058.csv
val;Cars;03354;Cars/15-37p;Cars/15-37p/059.csv
val;Cars;03356;Cars/15-37p;Cars/15-37p/061.csv
val;Cars;03367;Cars/15-37p;Cars/15-37p/072.csv
val;Cars;03371;Cars/15-37p;Cars/15-37p/076.csv
val;Cars;03389;Cars/15-37p;Cars/15-37p/094.csv
val;Cars;03397;Cars/15-37p;Cars/15-37p/102.csv
val;Cars;03401;Cars/15-37p;Cars/15-37p/106.csv
val;Cars;03410;Cars/15-37p;Cars/15-37p/115.csv
val;Cars;03413;Cars/15-37p;Cars/15-37p/118.csv
val;Cars;03419;Cars/15-37p;Cars/15-37p/124.csv
val;Cars;03425;Cars/15-42;Cars/15-42/002.csv
val;Cars;03455;Cars/15-42;Cars/15-42/032.csv
val;Cars;03457;Cars/15-42;Cars/15-42/034.csv
val;Cars;03459;Cars/15-42;Cars/15-42/036.csv
val;Cars;03469;Cars/15-42;Cars/15-42/046.csv
val;Cars;03480;Cars/15-42;Cars/15-42/057.csv
val;Cars;03494;Cars/15-42;Cars/15-42/071.csv
val;Cars;03495;Cars/15-42;Cars/15-42/072.csv
val;Cars;03498;Cars/15-42;Cars/15-42/075.csv
val;Cars;03514;Cars/15-42;Cars/15-42/091.csv
val;Cars;03516;Cars/15-42;Cars/15-42/093.csv
val;Cars;03519;Cars/15-42;Cars/15-42/096.csv
val;Cars;03521;Cars/15-42;Cars/15-42/098.csv
val;Cars;03524;Cars/15-42;Cars/15-42/101.csv
val;Cars;03539;Cars/15-42;Cars/15-42/116.csv
val;Cars;03540;Cars/15-42;Cars/15-42/117.csv
val;Cars;03548;Cars/15-42;Cars/15-42/125.csv
val;Cars;03561;Cars/15-42;Cars/15-42/138.csv
val;Cars;03571;Cars/15-42;Cars/15-42/148.csv
val;Cars;03577;Cars/15-42;Cars/15-42/154.csv
val;Cars;03586;Cars/15-42;Cars/15-42/163.csv
val;Cars;03589;Cars/15-42;Cars/15-42/166.csv
val;Cars;03591;Cars/15-42;Cars/15-42/168.csv
val;Cars;03602;Cars/15-42;Cars/15-42/179.csv
val;Cars;03608;Cars/15-42;Cars/15-42/185.csv
val;Cars;03614;Cars/15-42p;Cars/15-42p/005.csv
val;Cars;03617;Cars/15-42p;Cars/15-42p/008.csv
val;Cars;03623;Cars/15-42p;Cars/15-42p/014.csv
val;Cars;03626;Cars/15-42p;Cars/15-42p/017.csv
val;Cars;03647;Cars/15-42p;Cars/15-42p/038.csv
val;Cars;03650;Cars/15-42p;Cars/15-42p/041.csv
val;Cars;03662;Cars/15-42p;Cars/15-42p/053.csv
val;Cars;03670;Cars/15-42p;Cars/15-42p/061.csv
val;Cars;03683;Cars/15-42p;Cars/15-42p/074.csv
val;Cars;03685;Cars/15-42p;Cars/15-42p/076.csv
val;Cars;03686;Cars/15-42p;Cars/15-42p/077.csv
val;Cars;03698;Cars/15-42p;Cars/15-42p/089.csv
val;Cars;03711;Cars/15-42p;Cars/15-42p/102.csv
val;Cars;03723;Cars/15-42p;Cars/15-42p/114.csv
val;Cars;03725;Cars/15-42p;Cars/15-42p/116.csv
val;Cars;03732;Cars/15-42p;Cars/15-42p/123.csv
val;Cars;03733;Cars/15-42p;Cars/15-42p/124.csv
val;Cars;03734;Cars/15-42p;Cars/15-42p/125.csv
val;Cars;03735;Cars/15-42p;Cars/15-42p/126.csv
val;Cars;03743;Cars/15-42p;Cars/15-42p/134.csv
val;Cars;03746;Cars/15-42p;Cars/15-42p/137.csv
val;Cars;03750;Cars/15-42p;Cars/15-42p/141.csv
val;Cars;03754;Cars/15-42p;Cars/15-42p/145.csv
val;Cars;03765;Cars/15-42p;Cars/15-42p/156.csv
val;Cars;03771;Cars/15-48;Cars/15-48/001.csv
val;Cars;03781;Cars/15-48;Cars/15-48/011.csv
val;Cars;03788;Cars/15-48;Cars/15-48/018.csv
val;Cars;03800;Cars/15-48;Cars/15-48/030.csv
val;Cars;03802;Cars/15-48;Cars/15-48/032.csv
val;Cars;03804;Cars/15-48;Cars/15-48/034.csv
val;Cars;03807;Cars/15-48;Cars/15-48/037.csv
val;Cars;03816;Cars/15-48;Cars/15-48/046.csv
val;Cars;03822;Cars/15-48;Cars/15-48/052.csv
val;Cars;03830;Cars/15-48;Cars/15-48/060.csv
val;Cars;03832;Cars/15-48;Cars/15-48/062.csv
val;Cars;03836;Cars/15-48;Cars/15-48/066.csv
val;Cars;03837;Cars/15-48;Cars/15-48/067.csv
val;Cars;03839;Cars/15-48;Cars/15-48/069.csv
val;Cars;03867;Cars/15-48;Cars/15-48/097.csv
val;Cars;03868;Cars/15-48;Cars/15-48/098.csv
val;Cars;03871;Cars/15-48;Cars/15-48/101.csv
val;Cars;03872;Cars/15-48;Cars/15-48/102.csv
val;Cars;03879;Cars/15-48;Cars/15-48/109.csv
val;Cars;03890;Cars/15-48;Cars/15-48/120.csv
val;Cars;03905;Cars/15-48;Cars/15-48/135.csv
val;Cars;03911;Cars/15-48;Cars/15-48/141.csv
val;Cars;03915;Cars/15-48;Cars/15-48/145.csv
val;Cars;03928;Cars/15-48;Cars/15-48/158.csv
val;Cars;03937;Cars/15-48;Cars/15-48/167.csv
val;Cars;03951;Cars/15-48;Cars/15-48/181.csv
val;Cars;03961;Cars/15-48;Cars/15-48/191.csv
val;Cars;03974;Cars/15-48;Cars/15-48/204.csv
val;Cars;03980;Cars/15-48;Cars/15-48/210.csv
val;Cars;03981;Cars/15-48;Cars/15-48/211.csv
val;Cars;03987;Cars/15-48;Cars/15-48/217.csv
val;Cars;04003;Cars/15-48;Cars/15-48/233.csv
val;Cars;04007;Cars/15-48;Cars/15-48/237.csv
val;Cars;04009;Cars/15-48;Cars/15-48/239.csv
val;Cars;04021;Cars/15-48;Cars/15-48/251.csv
val;Cars;04025;Cars/15-48;Cars/15-48/255.csv
val;Cars;04026;Cars/15-48;Cars/15-48/256.csv
val;Cars;04041;Cars/15-48p;Cars/15-48p/010.csv
val;Cars;04042;Cars/15-48p;Cars/15-48p/011.csv
val;Cars;04049;Cars/15-48p;Cars/15-48p/018.csv
val;Cars;04054;Cars/15-48p;Cars/15-48p/023.csv
val;Cars;04055;Cars/15-48p;Cars/15-48p/024.csv
val;Cars;04056;Cars/15-48p;Cars/15-48p/025.csv
val;Cars;04059;Cars/15-48p;Cars/15-48p/028.csv
val;Cars;04061;Cars/15-48p;Cars/15-48p/030.csv
val;Cars;04066;Cars/15-48p;Cars/15-48p/035.csv
val;Cars;04067;Cars/15-48p;Cars/15-48p/036.csv
val;Cars;04074;Cars/15-48p;Cars/15-48p/043.csv
val;Cars;04085;Cars/15-48p;Cars/15-48p/054.csv
val;Cars;04089;Cars/15-48p;Cars/15-48p/058.csv
val;Cars;04100;Cars/15-48p;Cars/15-48p/069.csv
val;Cars;04113;Cars/15-48p;Cars/15-48p/082.csv
val;Cars;04129;Cars/15-55;Cars/15-55/013.csv
val;Cars;04150;Cars/15-55;Cars/15-55/034.csv
val;Cars;04154;Cars/15-55;Cars/15-55/038.csv
val;Cars;04155;Cars/15-55;Cars/15-55/039.csv
val;Cars;04158;Cars/15-55;Cars/15-55/042.csv
val;Cars;04181;Cars/15-55;Cars/15-55/065.csv
val;Cars;04190;Cars/15-55;Cars/15-55/074.csv
val;Cars;04196;Cars/15-55;Cars/15-55/080.csv
val;Cars;04197;Cars/15-55;Cars/15-55/081.csv
val;Cars;04201;Cars/15-55;Cars/15-55/085.csv
val;Cars;04206;Cars/15-55;Cars/15-55/090.csv
val;Cars;04220;Cars/15-55;Cars/15-55/104.csv
val;Cars;04221;Cars/15-55;Cars/15-55/105.csv
val;Cars;04225;Cars/15-55;Cars/15-55/109.csv
val;Cars;04239;Cars/15-55;Cars/15-55/123.csv
val;Cars;04242;Cars/15-55;Cars/15-55/126.csv
val;Cars;04246;Cars/15-55;Cars/15-55/130.csv
val;Cars;04257;Cars/15-55;Cars/15-55/141.csv
val;Cars;04259;Cars/15-55;Cars/15-55/143.csv
val;Cars;04260;Cars/15-55;Cars/15-55/144.csv
val;Cars;04275;Cars/15-55;Cars/15-55/159.csv
val;Cars;04280;Cars/15-55;Cars/15-55/164.csv
val;Cars;04289;Cars/15-55;Cars/15-55/173.csv
val;Cars;04309;Cars/15-55;Cars/15-55/193.csv
val;Cars;04318;Cars/15-55;Cars/15-55/202.csv
val;Cars;04321;Cars/15-55;Cars/15-55/205.csv
val;Cars;04324;Cars/15-55;Cars/15-55/208.csv
val;Cars;04326;Cars/15-55;Cars/15-55/210.csv
val;Cars;04334;Cars/15-55;Cars/15-55/218.csv
val;Cars;04349;Cars/15-55;Cars/15-55/233.csv
val;Cars;04350;Cars/15-55;Cars/15-55/234.csv
val;Cars;04351;Cars/15-55;Cars/15-55/235.csv
val;Cars;04355;Cars/15-55;Cars/15-55/239.csv
val;Cars;04357;Cars/15-55;Cars/15-55/241.csv
val;Cars;04370;Cars/15-55;Cars/15-55/254.csv
val;Cars;04374;Cars/15-55;Cars/15-55/258.csv
val;Cars;04379;Cars/15-55;Cars/15-55/263.csv
val;Cars;04383;Cars/15-55;Cars/15-55/267.csv
val;Cars;04385;Cars/15-55;Cars/15-55/269.csv
val;Cars;04388;Cars/15-55;Cars/15-55/272.csv
val;Cars;04396;Cars/15-55a;Cars/15-55a/003.csv
val;Cars;04406;Cars/15-55a;Cars/15-55a/013.csv
val;Cars;04412;Cars/15-55a;Cars/15-55a/019.csv
val;Cars;04417;Cars/15-55a;Cars/15-55a/024.csv
val;Cars;04421;Cars/15-55a;Cars/15-55a/028.csv
val;Cars;04424;Cars/15-55a;Cars/15-55a/031.csv
val;Cars;04429;Cars/15-55m;Cars/15-55m/003.csv
val;Cars;04436;Cars/15-55m;Cars/15-55m/010.csv
val;Cars;04437;Cars/15-55m;Cars/15-55m/011.csv
val;Cars;04442;Cars/15-55m;Cars/15-55m/016.csv
val;Cars;04446;Cars/15-55m;Cars/15-55m/020.csv
val;Cars;04447;Cars/15-55m;Cars/15-55m/021.csv
val;Cars;04448;Cars/15-55m;Cars/15-55m/022.csv
val;Cars;04457;Cars/15-55m;Cars/15-55m/031.csv
val;Cars;04458;Cars/15-55m;Cars/15-55m/032.csv
val;Cars;04462;Cars/15-55p;Cars/15-55p/003.csv
val;Cars;04464;Cars/15-55p;Cars/15-55p/005.csv
val;Cars;04467;Cars/15-55p;Cars/15-55p/008.csv
val;Cars;04479;Cars/15-55p;Cars/15-55p/020.csv
val;Cars;04484;Cars/15-55p;Cars/15-55p/025.csv
val;Cars;04485;Cars/15-55p;Cars/15-55p/026.csv
val;Cars;04495;Cars/15-55p;Cars/15-55p/036.csv
val;Cars;04501;Cars/15-55p;Cars/15-55p/042.csv
val;Cars;04505;Cars/15-55p;Cars/15-55p/046.csv
val;Cars;04506;Cars/15-55p;Cars/15-55p/047.csv
val;Cars;04511;Cars/15-55p;Cars/15-55p/052.csv
val;Cars;04516;Cars/15-55p;Cars/15-55p/057.csv
val;Cars;04521;Cars/15-55p;Cars/15-55p/062.csv
val;Cars;04536;Cars/15-55p;Cars/15-55p/077.csv
val;Cars;04542;Cars/15-55p;Cars/15-55p/083.csv
val;Cars;04544;Cars/15-55p;Cars/15-55p/085.csv
val;Cars;04546;Cars/15-55p;Cars/15-55p/087.csv
val;Cars;04562;Cars/15-55p;Cars/15-55p/103.csv
val;Cars;04571;Cars/15-55p;Cars/15-55p/112.csv
val;Cars;04574;Cars/15-55p;Cars/15-55p/115.csv
val;Cars;04575;Cars/15-55p;Cars/15-55p/116.csv
val;Cars;04578;Cars/15-55p;Cars/15-55p/119.csv
val;Cars;04580;Cars/15-55p;Cars/15-55p/121.csv
val;Cars;04606;Cars/15-55p;Cars/15-55p/147.csv
val;Cars;04624;Cars/16-01;Cars/16-01/007.csv
val;Cars;04626;Cars/16-01;Cars/16-01/009.csv
val;Cars;04639;Cars/16-01;Cars/16-01/022.csv
val;Cars;04645;Cars/16-01;Cars/16-01/028.csv
val;Cars;04652;Cars/16-01;Cars/16-01/035.csv
val;Cars;04653;Cars/16-01;Cars/16-01/036.csv
val;Cars;04656;Cars/16-01;Cars/16-01/039.csv
val;Cars;04664;Cars/16-01;Cars/16-01/047.csv
val;Cars;04675;Cars/16-01;Cars/16-01/058.csv
val;Cars;04678;Cars/16-01;Cars/16-01/061.csv
val;Cars;04679;Cars/16-01;Cars/16-01/062.csv
val;Cars;04699;Cars/16-01;Cars/16-01/082.csv
val;Cars;04702;Cars/16-01;Cars/16-01/085.csv
val;Cars;04705;Cars/16-01;Cars/16-01/088.csv
val;Cars;04716;Cars/16-01;Cars/16-01/099.csv
val;Cars;04725;Cars/16-01;Cars/16-01/108.csv
val;Cars;04739;Cars/16-01;Cars/16-01/122.csv
val;Cars;04743;Cars/16-01;Cars/16-01/126.csv
val;Cars;04744;Cars/16-01;Cars/16-01/127.csv
val;Cars;04752;Cars/16-01;Cars/16-01/135.csv
val;Cars;04760;Cars/16-01;Cars/16-01/143.csv
val;Cars;04767;Cars/16-01;Cars/16-01/150.csv
val;Cars;04773;Cars/16-01;Cars/16-01/156.csv
val;Cars;04774;Cars/16-01;Cars/16-01/157.csv
val;Cars;04779;Cars/16-01;Cars/16-01/162.csv
val;Cars;04784;Cars/16-01;Cars/16-01/167.csv
val;Cars;04791;Cars/16-01;Cars/16-01/174.csv
val;Cars;04798;Cars/16-01;Cars/16-01/181.csv
val;Cars;04802;Cars/16-01;Cars/16-01/185.csv
val;Cars;04803;Cars/16-01;Cars/16-01/186.csv
val;Cars;04809;Cars/16-01;Cars/16-01/192.csv
val;Cars;04813;Cars/16-01;Cars/16-01/196.csv
val;Cars;04831;Cars/16-01;Cars/16-01/214.csv
val;Cars;04834;Cars/16-01;Cars/16-01/217.csv
val;Cars;04835;Cars/16-01;Cars/16-01/218.csv
val;Cars;04841;Cars/16-01;Cars/16-01/224.csv
val;Cars;04852;Cars/16-01;Cars/16-01/235.csv
val;Cars;04858;Cars/16-01;Cars/16-01/241.csv
val;Cars;04863;Cars/16-01;Cars/16-01/246.csv
val;Cars;04868;Cars/16-01;Cars/16-01/251.csv
val;Cars;04871;Cars/16-01;Cars/16-01/254.csv
val;Cars;04896;Cars/16-01p;Cars/16-01p/019.csv
val;Cars;04900;Cars/16-01p;Cars/16-01p/023.csv
val;Cars;04901;Cars/16-01p;Cars/16-01p/024.csv
val;Cars;04905;Cars/16-01p;Cars/16-01p/028.csv
val;Cars;04919;Cars/16-01p;Cars/16-01p/042.csv
val;Cars;04922;Cars/16-01p;Cars/16-01p/045.csv
val;Cars;04928;Cars/16-01p;Cars/16-01p/051.csv
val;Cars;04936;Cars/16-01p;Cars/16-01p/059.csv
val;Cars;04937;Cars/16-01p;Cars/16-01p/060.csv
val;Cars;04946;Cars/16-01p;Cars/16-01p/069.csv
val;Cars;04959;Cars/16-01p;Cars/16-01p/082.csv
val;Cars;04961;Cars/16-01p;Cars/16-01p/084.csv
val;Cars;04991;Cars/16-01p;Cars/16-01p/114.csv
val;Cars;04995;Cars/16-01p;Cars/16-01p/118.csv
val;Cars;04996;Cars/16-01p;Cars/16-01p/119.csv
val;Cars;05005;Cars/16-01p;Cars/16-01p/128.csv
val;Cars;05007;Cars/16-07;Cars/16-07/001.csv
val;Cars;05043;Cars/16-07;Cars/16-07/037.csv
val;Cars;05047;Cars/16-07;Cars/16-07/041.csv
val;Cars;05060;Cars/16-07;Cars/16-07/054.csv
val;Cars;05062;Cars/16-07;Cars/16-07/056.csv
val;Cars;05076;Cars/16-07;Cars/16-07/070.csv
val;Cars;05078;Cars/16-07;Cars/16-07/072.csv
val;Cars;05079;Cars/16-07;Cars/16-07/073.csv
val;Cars;05086;Cars/16-07;Cars/16-07/080.csv
val;Cars;05107;Cars/16-07;Cars/16-07/101.csv
val;Cars;05115;Cars/16-07;Cars/16-07/109.csv
val;Cars;05118;Cars/16-07;Cars/16-07/112.csv
val;Cars;05120;Cars/16-07;Cars/16-07/114.csv
val;Cars;05122;Cars/16-07;Cars/16-07/116.csv
val;Cars;05127;Cars/16-07;Cars/16-07/121.csv
val;Cars;05151;Cars/16-07;Cars/16-07/145.csv
val;Cars;05156;Cars/16-07;Cars/16-07/150.csv
val;Cars;05163;Cars/16-07;Cars/16-07/157.csv
val;Cars;05168;Cars/16-07;Cars/16-07/162.csv
val;Cars;05177;Cars/16-07;Cars/16-07/171.csv
val;Cars;05181;Cars/16-07;Cars/16-07/175.csv
val;Cars;05184;Cars/16-07;Cars/16-07/178.csv
val;Cars;05190;Cars/16-07;Cars/16-07/184.csv
val;Cars;05193;Cars/16-07;Cars/16-07/187.csv
val;Cars;05204;Cars/16-07;Cars/16-07/198.csv
val;Cars;05205;Cars/16-07;Cars/16-07/199.csv
val;Cars;05208;Cars/16-07;Cars/16-07/202.csv
val;Cars;05214;Cars/16-07;Cars/16-07/208.csv
val;Cars;05218;Cars/16-07;Cars/16-07/212.csv
val;Cars;05219;Cars/16-07;Cars/16-07/213.csv
val;Cars;05230;Cars/16-07;Cars/16-07/224.csv
val;Cars;05231;Cars/16-07;Cars/16-07/225.csv
val;Cars;05241;Cars/16-07;Cars/16-07/235.csv
val;Cars;05242;Cars/16-07;Cars/16-07/236.csv
val;Cars;05272;Cars/16-07;Cars/16-07/266.csv
val;Cars;05273;Cars/16-07;Cars/16-07/267.csv
val;Cars;05276;Cars/16-07;Cars/16-07/270.csv
val;Cars;05278;Cars/16-07;Cars/16-07/272.csv
val;Cars;05282;Cars/16-07;Cars/16-07/276.csv
val;Cars;05291;Cars/16-07p;Cars/16-07p/003.csv
val;Cars;05299;Cars/16-07p;Cars/16-07p/011.csv
val;Cars;05302;Cars/16-07p;Cars/16-07p/014.csv
val;Cars;05308;Cars/16-07p;Cars/16-07p/020.csv
val;Cars;05309;Cars/16-07p;Cars/16-07p/021.csv
val;Cars;05318;Cars/16-07p;Cars/16-07p/030.csv
val;Cars;05331;Cars/16-07p;Cars/16-07p/043.csv
val;Cars;05332;Cars/16-07p;Cars/16-07p/044.csv
val;Cars;05337;Cars/16-07p;Cars/16-07p/049.csv
val;Cars;05348;Cars/16-07p;Cars/16-07p/060.csv
val;Cars;05357;Cars/16-07p;Cars/16-07p/069.csv
val;Cars;05358;Cars/16-07p;Cars/16-07p/070.csv
val;Cars;05362;Cars/16-07p;Cars/16-07p/074.csv
val;Cars;05377;Cars/16-07p;Cars/16-07p/089.csv
val;Cars;05379;Cars/16-07p;Cars/16-07p/091.csv
val;Cars;05380;Cars/16-07p;Cars/16-07p/092.csv
val;Cars;05386;Cars/16-07p;Cars/16-07p/098.csv
val;Cars;05389;Cars/16-07p;Cars/16-07p/101.csv
val;Cars;05390;Cars/16-07p;Cars/16-07p/102.csv
val;Cars;05400;Cars/16-07p;Cars/16-07p/112.csv
val;Cars;05437;Cars/16-07p;Cars/16-07p/149.csv
val;Cars;05448;Cars/17-09;Cars/17-09/008.csv
val;Cars;05453;Cars/17-09;Cars/17-09/013.csv
val;Cars;05455;Cars/17-09;Cars/17-09/015.csv
val;Cars;05457;Cars/17-09;Cars/17-09/017.csv
val;Cars;05469;Cars/17-09;Cars/17-09/029.csv
val;Cars;05470;Cars/17-09;Cars/17-09/030.csv
val;Cars;05472;Cars/17-09;Cars/17-09/032.csv
val;Cars;05482;Cars/17-09;Cars/17-09/042.csv
val;Cars;05483;Cars/17-09;Cars/17-09/043.csv
val;Cars;05486;Cars/17-09;Cars/17-09/046.csv
val;Cars;05515;Cars/17-09;Cars/17-09/075.csv
val;Cars;05519;Cars/17-09;Cars/17-09/079.csv
val;Cars;05533;Cars/17-09;Cars/17-09/093.csv
val;Cars;05534;Cars/17-09;Cars/17-09/094.csv
val;Cars;05537;Cars/17-09;Cars/17-09/097.csv
val;Cars;05553;Cars/17-09;Cars/17-09/113.csv
val;Cars;05559;Cars/17-09;Cars/17-09/119.csv
val;Cars;05564;Cars/17-09;Cars/17-09/124.csv
val;Cars;05565;Cars/17-09;Cars/17-09/125.csv
val;Cars;05567;Cars/17-09;Cars/17-09/127.csv
val;Cars;05572;Cars/17-09;Cars/17-09/132.csv
val;Cars;05590;Cars/17-09p;Cars/17-09p/010.csv
val;Cars;05592;Cars/17-09p;Cars/17-09p/012.csv
val;Cars;05596;Cars/17-09p;Cars/17-09p/016.csv
val;Cars;05597;Cars/17-09p;Cars/17-09p/017.csv
val;Cars;05599;Cars/17-09p;Cars/17-09p/019.csv
val;Cars;05604;Cars/17-09p;Cars/17-09p/024.csv
val;Cars;05606;Cars/17-09p;Cars/17-09p/026.csv
val;Cars;05622;Cars/17-09p;Cars/17-09p/042.csv
val;Cars;05635;Cars/17-09p;Cars/17-09p/055.csv
val;Cars;05654;Cars/17-09p;Cars/17-09p/074.csv
val;Cars;05659;Cars/17-09p;Cars/17-09p/079.csv
val;Cars;05666;Cars/17-09p;Cars/17-09p/086.csv
val;Cars;05674;Cars/17-09p;Cars/17-09p/094.csv
val;Cars;05675;Cars/17-09p;Cars/17-09p/095.csv
val;Cars;05683;Cars/17-09p;Cars/17-09p/103.csv
val;Cars;05688;Cars/17-09p;Cars/17-09p/108.csv
val;Cars;05690;Cars/17-09p;Cars/17-09p/110.csv
val;Cars;05706;Cars/17-09p;Cars/17-09p/126.csv
val;Cars;05716;Cars/17-09p;Cars/17-09p/136.csv
val;Drones;00009;Drones/12-34;Drones/12-34/009.csv
val;Drones;00020;Drones/12-34;Drones/12-34/020.csv
val;Drones;00027;Drones/12-34;Drones/12-34/027.csv
val;Drones;00030;Drones/12-34;Drones/12-34/030.csv
val;Drones;00034;Drones/12-34;Drones/12-34/034.csv
val;Drones;00048;Drones/12-34;Drones/12-34/055.csv
val;Drones;00052;Drones/12-34;Drones/12-34/059.csv
val;Drones;00071;Drones/12-34;Drones/12-34/078.csv
val;Drones;00080;Drones/12-34;Drones/12-34/087.csv
val;Drones;00089;Drones/12-34;Drones/12-34/096.csv
val;Drones;00094;Drones/12-34;Drones/12-34/101.csv
val;Drones;00097;Drones/12-34;Drones/12-34/104.csv
val;Drones;00100;Drones/12-34;Drones/12-34/107.csv
val;Drones;00101;Drones/12-34;Drones/12-34/108.csv
val;Drones;00107;Drones/12-34;Drones/12-34/114.csv
val;Drones;00110;Drones/12-34;Drones/12-34/117.csv
val;Drones;00123;Drones/12-34;Drones/12-34/130.csv
val;Drones;00136;Drones/12-34;Drones/12-34/143.csv
val;Drones;00145;Drones/12-34;Drones/12-34/152.csv
val;Drones;00153;Drones/12-34;Drones/12-34/162.csv
val;Drones;00157;Drones/12-34;Drones/12-34/169.csv
val;Drones;00169;Drones/12-34;Drones/12-34/181.csv
val;Drones;00171;Drones/12-34;Drones/12-34/183.csv
val;Drones;00176;Drones/12-34;Drones/12-34/188.csv
val;Drones;00178;Drones/12-34;Drones/12-34/190.csv
val;Drones;00181;Drones/12-34;Drones/12-34/193.csv
val;Drones;00192;Drones/12-34;Drones/12-34/204.csv
val;Drones;00193;Drones/12-34;Drones/12-34/205.csv
val;Drones;00196;Drones/12-34;Drones/12-34/208.csv
val;Drones;00199;Drones/12-34;Drones/12-34/211.csv
val;Drones;00200;Drones/12-34;Drones/12-34/212.csv
val;Drones;00204;Drones/12-34;Drones/12-34/219.csv
val;Drones;00206;Drones/12-34;Drones/12-34/221.csv
val;Drones;00212;Drones/12-34;Drones/12-34/230.csv
val;Drones;00219;Drones/12-34;Drones/12-34/237.csv
val;Drones;00222;Drones/12-34;Drones/12-34/240.csv
val;Drones;00228;Drones/12-34;Drones/12-34/246.csv
val;Drones;00229;Drones/12-34;Drones/12-34/247.csv
val;Drones;00239;Drones/12-34;Drones/12-34/263.csv
val;Drones;00249;Drones/12-34;Drones/12-34/273.csv
val;Drones;00253;Drones/12-34;Drones/12-34/277.csv
val;Drones;00255;Drones/12-34;Drones/12-34/279.csv
val;Drones;00260;Drones/12-34;Drones/12-34/284.csv
val;Drones;00271;Drones/12-34;Drones/12-34/295.csv
val;Drones;00275;Drones/12-34;Drones/12-34/299.csv
val;Drones;00279;Drones/12-34;Drones/12-34/306.csv
val;Drones;00280;Drones/12-34;Drones/12-34/307.csv
val;Drones;00290;Drones/12-34;Drones/12-34/317.csv
val;Drones;00291;Drones/12-34;Drones/12-34/318.csv
val;Drones;00297;Drones/12-34;Drones/12-34/324.csv
val;Drones;00310;Drones/12-34;Drones/12-34/337.csv
val;Drones;00315;Drones/12-34;Drones/12-34/342.csv
val;Drones;00316;Drones/12-34;Drones/12-34/343.csv
val;Drones;00319;Drones/12-34;Drones/12-34/346.csv
val;Drones;00323;Drones/12-34;Drones/12-34/350.csv
val;Drones;00327;Drones/12-34;Drones/12-34/354.csv
val;Drones;00334;Drones/12-34;Drones/12-34/361.csv
val;Drones;00351;Drones/12-34;Drones/12-34/381.csv
val;Drones;00357;Drones/12-34;Drones/12-34/388.csv
val;Drones;00361;Drones/12-34;Drones/12-34/392.csv
val;Drones;00368;Drones/12-34;Drones/12-34/407.csv
val;Drones;00372;Drones/12-34;Drones/12-34/411.csv
val;Drones;00388;Drones/12-34;Drones/12-34/430.csv
val;Drones;00394;Drones/12-34;Drones/12-34/436.csv
val;Drones;00403;Drones/12-34;Drones/12-34/449.csv
val;Drones;00409;Drones/12-34;Drones/12-34/455.csv
val;Drones;00411;Drones/12-34;Drones/12-34/458.csv
val;Drones;00416;Drones/12-34;Drones/12-34/465.csv
val;Drones;00427;Drones/12-34;Drones/12-34/480.csv
val;Drones;00429;Drones/12-34;Drones/12-34/485.csv
val;Drones;00434;Drones/12-34;Drones/12-34/491.csv
val;Drones;00438;Drones/12-34;Drones/12-34/495.csv
val;Drones;00439;Drones/12-34;Drones/12-34/496.csv
val;Drones;00444;Drones/12-34;Drones/12-34/501.csv
val;Drones;00446;Drones/12-34;Drones/12-34/506.csv
val;Drones;00462;Drones/12-34;Drones/12-34/525.csv
val;Drones;00469;Drones/12-34;Drones/12-34/532.csv
val;Drones;00479;Drones/12-34;Drones/12-34/545.csv
val;Drones;00487;Drones/12-34;Drones/12-34/553.csv
val;Drones;00495;Drones/12-34;Drones/12-34/561.csv
val;Drones;00496;Drones/12-34;Drones/12-34/562.csv
val;Drones;00502;Drones/12-34;Drones/12-34/568.csv
val;Drones;00506;Drones/12-34;Drones/12-34/572.csv
val;Drones;00531;Drones/12-34;Drones/12-34/600.csv
val;Drones;00536;Drones/12-34;Drones/12-34/606.csv
val;Drones;00550;Drones/12-34;Drones/12-34/620.csv
val;Drones;00556;Drones/12-34;Drones/12-34/629.csv
val;Drones;00566;Drones/12-34;Drones/12-34/642.csv
val;Drones;00567;Drones/12-34;Drones/12-34/643.csv
val;Drones;00568;Drones/12-34;Drones/12-34/644.csv
val;Drones;00577;Drones/12-34;Drones/12-34/653.csv
val;Drones;00578;Drones/12-34;Drones/12-34/654.csv
val;Drones;00583;Drones/12-34;Drones/12-34/659.csv
val;Drones;00587;Drones/12-34;Drones/12-34/663.csv
val;Drones;00590;Drones/12-34;Drones/12-34/666.csv
val;Drones;00595;Drones/12-34;Drones/12-34/671.csv
val;Drones;00597;Drones/12-34;Drones/12-34/673.csv
val;Drones;00600;Drones/12-34;Drones/12-34/677.csv
val;Drones;00606;Drones/12-34;Drones/12-34/683.csv
val;Drones;00614;Drones/12-34;Drones/12-34/692.csv
val;Drones;00616;Drones/12-34;Drones/12-34/694.csv
val;Drones;00619;Drones/12-34;Drones/12-34/697.csv
val;Drones;00622;Drones/12-34;Drones/12-34/700.csv
val;Drones;00625;Drones/12-34;Drones/12-34/703.csv
val;Drones;00626;Drones/12-34;Drones/12-34/704.csv
val;Drones;00627;Drones/12-34;Drones/12-34/705.csv
val;Drones;00643;Drones/12-34;Drones/12-34/721.csv
val;Drones;00645;Drones/12-34;Drones/12-34/723.csv
val;Drones;00649;Drones/12-34;Drones/12-34/727.csv
val;Drones;00651;Drones/12-34;Drones/12-34/729.csv
val;Drones;00658;Drones/12-34;Drones/12-34/736.csv
val;Drones;00669;Drones/12-41;Drones/12-41/009.csv
val;Drones;00671;Drones/12-41;Drones/12-41/011.csv
val;Drones;00677;Drones/12-41;Drones/12-41/017.csv
val;Drones;00678;Drones/12-41;Drones/12-41/018.csv
val;Drones;00682;Drones/12-41;Drones/12-41/022.csv
val;Drones;00684;Drones/12-41;Drones/12-41/024.csv
val;Drones;00691;Drones/12-41;Drones/12-41/031.csv
val;Drones;00706;Drones/12-41;Drones/12-41/046.csv
val;Drones;00719;Drones/12-41;Drones/12-41/059.csv
val;Drones;00722;Drones/12-41;Drones/12-41/062.csv
val;Drones;00725;Drones/12-41;Drones/12-41/065.csv
val;Drones;00732;Drones/12-41;Drones/12-41/072.csv
val;Drones;00734;Drones/12-41;Drones/12-41/074.csv
val;Drones;00735;Drones/12-41;Drones/12-41/075.csv
val;Drones;00743;Drones/12-41;Drones/12-41/083.csv
val;Drones;00745;Drones/12-41;Drones/12-41/085.csv
val;Drones;00747;Drones/12-41;Drones/12-41/087.csv
val;Drones;00752;Drones/12-41;Drones/12-41/092.csv
val;Drones;00757;Drones/12-41;Drones/12-41/097.csv
val;Drones;00760;Drones/12-41;Drones/12-41/100.csv
val;Drones;00764;Drones/12-41;Drones/12-41/104.csv
val;Drones;00790;Drones/12-41;Drones/12-41/130.csv
val;Drones;00795;Drones/12-41;Drones/12-41/135.csv
val;Drones;00799;Drones/12-41;Drones/12-41/139.csv
val;Drones;00801;Drones/12-41;Drones/12-41/141.csv
val;Drones;00806;Drones/12-41;Drones/12-41/146.csv
val;Drones;00839;Drones/12-41;Drones/12-41/179.csv
val;Drones;00857;Drones/12-41;Drones/12-41/197.csv
val;Drones;00858;Drones/12-41;Drones/12-41/198.csv
val;Drones;00863;Drones/12-41;Drones/12-41/203.csv
val;Drones;00870;Drones/12-41;Drones/12-41/210.csv
val;Drones;00880;Drones/12-41;Drones/12-41/220.csv
val;Drones;00888;Drones/12-41;Drones/12-41/228.csv
val;Drones;00889;Drones/12-41;Drones/12-41/229.csv
val;Drones;00890;Drones/12-41;Drones/12-41/230.csv
val;Drones;00897;Drones/12-41;Drones/12-41/237.csv
val;Drones;00898;Drones/12-41;Drones/12-41/238.csv
val;Drones;00908;Drones/12-41;Drones/12-41/248.csv
val;Drones;00912;Drones/12-41;Drones/12-41/252.csv
val;Drones;00927;Drones/12-41;Drones/12-41/267.csv
val;Drones;00938;Drones/12-41;Drones/12-41/278.csv
val;Drones;00961;Drones/12-41;Drones/12-41/301.csv
val;Drones;00965;Drones/12-41;Drones/12-41/305.csv
val;Drones;00970;Drones/12-41;Drones/12-41/310.csv
val;Drones;01002;Drones/12-41;Drones/12-41/342.csv
val;Drones;01011;Drones/12-41;Drones/12-41/351.csv
val;Drones;01021;Drones/12-41;Drones/12-41/361.csv
val;Drones;01024;Drones/12-41;Drones/12-41/364.csv
val;Drones;01026;Drones/12-41;Drones/12-41/366.csv
val;Drones;01028;Drones/12-41;Drones/12-41/368.csv
val;Drones;01030;Drones/12-41;Drones/12-41/370.csv
val;Drones;01035;Drones/12-41;Drones/12-41/375.csv
val;Drones;01039;Drones/12-41;Drones/12-41/379.csv
val;Drones;01043;Drones/12-41;Drones/12-41/383.csv
val;Drones;01048;Drones/12-41;Drones/12-41/388.csv
val;Drones;01050;Drones/12-41;Drones/12-41/390.csv
val;Drones;01052;Drones/12-41;Drones/12-41/392.csv
val;Drones;01053;Drones/12-41;Drones/12-41/393.csv
val;Drones;01057;Drones/12-41;Drones/12-41/397.csv
val;Drones;01058;Drones/12-41;Drones/12-41/398.csv
val;Drones;01062;Drones/12-41;Drones/12-41/402.csv
val;Drones;01069;Drones/12-41;Drones/12-41/409.csv
val;Drones;01076;Drones/12-41;Drones/12-41/416.csv
val;Drones;01085;Drones/12-41;Drones/12-41/425.csv
val;Drones;01095;Drones/12-41;Drones/12-41/435.csv
val;Drones;01102;Drones/12-41;Drones/12-41/442.csv
val;Drones;01104;Drones/12-41;Drones/12-41/444.csv
val;Drones;01107;Drones/12-41;Drones/12-41/447.csv
val;Drones;01109;Drones/12-41;Drones/12-41/449.csv
val;Drones;01114;Drones/12-41;Drones/12-41/454.csv
val;Drones;01118;Drones/12-41;Drones/12-41/458.csv
val;Drones;01127;Drones/12-41;Drones/12-41/467.csv
val;Drones;01129;Drones/12-41;Drones/12-41/469.csv
val;Drones;01136;Drones/12-41;Drones/12-41/476.csv
val;Drones;01145;Drones/12-41;Drones/12-41/485.csv
val;Drones;01158;Drones/12-41;Drones/12-41/498.csv
val;Drones;01159;Drones/12-41;Drones/12-41/499.csv
val;Drones;01163;Drones/13-14;Drones/13-14/003.csv
val;Drones;01169;Drones/13-14;Drones/13-14/009.csv
val;Drones;01171;Drones/13-14;Drones/13-14/011.csv
val;Drones;01175;Drones/13-14;Drones/13-14/015.csv
val;Drones;01176;Drones/13-14;Drones/13-14/016.csv
val;Drones;01181;Drones/13-14;Drones/13-14/021.csv
val;Drones;01188;Drones/13-14;Drones/13-14/028.csv
val;Drones;01190;Drones/13-14;Drones/13-14/030.csv
val;Drones;01193;Drones/13-14;Drones/13-14/033.csv
val;Drones;01198;Drones/13-14;Drones/13-14/038.csv
val;Drones;01201;Drones/13-14;Drones/13-14/041.csv
val;Drones;01211;Drones/13-14;Drones/13-14/051.csv
val;Drones;01222;Drones/13-14;Drones/13-14/062.csv
val;Drones;01229;Drones/13-14;Drones/13-14/069.csv
val;Drones;01243;Drones/13-14;Drones/13-14/083.csv
val;Drones;01254;Drones/13-14;Drones/13-14/094.csv
val;Drones;01261;Drones/13-14;Drones/13-14/101.csv
val;Drones;01262;Drones/13-14;Drones/13-14/102.csv
val;Drones;01269;Drones/13-14;Drones/13-14/109.csv
val;Drones;01271;Drones/13-14;Drones/13-14/111.csv
val;Drones;01273;Drones/13-14;Drones/13-14/113.csv
val;Drones;01296;Drones/13-14;Drones/13-14/136.csv
val;Drones;01306;Drones/13-14;Drones/13-14/146.csv
val;Drones;01322;Drones/13-14;Drones/13-14/162.csv
val;Drones;01341;Drones/13-14;Drones/13-14/181.csv
val;Drones;01352;Drones/13-14;Drones/13-14/192.csv
val;Drones;01361;Drones/13-14;Drones/13-14/201.csv
val;Drones;01362;Drones/13-14;Drones/13-14/202.csv
val;Drones;01363;Drones/13-14;Drones/13-14/203.csv
val;Drones;01371;Drones/13-14;Drones/13-14/211.csv
val;Drones;01372;Drones/13-14;Drones/13-14/212.csv
val;Drones;01376;Drones/13-14;Drones/13-14/216.csv
val;Drones;01392;Drones/13-14;Drones/13-14/232.csv
val;Drones;01398;Drones/13-14;Drones/13-14/238.csv
val;Drones;01407;Drones/13-14;Drones/13-14/247.csv
val;Drones;01413;Drones/13-14;Drones/13-14/253.csv
val;Drones;01418;Drones/13-14;Drones/13-14/258.csv
val;Drones;01420;Drones/13-14;Drones/13-14/260.csv
val;Drones;01421;Drones/13-14;Drones/13-14/261.csv
val;Drones;01425;Drones/13-14;Drones/13-14/265.csv
val;Drones;01433;Drones/13-14;Drones/13-14/273.csv
val;Drones;01435;Drones/13-14;Drones/13-14/275.csv
val;Drones;01437;Drones/13-14;Drones/13-14/277.csv
val;Drones;01452;Drones/13-14;Drones/13-14/292.csv
val;Drones;01455;Drones/13-14;Drones/13-14/295.csv
val;Drones;01469;Drones/13-14;Drones/13-14/309.csv
val;Drones;01478;Drones/13-14;Drones/13-14/318.csv
val;Drones;01481;Drones/13-14;Drones/13-14/321.csv
val;Drones;01483;Drones/13-14;Drones/13-14/323.csv
val;Drones;01486;Drones/13-14;Drones/13-14/326.csv
val;Drones;01492;Drones/13-14;Drones/13-14/332.csv
val;Drones;01500;Drones/13-14;Drones/13-14/340.csv
val;Drones;01502;Drones/13-14;Drones/13-14/342.csv
val;Drones;01504;Drones/13-14;Drones/13-14/344.csv
val;Drones;01505;Drones/13-14;Drones/13-14/345.csv
val;Drones;01506;Drones/13-14;Drones/13-14/346.csv
val;Drones;01514;Drones/13-14;Drones/13-14/354.csv
val;Drones;01527;Drones/13-14;Drones/13-14/367.csv
val;Drones;01535;Drones/13-21;Drones/13-21/003.csv
val;Drones;01540;Drones/13-21;Drones/13-21/008.csv
val;Drones;01558;Drones/13-21;Drones/13-21/031.csv
val;Drones;01565;Drones/13-21;Drones/13-21/041.csv
val;Drones;01567;Drones/13-21;Drones/13-21/043.csv
val;Drones;01570;Drones/13-21;Drones/13-21/048.csv
val;Drones;01593;Drones/13-21;Drones/13-21/084.csv
val;Drones;01594;Drones/13-21;Drones/13-21/085.csv
val;Drones;01601;Drones/13-21;Drones/13-21/095.csv
val;Drones;01607;Drones/13-21;Drones/13-21/101.csv
val;Drones;01612;Drones/13-21;Drones/13-21/106.csv
val;Drones;01615;Drones/13-21;Drones/13-21/109.csv
val;Drones;01616;Drones/13-21;Drones/13-21/110.csv
val;Drones;01618;Drones/13-21;Drones/13-21/112.csv
val;Drones;01630;Drones/13-21;Drones/13-21/124.csv
val;Drones;01631;Drones/13-21;Drones/13-21/125.csv
val;Drones;01651;Drones/13-21;Drones/13-21/147.csv
val;Drones;01655;Drones/13-21;Drones/13-21/152.csv
val;Drones;01659;Drones/13-21;Drones/13-21/156.csv
val;Drones;01663;Drones/13-21;Drones/13-21/160.csv
val;Drones;01667;Drones/13-21;Drones/13-21/164.csv
val;Drones;01673;Drones/13-21;Drones/13-21/170.csv
val;Drones;01698;Drones/13-21;Drones/13-21/205.csv
val;Drones;01703;Drones/13-21;Drones/13-21/210.csv
val;Drones;01722;Drones/13-21;Drones/13-21/229.csv
val;Drones;01729;Drones/13-21;Drones/13-21/236.csv
val;Drones;01733;Drones/13-21;Drones/13-21/241.csv
val;Drones;01741;Drones/13-21;Drones/13-21/249.csv
val;Drones;01742;Drones/13-21;Drones/13-21/250.csv
val;Drones;01744;Drones/13-21;Drones/13-21/252.csv
val;Drones;01747;Drones/13-21;Drones/13-21/255.csv
val;Drones;01757;Drones/13-21;Drones/13-21/265.csv
val;Drones;01766;Drones/13-21;Drones/13-21/274.csv
val;Drones;01768;Drones/13-21;Drones/13-21/276.csv
val;Drones;01771;Drones/13-21;Drones/13-21/279.csv
val;Drones;01774;Drones/13-21;Drones/13-21/282.csv
val;Drones;01778;Drones/13-21;Drones/13-21/286.csv
val;Drones;01783;Drones/13-21;Drones/13-21/291.csv
val;Drones;01790;Drones/13-21;Drones/13-21/298.csv
val;Drones;01819;Drones/13-21;Drones/13-21/327.csv
val;Drones;01833;Drones/13-21;Drones/13-21/341.csv
val;Drones;01834;Drones/13-21;Drones/13-21/342.csv
val;Drones;01836;Drones/13-21;Drones/13-21/344.csv
val;Drones;01838;Drones/13-21;Drones/13-21/346.csv
val;Drones;01861;Drones/13-21;Drones/13-21/369.csv
val;Drones;01863;Drones/13-21;Drones/13-21/371.csv
val;Drones;01865;Drones/13-21;Drones/13-21/373.csv
val;Drones;01871;Drones/13-21;Drones/13-21/379.csv
val;Drones;01879;Drones/13-21;Drones/13-21/387.csv
val;Drones;01882;Drones/13-21;Drones/13-21/390.csv
val;Drones;01887;Drones/13-21;Drones/13-21/395.csv
val;Drones;01889;Drones/13-21;Drones/13-21/397.csv
val;Drones;01895;Drones/13-21;Drones/13-21/403.csv
val;Drones;01898;Drones/13-21;Drones/13-21/406.csv
val;Drones;01903;Drones/13-21;Drones/13-21/411.csv
val;Drones;01919;Drones/13-21;Drones/13-21/427.csv
val;Drones;01927;Drones/13-21;Drones/13-21/435.csv
val;Drones;01933;Drones/13-21;Drones/13-21/441.csv
val;Drones;01935;Drones/13-21;Drones/13-21/443.csv
val;Drones;01936;Drones/13-21;Drones/13-21/444.csv
val;Drones;01946;Drones/13-21;Drones/13-21/454.csv
val;Drones;01963;Drones/13-21;Drones/13-21/471.csv
val;Drones;01966;Drones/13-21;Drones/13-21/474.csv
val;Drones;01972;Drones/13-21;Drones/13-21/480.csv
val;Drones;01979;Drones/13-21;Drones/13-21/487.csv
val;Drones;02005;Drones/13-48;Drones/13-48/002.csv
val;Drones;02022;Drones/13-48;Drones/13-48/019.csv
val;Drones;02023;Drones/13-48;Drones/13-48/020.csv
val;Drones;02025;Drones/13-48;Drones/13-48/022.csv
val;Drones;02037;Drones/13-48;Drones/13-48/034.csv
val;Drones;02046;Drones/13-48;Drones/13-48/043.csv
val;Drones;02054;Drones/13-48;Drones/13-48/051.csv
val;Drones;02064;Drones/13-48;Drones/13-48/061.csv
val;Drones;02068;Drones/13-48;Drones/13-48/065.csv
val;Drones;02073;Drones/13-48;Drones/13-48/070.csv
val;Drones;02079;Drones/13-48;Drones/13-48/076.csv
val;Drones;02099;Drones/13-48;Drones/13-48/096.csv
val;Drones;02100;Drones/13-48;Drones/13-48/097.csv
val;Drones;02101;Drones/13-48;Drones/13-48/098.csv
val;Drones;02102;Drones/13-48;Drones/13-48/099.csv
val;Drones;02119;Drones/13-48;Drones/13-48/116.csv
val;Drones;02124;Drones/13-48;Drones/13-48/121.csv
val;Drones;02128;Drones/13-48;Drones/13-48/125.csv
val;Drones;02132;Drones/13-48;Drones/13-48/129.csv
val;Drones;02136;Drones/13-48;Drones/13-48/133.csv
val;Drones;02146;Drones/13-48;Drones/13-48/143.csv
val;Drones;02147;Drones/13-48;Drones/13-48/144.csv
val;Drones;02155;Drones/13-48;Drones/13-48/152.csv
val;Drones;02168;Drones/13-48;Drones/13-48/165.csv
val;Drones;02169;Drones/13-48;Drones/13-48/166.csv
val;Drones;02173;Drones/13-48;Drones/13-48/170.csv
val;Drones;02174;Drones/13-48;Drones/13-48/171.csv
val;Drones;02175;Drones/13-48;Drones/13-48/172.csv
val;Drones;02188;Drones/13-48;Drones/13-48/185.csv
val;Drones;02195;Drones/13-48;Drones/13-48/192.csv
val;Drones;02196;Drones/13-48;Drones/13-48/193.csv
val;Drones;02210;Drones/13-48;Drones/13-48/207.csv
val;Drones;02218;Drones/13-48;Drones/13-48/215.csv
val;Drones;02219;Drones/13-48;Drones/13-48/216.csv
val;Drones;02223;Drones/13-48;Drones/13-48/220.csv
val;Drones;02226;Drones/13-48;Drones/13-48/223.csv
val;Drones;02229;Drones/13-48;Drones/13-48/226.csv
val;Drones;02233;Drones/13-48;Drones/13-48/230.csv
val;Drones;02234;Drones/13-48;Drones/13-48/231.csv
val;Drones;02267;Drones/13-48;Drones/13-48/264.csv
val;Drones;02281;Drones/13-48;Drones/13-48/278.csv
val;Drones;02289;Drones/13-48;Drones/13-48/286.csv
val;Drones;02291;Drones/13-48;Drones/13-48/288.csv
val;Drones;02299;Drones/13-48;Drones/13-48/296.csv
val;Drones;02300;Drones/13-48;Drones/13-48/297.csv
val;Drones;02303;Drones/13-48;Drones/13-48/300.csv
val;Drones;02305;Drones/13-48;Drones/13-48/302.csv
val;Drones;02310;Drones/13-48;Drones/13-48/307.csv
val;Drones;02312;Drones/13-48;Drones/13-48/309.csv
val;Drones;02317;Drones/13-48;Drones/13-48/314.csv
val;Drones;02319;Drones/13-48;Drones/13-48/316.csv
val;Drones;02331;Drones/13-48;Drones/13-48/328.csv
val;Drones;02338;Drones/13-48;Drones/13-48/335.csv
val;Drones;02343;Drones/13-48;Drones/13-48/340.csv
val;Drones;02345;Drones/13-48;Drones/13-48/342.csv
val;Drones;02362;Drones/13-48;Drones/13-48/359.csv
val;Drones;02365;Drones/13-48;Drones/13-48/362.csv
val;Drones;02374;Drones/13-48;Drones/13-48/371.csv
val;Drones;02388;Drones/13-48;Drones/13-48/385.csv
val;Drones;02390;Drones/13-48;Drones/13-48/387.csv
val;Drones;02396;Drones/13-48;Drones/13-48/393.csv
val;Drones;02405;Drones/15-16;Drones/15-16/009.csv
val;Drones;02424;Drones/15-16;Drones/15-16/028.csv
val;Drones;02427;Drones/15-16;Drones/15-16/031.csv
val;Drones;02451;Drones/15-18;Drones/15-18/024.csv
val;Drones;02460;Drones/15-18;Drones/15-18/033.csv
val;Drones;02465;Drones/15-18;Drones/15-18/038.csv
val;Drones;02471;Drones/15-21;Drones/15-21/002.csv
val;Drones;02485;Drones/15-21;Drones/15-21/016.csv
val;Drones;02487;Drones/15-21;Drones/15-21/018.csv
val;Drones;02488;Drones/15-21;Drones/15-21/019.csv
val;Drones;02516;Drones/15-21;Drones/15-21/047.csv
val;Drones;02526;Drones/15-21;Drones/15-21/057.csv
val;Drones;02529;Drones/15-21;Drones/15-21/060.csv
val;Drones;02532;Drones/15-21;Drones/15-21/063.csv
val;Drones;02551;Drones/15-21;Drones/15-21/082.csv
val;Drones;02555;Drones/15-21;Drones/15-21/086.csv
val;Drones;02562;Drones/15-21;Drones/15-21/093.csv
val;Drones;02571;Drones/15-21;Drones/15-21/102.csv
val;Drones;02573;Drones/15-21;Drones/15-21/104.csv
val;Drones;02575;Drones/15-21;Drones/15-21/106.csv
val;Drones;02576;Drones/15-21;Drones/15-21/107.csv
val;Drones;02577;Drones/15-21;Drones/15-21/108.csv
val;Drones;02578;Drones/15-21;Drones/15-21/109.csv
val;Drones;02585;Drones/15-21;Drones/15-21/116.csv
val;Drones;02587;Drones/15-21;Drones/15-21/118.csv
val;Drones;02589;Drones/15-21;Drones/15-21/120.csv
val;Drones;02590;Drones/15-21;Drones/15-21/121.csv
val;Drones;02606;Drones/15-21;Drones/15-21/137.csv
val;Drones;02610;Drones/15-21;Drones/15-21/141.csv
val;Drones;02630;Drones/15-21;Drones/15-21/161.csv
val;Drones;02644;Drones/15-21;Drones/15-21/175.csv
val;Drones;02648;Drones/15-21;Drones/15-21/179.csv
val;Drones;02660;Drones/15-24;Drones/15-24/010.csv
val;Drones;02672;Drones/15-24;Drones/15-24/022.csv
val;Drones;02673;Drones/15-24;Drones/15-24/023.csv
val;Drones;02679;Drones/15-24;Drones/15-24/029.csv
val;Drones;02687;Drones/15-24;Drones/15-24/037.csv
val;Drones;02695;Drones/15-24;Drones/15-24/045.csv
val;Drones;02705;Drones/15-24;Drones/15-24/055.csv
val;Drones;02716;Drones/15-24;Drones/15-24/066.csv
val;Drones;02722;Drones/15-24;Drones/15-24/072.csv
val;Drones;02743;Drones/15-24;Drones/15-24/093.csv
val;Drones;02749;Drones/15-24;Drones/15-24/099.csv
val;Drones;02750;Drones/15-24;Drones/15-24/100.csv
val;Drones;02751;Drones/15-24;Drones/15-24/101.csv
val;Drones;02752;Drones/15-24;Drones/15-24/102.csv
val;Drones;02765;Drones/15-24;Drones/15-24/115.csv
val;Drones;02789;Drones/15-24;Drones/15-24/139.csv
val;Drones;02803;Drones/15-24;Drones/15-24/153.csv
val;Drones;02805;Drones/15-24;Drones/15-24/155.csv
val;Drones;02811;Drones/15-24;Drones/15-24/161.csv
val;Drones;02813;Drones/15-24;Drones/15-24/163.csv
val;Drones;02823;Drones/15-30;Drones/15-30/004.csv
val;Drones;02826;Drones/15-30;Drones/15-30/007.csv
val;Drones;02837;Drones/15-30;Drones/15-30/018.csv
val;Drones;02838;Drones/15-30;Drones/15-30/019.csv
val;Drones;02842;Drones/15-30;Drones/15-30/023.csv
val;Drones;02861;Drones/15-30;Drones/15-30/042.csv
val;Drones;02875;Drones/15-30;Drones/15-30/056.csv
val;Drones;02880;Drones/15-30;Drones/15-30/061.csv
val;Drones;02883;Drones/15-30;Drones/15-30/064.csv
val;Drones;02887;Drones/15-30;Drones/15-30/068.csv
val;Drones;02907;Drones/15-30;Drones/15-30/088.csv
val;Drones;02909;Drones/15-30;Drones/15-30/090.csv
val;Drones;02911;Drones/15-30;Drones/15-30/092.csv
val;Drones;02916;Drones/15-30;Drones/15-30/097.csv
val;Drones;02926;Drones/15-30;Drones/15-30/107.csv
val;Drones;02933;Drones/15-30;Drones/15-30/114.csv
val;Drones;02940;Drones/15-30;Drones/15-30/121.csv
val;Drones;02943;Drones/15-30;Drones/15-30/124.csv
val;Drones;02949;Drones/15-30;Drones/15-30/130.csv
val;Drones;02953;Drones/15-30;Drones/15-30/134.csv
val;Drones;02963;Drones/15-30;Drones/15-30/144.csv
val;Drones;02969;Drones/15-30;Drones/15-30/150.csv
val;Drones;02978;Drones/15-30;Drones/15-30/159.csv
val;Drones;02985;Drones/15-30;Drones/15-30/166.csv
val;Drones;03008;Drones/15-30;Drones/15-30/189.csv
val;Drones;03009;Drones/15-30;Drones/15-30/190.csv
val;Drones;03012;Drones/15-30;Drones/15-30/193.csv
val;Drones;03013;Drones/15-30;Drones/15-30/194.csv
val;Drones;03018;Drones/15-30;Drones/15-30/199.csv
val;Drones;03025;Drones/15-30;Drones/15-30/206.csv
val;Drones;03036;Drones/15-33;Drones/15-33/005.csv
val;Drones;03041;Drones/15-33;Drones/15-33/010.csv
val;Drones;03066;Drones/15-33;Drones/15-33/035.csv
val;Drones;03081;Drones/15-33;Drones/15-33/050.csv
val;Drones;03085;Drones/15-33;Drones/15-33/054.csv
val;Drones;03086;Drones/15-33;Drones/15-33/055.csv
val;Drones;03095;Drones/15-33;Drones/15-33/064.csv
val;Drones;03096;Drones/15-33;Drones/15-33/065.csv
val;Drones;03098;Drones/15-33;Drones/15-33/067.csv
val;Drones;03102;Drones/15-33;Drones/15-33/071.csv
val;Drones;03106;Drones/15-33;Drones/15-33/075.csv
val;Drones;03113;Drones/15-33;Drones/15-33/082.csv
val;Drones;03114;Drones/15-33;Drones/15-33/083.csv
val;Drones;03115;Drones/15-33;Drones/15-33/084.csv
val;Drones;03124;Drones/15-33;Drones/15-33/093.csv
val;Drones;03127;Drones/15-33;Drones/15-33/096.csv
val;Drones;03134;Drones/15-33;Drones/15-33/103.csv
val;Drones;03139;Drones/15-33;Drones/15-33/108.csv
val;Drones;03140;Drones/15-33;Drones/15-33/109.csv
val;Drones;03146;Drones/15-33;Drones/15-33/115.csv
val;Drones;03149;Drones/15-33;Drones/15-33/118.csv
val;Drones;03151;Drones/15-33;Drones/15-33/120.csv
val;Drones;03198;Drones/15-33;Drones/15-33/167.csv
val;Drones;03201;Drones/15-33;Drones/15-33/170.csv
val;Drones;03204;Drones/15-33;Drones/15-33/173.csv
val;Drones;03208;Drones/15-33;Drones/15-33/177.csv
val;Drones;03222;Drones/15-36;Drones/15-36/014.csv
val;Drones;03247;Drones/15-36;Drones/15-36/039.csv
val;Drones;03248;Drones/15-36;Drones/15-36/040.csv
val;Drones;03249;Drones/15-36;Drones/15-36/041.csv
val;Drones;03270;Drones/15-36;Drones/15-36/062.csv
val;Drones;03286;Drones/15-36;Drones/15-36/078.csv
val;Drones;03292;Drones/15-36;Drones/15-36/084.csv
val;Drones;03304;Drones/15-36;Drones/15-36/096.csv
val;Drones;03313;Drones/15-36;Drones/15-36/105.csv
val;Drones;03321;Drones/15-36;Drones/15-36/113.csv
val;Drones;03322;Drones/15-36;Drones/15-36/114.csv
val;Drones;03327;Drones/15-36;Drones/15-36/119.csv
val;Drones;03332;Drones/15-36;Drones/15-36/124.csv
val;Drones;03335;Drones/15-36;Drones/15-36/127.csv
val;Drones;03337;Drones/15-36;Drones/15-36/129.csv
val;Drones;03340;Drones/15-36;Drones/15-36/132.csv
val;Drones;03348;Drones/15-36;Drones/15-36/140.csv
val;Drones;03354;Drones/15-36;Drones/15-36/146.csv
val;Drones;03356;Drones/15-36;Drones/15-36/148.csv
val;Drones;03365;Drones/15-36;Drones/15-36/157.csv
val;Drones;03383;Drones/15-38;Drones/15-38/010.csv
val;Drones;03389;Drones/15-38;Drones/15-38/016.csv
val;Drones;03397;Drones/15-38;Drones/15-38/024.csv
val;Drones;03407;Drones/15-38;Drones/15-38/034.csv
val;Drones;03408;Drones/15-38;Drones/15-38/035.csv
val;Drones;03411;Drones/15-38;Drones/15-38/038.csv
val;Drones;03427;Drones/15-38;Drones/15-38/054.csv
val;Drones;03429;Drones/15-38;Drones/15-38/056.csv
val;Drones;03434;Drones/15-38;Drones/15-38/061.csv
val;Drones;03436;Drones/15-38;Drones/15-38/063.csv
val;Drones;03438;Drones/15-38;Drones/15-38/065.csv
val;Drones;03439;Drones/15-38;Drones/15-38/066.csv
val;Drones;03451;Drones/15-38;Drones/15-38/078.csv
val;Drones;03459;Drones/15-38;Drones/15-38/086.csv
val;Drones;03461;Drones/15-38;Drones/15-38/088.csv
val;Drones;03470;Drones/15-38;Drones/15-38/097.csv
val;Drones;03480;Drones/15-38;Drones/15-38/107.csv
val;Drones;03514;Drones/15-38;Drones/15-38/141.csv
val;Drones;03521;Drones/15-38;Drones/15-38/148.csv
val;Drones;03537;Drones/15-38;Drones/15-38/164.csv
val;Drones;03556;Drones/15-42;Drones/15-42/007.csv
val;Drones;03559;Drones/15-42;Drones/15-42/010.csv
val;Drones;03569;Drones/15-42;Drones/15-42/020.csv
val;Drones;03575;Drones/15-42;Drones/15-42/026.csv
val;Drones;03577;Drones/15-42;Drones/15-42/028.csv
val;Drones;03592;Drones/15-42;Drones/15-42/043.csv
val;Drones;03596;Drones/15-42;Drones/15-42/047.csv
val;Drones;03602;Drones/15-42;Drones/15-42/053.csv
val;Drones;03605;Drones/15-42;Drones/15-42/056.csv
val;Drones;03611;Drones/15-42;Drones/15-42/062.csv
val;Drones;03615;Drones/15-42;Drones/15-42/066.csv
val;Drones;03619;Drones/15-42;Drones/15-42/070.csv
val;Drones;03622;Drones/15-42;Drones/15-42/073.csv
val;Drones;03626;Drones/15-42;Drones/15-42/077.csv
val;Drones;03627;Drones/15-42;Drones/15-42/078.csv
val;Drones;03629;Drones/15-42;Drones/15-42/080.csv
val;Drones;03648;Drones/15-42;Drones/15-42/099.csv
val;Drones;03652;Drones/15-42;Drones/15-42/103.csv
val;Drones;03656;Drones/15-42;Drones/15-42/107.csv
val;Drones;03659;Drones/15-42;Drones/15-42/110.csv
val;Drones;03667;Drones/15-42;Drones/15-42/118.csv
val;Drones;03671;Drones/15-42;Drones/15-42/122.csv
val;Drones;03675;Drones/15-42;Drones/15-42/126.csv
val;Drones;03683;Drones/15-42;Drones/15-42/134.csv
val;Drones;03684;Drones/15-42;Drones/15-42/135.csv
val;Drones;03689;Drones/15-42;Drones/15-42/140.csv
val;Drones;03706;Drones/15-42;Drones/15-42/157.csv
val;Drones;03733;Drones/15-42;Drones/15-42/184.csv
val;Drones;03734;Drones/15-42;Drones/15-42/185.csv
val;Drones;03735;Drones/15-42;Drones/15-42/186.csv
val;Drones;03742;Drones/15-44;Drones/15-44/007.csv
val;Drones;03743;Drones/15-44;Drones/15-44/008.csv
val;Drones;03756;Drones/15-44;Drones/15-44/021.csv
val;Drones;03758;Drones/15-44;Drones/15-44/023.csv
val;Drones;03766;Drones/15-44;Drones/15-44/031.csv
val;Drones;03772;Drones/15-44;Drones/15-44/037.csv
val;Drones;03774;Drones/15-44;Drones/15-44/039.csv
val;Drones;03775;Drones/15-44;Drones/15-44/040.csv
val;Drones;03803;Drones/15-44;Drones/15-44/068.csv
val;Drones;03806;Drones/15-44;Drones/15-44/071.csv
val;Drones;03814;Drones/15-44;Drones/15-44/079.csv
val;Drones;03817;Drones/15-44;Drones/15-44/082.csv
val;Drones;03822;Drones/15-44;Drones/15-44/087.csv
val;Drones;03823;Drones/15-44;Drones/15-44/088.csv
val;Drones;03827;Drones/15-44;Drones/15-44/092.csv
val;Drones;03830;Drones/15-44;Drones/15-44/095.csv
val;Drones;03831;Drones/15-44;Drones/15-44/096.csv
val;Drones;03834;Drones/15-44;Drones/15-44/099.csv
val;Drones;03837;Drones/15-44;Drones/15-44/102.csv
val;Drones;03865;Drones/15-44;Drones/15-44/130.csv
val;Drones;03868;Drones/15-44;Drones/15-44/133.csv
val;Drones;03879;Drones/15-44;Drones/15-44/144.csv
val;Drones;03883;Drones/15-44;Drones/15-44/148.csv
val;Drones;03892;Drones/15-44;Drones/15-44/157.csv
val;Drones;03898;Drones/15-44;Drones/15-44/163.csv
val;Drones;03902;Drones/15-44;Drones/15-44/167.csv
val;Drones;03903;Drones/15-44;Drones/15-44/168.csv
val;Drones;03908;Drones/15-47;Drones/15-47/003.csv
val;Drones;03919;Drones/15-47;Drones/15-47/014.csv
val;Drones;03933;Drones/15-47;Drones/15-47/028.csv
val;Drones;03935;Drones/15-47;Drones/15-47/030.csv
val;Drones;03936;Drones/15-47;Drones/15-47/031.csv
val;Drones;03949;Drones/15-47;Drones/15-47/044.csv
val;Drones;03957;Drones/15-47;Drones/15-47/052.csv
val;Drones;03968;Drones/15-47;Drones/15-47/063.csv
val;Drones;03973;Drones/15-47;Drones/15-47/068.csv
val;Drones;03976;Drones/15-47;Drones/15-47/071.csv
val;Drones;03981;Drones/15-47;Drones/15-47/076.csv
val;Drones;03991;Drones/15-47;Drones/15-47/086.csv
val;Drones;03993;Drones/15-47;Drones/15-47/088.csv
val;Drones;04002;Drones/15-47;Drones/15-47/097.csv
val;Drones;04003;Drones/15-47;Drones/15-47/098.csv
val;Drones;04004;Drones/15-47;Drones/15-47/099.csv
val;Drones;04017;Drones/15-47;Drones/15-47/112.csv
val;Drones;04024;Drones/15-47;Drones/15-47/119.csv
val;Drones;04025;Drones/15-47;Drones/15-47/120.csv
val;Drones;04029;Drones/15-47;Drones/15-47/124.csv
val;Drones;04032;Drones/15-47;Drones/15-47/127.csv
val;Drones;04036;Drones/15-47;Drones/15-47/131.csv
val;Drones;04040;Drones/15-47;Drones/15-47/135.csv
val;Drones;04045;Drones/15-47;Drones/15-47/140.csv
val;Drones;04051;Drones/15-47;Drones/15-47/146.csv
val;Drones;04066;Drones/15-47;Drones/15-47/161.csv
val;Drones;04067;Drones/15-47;Drones/15-47/162.csv
val;Drones;04081;Drones/15-47;Drones/15-47/176.csv
val;Drones;04089;Drones/15-47;Drones/15-47/184.csv
val;Drones;04099;Drones/15-47;Drones/15-47/194.csv
val;Drones;04105;Drones/15-50;Drones/15-50/005.csv
val;Drones;04111;Drones/15-50;Drones/15-50/011.csv
val;Drones;04115;Drones/15-50;Drones/15-50/015.csv
val;Drones;04128;Drones/15-50;Drones/15-50/028.csv
val;Drones;04140;Drones/15-50;Drones/15-50/040.csv
val;Drones;04142;Drones/15-50;Drones/15-50/042.csv
val;Drones;04146;Drones/15-50;Drones/15-50/046.csv
val;Drones;04151;Drones/15-50;Drones/15-50/051.csv
val;Drones;04154;Drones/15-50;Drones/15-50/054.csv
val;Drones;04158;Drones/15-50;Drones/15-50/058.csv
val;Drones;04162;Drones/15-50;Drones/15-50/062.csv
val;Drones;04163;Drones/15-50;Drones/15-50/063.csv
val;Drones;04167;Drones/15-50;Drones/15-50/067.csv
val;Drones;04174;Drones/15-50;Drones/15-50/074.csv
val;Drones;04190;Drones/15-50;Drones/15-50/090.csv
val;Drones;04194;Drones/15-50;Drones/15-50/094.csv
val;Drones;04199;Drones/15-50;Drones/15-50/099.csv
val;Drones;04208;Drones/15-50;Drones/15-50/108.csv
val;Drones;04212;Drones/15-50;Drones/15-50/112.csv
val;Drones;04213;Drones/15-50;Drones/15-50/113.csv
val;Drones;04222;Drones/15-50;Drones/15-50/122.csv
val;Drones;04225;Drones/15-50;Drones/15-50/125.csv
val;Drones;04229;Drones/15-50;Drones/15-50/129.csv
val;Drones;04236;Drones/15-50;Drones/15-50/136.csv
val;Drones;04246;Drones/15-50;Drones/15-50/146.csv
val;Drones;04247;Drones/15-50;Drones/15-50/147.csv
val;Drones;04257;Drones/15-50;Drones/15-50/157.csv
val;Drones;04265;Drones/15-50;Drones/15-50/165.csv
val;Drones;04266;Drones/15-50;Drones/15-50/166.csv
val;Drones;04267;Drones/15-50;Drones/15-50/167.csv
val;Drones;04270;Drones/15-50;Drones/15-50/170.csv
val;Drones;04271;Drones/15-50;Drones/15-50/171.csv
val;Drones;04275;Drones/16-09;Drones/16-09/003.csv
val;Drones;04280;Drones/16-09;Drones/16-09/008.csv
val;Drones;04296;Drones/16-09;Drones/16-09/024.csv
val;Drones;04310;Drones/16-09;Drones/16-09/038.csv
val;Drones;04311;Drones/16-09;Drones/16-09/039.csv
val;Drones;04312;Drones/16-09;Drones/16-09/040.csv
val;Drones;04315;Drones/16-09;Drones/16-09/043.csv
val;Drones;04316;Drones/16-09;Drones/16-09/044.csv
val;Drones;04334;Drones/16-09;Drones/16-09/062.csv
val;Drones;04340;Drones/16-09;Drones/16-09/068.csv
val;Drones;04344;Drones/16-09;Drones/16-09/072.csv
val;Drones;04349;Drones/16-09;Drones/16-09/077.csv
val;Drones;04356;Drones/16-09;Drones/16-09/084.csv
val;Drones;04373;Drones/16-09;Drones/16-09/101.csv
val;Drones;04374;Drones/16-09;Drones/16-09/102.csv
val;Drones;04380;Drones/16-09;Drones/16-09/108.csv
val;Drones;04386;Drones/16-09;Drones/16-09/114.csv
val;Drones;04389;Drones/16-09;Drones/16-09/117.csv
val;Drones;04404;Drones/16-09;Drones/16-09/132.csv
val;Drones;04406;Drones/16-09;Drones/16-09/134.csv
val;Drones;04411;Drones/16-09;Drones/16-09/139.csv
val;Drones;04417;Drones/16-09;Drones/16-09/145.csv
val;Drones;04419;Drones/16-09;Drones/16-09/147.csv
val;Drones;04422;Drones/16-09;Drones/16-09/150.csv
val;Drones;04423;Drones/16-09;Drones/16-09/151.csv
val;Drones;04426;Drones/16-09;Drones/16-09/154.csv
val;Drones;04435;Drones/16-09;Drones/16-09/163.csv
val;Drones;04438;Drones/16-09;Drones/16-09/166.csv
val;Drones;04439;Drones/16-09;Drones/16-09/167.csv
val;Drones;04440;Drones/16-09;Drones/16-09/168.csv
val;Drones;04441;Drones/16-09;Drones/16-09/169.csv
val;Drones;04443;Drones/16-09;Drones/16-09/171.csv
val;Drones;04460;Drones/16-09;Drones/16-09/188.csv
val;Drones;04465;Drones/16-09;Drones/16-09/193.csv
val;Drones;04468;Drones/16-09;Drones/16-09/196.csv
val;Drones;04472;Drones/16-09;Drones/16-09/200.csv
val;Drones;04474;Drones/16-09;Drones/16-09/202.csv
val;Drones;04483;Drones/16-09;Drones/16-09/211.csv
val;Drones;04485;Drones/16-09;Drones/16-09/213.csv
val;Drones;04487;Drones/16-09;Drones/16-09/215.csv
val;Drones;04495;Drones/16-11;Drones/16-11/003.csv
val;Drones;04499;Drones/16-11;Drones/16-11/007.csv
val;Drones;04504;Drones/16-11;Drones/16-11/012.csv
val;Drones;04522;Drones/16-11;Drones/16-11/030.csv
val;Drones;04523;Drones/16-11;Drones/16-11/031.csv
val;Drones;04534;Drones/16-11;Drones/16-11/042.csv
val;Drones;04535;Drones/16-11;Drones/16-11/043.csv
val;Drones;04537;Drones/16-11;Drones/16-11/045.csv
val;Drones;04543;Drones/16-11;Drones/16-11/051.csv
val;Drones;04544;Drones/16-11;Drones/16-11/052.csv
val;Drones;04551;Drones/16-11;Drones/16-11/059.csv
val;Drones;04559;Drones/16-11;Drones/16-11/067.csv
val;Drones;04562;Drones/16-11;Drones/16-11/070.csv
val;Drones;04570;Drones/16-11;Drones/16-11/078.csv
val;Drones;04571;Drones/16-11;Drones/16-11/079.csv
val;Drones;04578;Drones/16-11;Drones/16-11/086.csv
val;Drones;04579;Drones/16-11;Drones/16-11/087.csv
val;Drones;04580;Drones/16-11;Drones/16-11/088.csv
val;Drones;04595;Drones/16-11;Drones/16-11/103.csv
val;Drones;04621;Drones/16-11;Drones/16-11/129.csv
val;Drones;04635;Drones/16-11;Drones/16-11/143.csv
val;Drones;04652;Drones/16-11;Drones/16-11/160.csv
val;Drones;04662;Drones/16-11;Drones/16-11/170.csv
val;Drones;04665;Drones/16-11;Drones/16-11/173.csv
val;Drones;04667;Drones/16-11;Drones/16-11/175.csv
val;Drones;04673;Drones/16-11;Drones/16-11/181.csv
val;Drones;04697;Drones/16-15;Drones/16-15/021.csv
val;Drones;04703;Drones/16-15;Drones/16-15/027.csv
val;Drones;04705;Drones/16-15;Drones/16-15/029.csv
val;Drones;04706;Drones/16-15;Drones/16-15/030.csv
val;Drones;04709;Drones/16-15;Drones/16-15/033.csv
val;Drones;04718;Drones/16-15;Drones/16-15/042.csv
val;Drones;04723;Drones/16-15;Drones/16-15/047.csv
val;Drones;04725;Drones/16-15;Drones/16-15/049.csv
val;Drones;04742;Drones/16-15;Drones/16-15/066.csv
val;Drones;04748;Drones/16-15;Drones/16-15/072.csv
val;Drones;04754;Drones/16-15;Drones/16-15/078.csv
val;Drones;04761;Drones/16-15;Drones/16-15/085.csv
val;Drones;04768;Drones/16-15;Drones/16-15/092.csv
val;Drones;04774;Drones/16-15;Drones/16-15/098.csv
val;Drones;04782;Drones/16-15;Drones/16-15/106.csv
val;Drones;04785;Drones/16-15;Drones/16-15/109.csv
val;Drones;04791;Drones/16-15;Drones/16-15/115.csv
val;Drones;04792;Drones/16-15;Drones/16-15/116.csv
val;Drones;04801;Drones/16-15;Drones/16-15/125.csv
val;Drones;04816;Drones/16-15;Drones/16-15/140.csv
val;Drones;04823;Drones/16-15;Drones/16-15/147.csv
val;Drones;04827;Drones/16-15;Drones/16-15/151.csv
val;Drones;04833;Drones/16-15;Drones/16-15/157.csv
val;Drones;04857;Drones/16-15;Drones/16-15/181.csv
val;Drones;04861;Drones/16-15;Drones/16-15/185.csv
val;Drones;04865;Drones/16-15;Drones/16-15/189.csv
val;Drones;04866;Drones/16-15;Drones/16-15/190.csv
val;Drones;04874;Drones/16-15;Drones/16-15/198.csv
val;Drones;04890;Drones/16-17;Drones/16-17/003.csv
val;Drones;04894;Drones/16-17;Drones/16-17/007.csv
val;Drones;04913;Drones/16-17;Drones/16-17/026.csv
val;Drones;04922;Drones/16-17;Drones/16-17/035.csv
val;Drones;04925;Drones/16-17;Drones/16-17/038.csv
val;Drones;04927;Drones/16-17;Drones/16-17/040.csv
val;Drones;04930;Drones/16-17;Drones/16-17/043.csv
val;Drones;04936;Drones/16-17;Drones/16-17/049.csv
val;Drones;04945;Drones/16-17;Drones/16-17/058.csv
val;Drones;04949;Drones/16-17;Drones/16-17/062.csv
val;Drones;04953;Drones/16-17;Drones/16-17/066.csv
val;Drones;04954;Drones/16-17;Drones/16-17/067.csv
val;Drones;04957;Drones/16-17;Drones/16-17/070.csv
val;Drones;04969;Drones/16-17;Drones/16-17/082.csv
val;Drones;04974;Drones/16-17;Drones/16-17/087.csv
val;Drones;04987;Drones/16-17;Drones/16-17/100.csv
val;Drones;04990;Drones/16-17;Drones/16-17/103.csv
val;Drones;05002;Drones/16-17;Drones/16-17/115.csv
val;Drones;05019;Drones/16-17;Drones/16-17/132.csv
val;Drones;05024;Drones/16-17;Drones/16-17/137.csv
val;Drones;05026;Drones/16-17;Drones/16-17/139.csv
val;Drones;05031;Drones/16-17;Drones/16-17/144.csv
val;Drones;05033;Drones/16-17;Drones/16-17/146.csv
val;Drones;05035;Drones/16-17;Drones/16-17/148.csv
val;Drones;05042;Drones/16-17;Drones/16-17/155.csv
val;Drones;05054;Drones/16-17;Drones/16-17/167.csv
val;Drones;05061;Drones/16-17;Drones/16-17/174.csv
val;People;00009;People/10-45f;People/10-45f/009.csv
val;People;00013;People/10-45f;People/10-45f/013.csv
val;People;00015;People/10-45f;People/10-45f/015.csv
val;People;00018;People/10-45f;People/10-45f/018.csv
val;People;00024;People/10-45f;People/10-45f/024.csv
val;People;00027;People/10-45f;People/10-45f/027.csv
val;People;00030;People/10-45f;People/10-45f/030.csv
val;People;00032;People/10-45f;People/10-45f/032.csv
val;People;00034;People/10-45f;People/10-45f/034.csv
val;People;00038;People/10-45f;People/10-45f/038.csv
val;People;00042;People/10-45f;People/10-45f/042.csv
val;People;00046;People/10-45f;People/10-45f/046.csv
val;People;00051;People/10-45f;People/10-45f/051.csv
val;People;00058;People/10-45f;People/10-45f/058.csv
val;People;00060;People/10-45f;People/10-45f/060.csv
val;People;00062;People/10-45f;People/10-45f/062.csv
val;People;00064;People/10-45f;People/10-45f/064.csv
val;People;00070;People/10-45f;People/10-45f/070.csv
val;People;00074;People/10-45f;People/10-45f/074.csv
val;People;00076;People/10-45f;People/10-45f/076.csv
val;People;00085;People/10-45f;People/10-45f/085.csv
val;People;00089;People/10-45f;People/10-45f/089.csv
val;People;00092;People/10-45f;People/10-45f/092.csv
val;People;00107;People/10-45f;People/10-45f/107.csv
val;People;00108;People/10-45f;People/10-45f/108.csv
val;People;00109;People/10-45f;People/10-45f/109.csv
val;People;00122;People/10-45f;People/10-45f/122.csv
val;People;00123;People/10-45f;People/10-45f/123.csv
val;People;00143;People/10-45f;People/10-45f/143.csv
val;People;00152;People/10-45f;People/10-45f/152.csv
val;People;00158;People/10-45f;People/10-45f/158.csv
val;People;00178;People/10-45f;People/10-45f/178.csv
val;People;00184;People/10-45f;People/10-45f/184.csv
val;People;00185;People/10-45f;People/10-45f/185.csv
val;People;00186;People/10-45i;People/10-45i/001.csv
val;People;00197;People/10-45i;People/10-45i/012.csv
val;People;00199;People/10-45i;People/10-45i/014.csv
val;People;00200;People/10-45i;People/10-45i/015.csv
val;People;00211;People/10-45i;People/10-45i/026.csv
val;People;00217;People/10-45i;People/10-45i/032.csv
val;People;00218;People/10-45i;People/10-45i/033.csv
val;People;00222;People/10-45i;People/10-45i/037.csv
val;People;00229;People/10-45i;People/10-45i/044.csv
val;People;00231;People/10-45i;People/10-45i/046.csv
val;People;00232;People/10-45i;People/10-45i/047.csv
val;People;00241;People/10-45i;People/10-45i/056.csv
val;People;00246;People/10-45i;People/10-45i/061.csv
val;People;00248;People/10-45i;People/10-45i/063.csv
val;People;00255;People/10-45i;People/10-45i/070.csv
val;People;00258;People/10-45i;People/10-45i/073.csv
val;People;00264;People/10-45i;People/10-45i/079.csv
val;People;00280;People/10-53f;People/10-53f/004.csv
val;People;00287;People/10-53f;People/10-53f/011.csv
val;People;00291;People/10-53f;People/10-53f/015.csv
val;People;00292;People/10-53f;People/10-53f/016.csv
val;People;00294;People/10-53f;People/10-53f/018.csv
val;People;00296;People/10-53f;People/10-53f/020.csv
val;People;00298;People/10-53f;People/10-53f/022.csv
val;People;00304;People/10-53f;People/10-53f/028.csv
val;People;00308;People/10-53f;People/10-53f/032.csv
val;People;00316;People/10-53f;People/10-53f/040.csv
val;People;00319;People/10-53f;People/10-53f/043.csv
val;People;00323;People/10-53f;People/10-53f/047.csv
val;People;00333;People/10-53f;People/10-53f/057.csv
val;People;00335;People/10-53f;People/10-53f/059.csv
val;People;00340;People/10-53f;People/10-53f/064.csv
val;People;00345;People/10-53f;People/10-53f/069.csv
val;People;00347;People/10-53f;People/10-53f/071.csv
val;People;00352;People/10-53f;People/10-53f/076.csv
val;People;00355;People/10-53f;People/10-53f/079.csv
val;People;00368;People/10-53f;People/10-53f/092.csv
val;People;00374;People/10-53f;People/10-53f/098.csv
val;People;00377;People/10-53f;People/10-53f/101.csv
val;People;00379;People/10-53f;People/10-53f/103.csv
val;People;00381;People/10-53f;People/10-53f/105.csv
val;People;00388;People/10-53f;People/10-53f/112.csv
val;People;00402;People/10-53f;People/10-53f/126.csv
val;People;00409;People/10-53f;People/10-53f/133.csv
val;People;00417;People/10-53f;People/10-53f/141.csv
val;People;00421;People/10-53f;People/10-53f/145.csv
val;People;00433;People/10-53f;People/10-53f/157.csv
val;People;00438;People/10-53f;People/10-53f/162.csv
val;People;00446;People/10-53f;People/10-53f/170.csv
val;People;00453;People/10-53f;People/10-53f/177.csv
val;People;00469;People/10-53f;People/10-53f/193.csv
val;People;00473;People/10-53f;People/10-53f/197.csv
val;People;00474;People/10-53f;People/10-53f/198.csv
val;People;00480;People/10-53f;People/10-53f/204.csv
val;People;00486;People/10-53f;People/10-53f/210.csv
val;People;00487;People/10-53f;People/10-53f/211.csv
val;People;00497;People/10-53f;People/10-53f/221.csv
val;People;00498;People/10-53f;People/10-53f/222.csv
val;People;00502;People/10-53f;People/10-53f/226.csv
val;People;00504;People/10-53f;People/10-53f/228.csv
val;People;00507;People/10-53f;People/10-53f/231.csv
val;People;00512;People/10-53f;People/10-53f/236.csv
val;People;00531;People/10-53f;People/10-53f/255.csv
val;People;00534;People/10-53f;People/10-53f/258.csv
val;People;00535;People/10-53f;People/10-53f/259.csv
val;People;00536;People/10-53f;People/10-53f/260.csv
val;People;00539;People/10-53f;People/10-53f/263.csv
val;People;00545;People/10-53f;People/10-53f/269.csv
val;People;00554;People/10-53i;People/10-53i/004.csv
val;People;00556;People/10-53i;People/10-53i/006.csv
val;People;00577;People/10-53i;People/10-53i/027.csv
val;People;00585;People/10-53i;People/10-53i/035.csv
val;People;00586;People/10-53i;People/10-53i/036.csv
val;People;00587;People/10-53i;People/10-53i/037.csv
val;People;00590;People/10-53i;People/10-53i/040.csv
val;People;00600;People/10-53i;People/10-53i/050.csv
val;People;00606;People/10-53i;People/10-53i/056.csv
val;People;00612;People/10-53i;People/10-53i/062.csv
val;People;00621;People/10-53i;People/10-53i/071.csv
val;People;00626;People/10-53i;People/10-53i/076.csv
val;People;00627;People/10-53i;People/10-53i/077.csv
val;People;00642;People/10-53i;People/10-53i/092.csv
val;People;00655;People/10-53i;People/10-53i/105.csv
val;People;00677;People/11-00f;People/11-00f/003.csv
val;People;00678;People/11-00f;People/11-00f/004.csv
val;People;00684;People/11-00f;People/11-00f/010.csv
val;People;00692;People/11-00f;People/11-00f/018.csv
val;People;00697;People/11-00f;People/11-00f/023.csv
val;People;00706;People/11-00f;People/11-00f/032.csv
val;People;00722;People/11-00f;People/11-00f/048.csv
val;People;00725;People/11-00f;People/11-00f/051.csv
val;People;00737;People/11-00f;People/11-00f/063.csv
val;People;00738;People/11-00f;People/11-00f/064.csv
val;People;00744;People/11-00f;People/11-00f/070.csv
val;People;00747;People/11-00f;People/11-00f/073.csv
val;People;00748;People/11-00f;People/11-00f/074.csv
val;People;00749;People/11-00f;People/11-00f/075.csv
val;People;00756;People/11-00f;People/11-00f/082.csv
val;People;00764;People/11-00f;People/11-00f/090.csv
val;People;00766;People/11-00f;People/11-00f/092.csv
val;People;00783;People/11-00f;People/11-00f/109.csv
val;People;00788;People/11-00f;People/11-00f/114.csv
val;People;00795;People/11-00f;People/11-00f/121.csv
val;People;00799;People/11-00i;People/11-00i/003.csv
val;People;00800;People/11-00i;People/11-00i/004.csv
val;People;00801;People/11-00i;People/11-00i/005.csv
val;People;00806;People/11-00i;People/11-00i/010.csv
val;People;00808;People/11-00i;People/11-00i/012.csv
val;People;00809;People/11-00i;People/11-00i/013.csv
val;People;00810;People/11-00i;People/11-00i/014.csv
val;People;00835;People/11-00i;People/11-00i/039.csv
val;People;00843;People/11-00i;People/11-00i/047.csv
val;People;00878;People/11-00i;People/11-00i/082.csv
val;People;00897;People/11-00i;People/11-00i/101.csv
val;People;00908;People/11-00i;People/11-00i/112.csv
val;People;00912;People/11-00i;People/11-00i/116.csv
val;People;00916;People/11-00i;People/11-00i/120.csv
val;People;00922;People/11-00i;People/11-00i/126.csv
val;People;00926;People/11-00i;People/11-00i/130.csv
val;People;00927;People/11-00i;People/11-00i/131.csv
val;People;00932;People/11-00i;People/11-00i/136.csv
val;People;00938;People/11-00i;People/11-00i/142.csv
val;People;00948;People/11-00i;People/11-00i/152.csv
val;People;00953;People/11-00i;People/11-00i/157.csv
val;People;00958;People/11-00i;People/11-00i/162.csv
val;People;00965;People/11-00i;People/11-00i/169.csv
val;People;00970;People/11-00i;People/11-00i/174.csv
val;People;00983;People/11-09f;People/11-09f/012.csv
val;People;01003;People/11-09f;People/11-09f/032.csv
val;People;01021;People/11-09f;People/11-09f/050.csv
val;People;01025;People/11-09f;People/11-09f/054.csv
val;People;01026;People/11-09f;People/11-09f/055.csv
val;People;01040;People/11-09f;People/11-09f/069.csv
val;People;01042;People/11-09f;People/11-09f/071.csv
val;People;01043;People/11-09f;People/11-09f/072.csv
val;People;01045;People/11-09f;People/11-09f/074.csv
val;People;01047;People/11-09f;People/11-09f/076.csv
val;People;01048;People/11-09f;People/11-09f/077.csv
val;People;01053;People/11-09f;People/11-09f/082.csv
val;People;01062;People/11-09f;People/11-09f/091.csv
val;People;01074;People/11-09f;People/11-09f/103.csv
val;People;01075;People/11-09f;People/11-09f/104.csv
val;People;01085;People/11-09f;People/11-09f/114.csv
val;People;01091;People/11-09f;People/11-09f/120.csv
val;People;01093;People/11-09f;People/11-09f/122.csv
val;People;01095;People/11-09f;People/11-09f/124.csv
val;People;01096;People/11-09f;People/11-09f/125.csv
val;People;01098;People/11-09f;People/11-09f/127.csv
val;People;01102;People/11-09f;People/11-09f/131.csv
val;People;01109;People/11-09f;People/11-09f/138.csv
val;People;01118;People/11-09f;People/11-09f/147.csv
val;People;01120;People/11-09f;People/11-09f/149.csv
val;People;01145;People/11-09f;People/11-09f/174.csv
val;People;01164;People/11-09f;People/11-09f/193.csv
val;People;01169;People/11-09i;People/11-09i/004.csv
val;People;01173;People/11-09i;People/11-09i/008.csv
val;People;01174;People/11-09i;People/11-09i/009.csv
val;People;01177;People/11-09i;People/11-09i/012.csv
val;People;01184;People/11-09i;People/11-09i/019.csv
val;People;01187;People/11-09i;People/11-09i/022.csv
val;People;01189;People/11-09i;People/11-09i/024.csv
val;People;01198;People/11-09i;People/11-09i/033.csv
val;People;01200;People/11-09i;People/11-09i/035.csv
val;People;01204;People/11-09i;People/11-09i/039.csv
val;People;01213;People/11-09i;People/11-09i/048.csv
val;People;01220;People/11-09i;People/11-09i/055.csv
val;People;01221;People/11-09i;People/11-09i/056.csv
val;People;01225;People/11-09i;People/11-09i/060.csv
val;People;01226;People/11-09i;People/11-09i/061.csv
val;People;01236;People/11-09i;People/11-09i/071.csv
val;People;01243;People/11-09i;People/11-09i/078.csv
val;People;01261;People/11-09i;People/11-09i/096.csv
val;People;01262;People/11-09i;People/11-09i/097.csv
val;People;01264;People/11-09i;People/11-09i/099.csv
val;People;01269;People/11-09i;People/11-09i/104.csv
val;People;01273;People/11-09i;People/11-09i/108.csv
val;People;01288;People/11-09i;People/11-09i/123.csv
val;People;01295;People/11-09i;People/11-09i/130.csv
val;People;01298;People/11-09i;People/11-09i/133.csv
val;People;01303;People/11-09i;People/11-09i/138.csv
val;People;01316;People/11-09i;People/11-09i/151.csv
val;People;01320;People/11-09i;People/11-09i/155.csv
val;People;01322;People/11-09i;People/11-09i/157.csv
val;People;01340;People/11-17f;People/11-17f/003.csv
val;People;01341;People/11-17f;People/11-17f/004.csv
val;People;01345;People/11-17f;People/11-17f/008.csv
val;People;01346;People/11-17f;People/11-17f/009.csv
val;People;01352;People/11-17f;People/11-17f/015.csv
val;People;01353;People/11-17f;People/11-17f/016.csv
val;People;01355;People/11-17f;People/11-17f/018.csv
val;People;01363;People/11-17f;People/11-17f/026.csv
val;People;01371;People/11-17f;People/11-17f/034.csv
val;People;01372;People/11-17f;People/11-17f/035.csv
val;People;01376;People/11-17f;People/11-17f/039.csv
val;People;01380;People/11-17f;People/11-17f/043.csv
val;People;01401;People/11-17f;People/11-17f/064.csv
val;People;01407;People/11-17f;People/11-17f/070.csv
val;People;01411;People/11-17f;People/11-17f/074.csv
val;People;01413;People/11-17f;People/11-17f/076.csv
val;People;01422;People/11-17f;People/11-17f/085.csv
val;People;01426;People/11-17f;People/11-17f/089.csv
val;People;01427;People/11-17f;People/11-17f/090.csv
val;People;01434;People/11-17f;People/11-17f/097.csv
val;People;01437;People/11-17f;People/11-17f/100.csv
val;People;01439;People/11-17f;People/11-17f/102.csv
val;People;01447;People/11-17f;People/11-17f/110.csv
val;People;01452;People/11-17f;People/11-17f/115.csv
val;People;01466;People/11-17f;People/11-17f/129.csv
val;People;01469;People/11-17f;People/11-17f/132.csv
val;People;01472;People/11-17f;People/11-17f/135.csv
val;People;01478;People/11-17f;People/11-17f/141.csv
val;People;01481;People/11-17f;People/11-17f/144.csv
val;People;01486;People/11-17f;People/11-17f/149.csv
val;People;01497;People/11-17f;People/11-17f/160.csv
val;People;01499;People/11-17f;People/11-17f/162.csv
val;People;01500;People/11-17f;People/11-17f/163.csv
val;People;01502;People/11-17f;People/11-17f/165.csv
val;People;01512;People/11-17f;People/11-17f/175.csv
val;People;01514;People/11-17f;People/11-17f/177.csv
val;People;01515;People/11-17f;People/11-17f/178.csv
val;People;01536;People/11-17i;People/11-17i/010.csv
val;People;01537;People/11-17i;People/11-17i/011.csv
val;People;01540;People/11-17i;People/11-17i/014.csv
val;People;01546;People/11-17i;People/11-17i/020.csv
val;People;01555;People/11-17i;People/11-17i/029.csv
val;People;01558;People/11-17i;People/11-17i/032.csv
val;People;01560;People/11-17i;People/11-17i/034.csv
val;People;01576;People/11-17i;People/11-17i/050.csv
val;People;01581;People/11-17i;People/11-17i/055.csv
val;People;01583;People/11-17i;People/11-17i/057.csv
val;People;01594;People/11-17i;People/11-17i/068.csv
val;People;01596;People/11-17i;People/11-17i/070.csv
val;People;01601;People/11-17i;People/11-17i/075.csv
val;People;01612;People/11-17i;People/11-17i/086.csv
val;People;01618;People/11-17i;People/11-17i/092.csv
val;People;01619;People/11-17i;People/11-17i/093.csv
val;People;01621;People/11-17i;People/11-17i/095.csv
val;People;01631;People/11-17i;People/11-17i/105.csv
val;People;01633;People/11-17i;People/11-17i/107.csv
val;People;01653;People/11-17i;People/11-17i/127.csv
val;People;01655;People/11-17i;People/11-17i/129.csv
val;People;01657;People/11-17i;People/11-17i/131.csv
val;People;01658;People/11-17i;People/11-17i/132.csv
val;People;01670;People/11-17i;People/11-17i/144.csv
val;People;01672;People/11-17i;People/11-17i/146.csv
val;People;01695;People/11-23f;People/11-23f/009.csv
val;People;01700;People/11-23f;People/11-23f/014.csv
val;People;01703;People/11-23f;People/11-23f/017.csv
val;People;01719;People/11-23f;People/11-23f/033.csv
val;People;01727;People/11-23f;People/11-23f/041.csv
val;People;01730;People/11-23f;People/11-23f/044.csv
val;People;01731;People/11-23f;People/11-23f/045.csv
val;People;01733;People/11-23f;People/11-23f/047.csv
val;People;01741;People/11-23f;People/11-23f/055.csv
val;People;01744;People/11-23f;People/11-23f/058.csv
val;People;01745;People/11-23f;People/11-23f/059.csv
val;People;01749;People/11-23f;People/11-23f/063.csv
val;People;01756;People/11-23f;People/11-23f/070.csv
val;People;01757;People/11-23f;People/11-23f/071.csv
val;People;01761;People/11-23f;People/11-23f/075.csv
val;People;01769;People/11-23f;People/11-23f/083.csv
val;People;01783;People/11-23f;People/11-23f/097.csv
val;People;01787;People/11-23f;People/11-23f/101.csv
val;People;01790;People/11-23f;People/11-23f/104.csv
val;People;01792;People/11-23f;People/11-23f/106.csv
val;People;01802;People/11-23f;People/11-23f/116.csv
val;People;01806;People/11-23f;People/11-23f/120.csv
val;People;01821;People/11-23f;People/11-23f/135.csv
val;People;01826;People/11-23f;People/11-23f/140.csv
val;People;01832;People/11-23f;People/11-23f/146.csv
val;People;01833;People/11-23f;People/11-23f/147.csv
val;People;01840;People/11-23i;People/11-23i/007.csv
val;People;01841;People/11-23i;People/11-23i/008.csv
val;People;01863;People/11-23i;People/11-23i/030.csv
val;People;01868;People/11-23i;People/11-23i/035.csv
val;People;01870;People/11-23i;People/11-23i/037.csv
val;People;01872;People/11-23i;People/11-23i/039.csv
val;People;01873;People/11-23i;People/11-23i/040.csv
val;People;01880;People/11-23i;People/11-23i/047.csv
val;People;01887;People/11-23i;People/11-23i/054.csv
val;People;01889;People/11-23i;People/11-23i/056.csv
val;People;01892;People/11-23i;People/11-23i/059.csv
val;People;01894;People/11-23i;People/11-23i/061.csv
val;People;01898;People/11-23i;People/11-23i/065.csv
val;People;01903;People/11-23i;People/11-23i/070.csv
val;People;01906;People/11-23i;People/11-23i/073.csv
val;People;01913;People/11-23i;People/11-23i/080.csv
val;People;01919;People/11-23i;People/11-23i/086.csv
val;People;01920;People/11-23i;People/11-23i/087.csv
val;People;01922;People/11-23i;People/11-23i/089.csv
val;People;01935;People/11-23i;People/11-23i/102.csv
val;People;01941;People/11-23i;People/11-23i/108.csv
val;People;01942;People/11-23i;People/11-23i/109.csv
val;People;01946;People/11-23i;People/11-23i/113.csv
val;People;01957;People/11-23i;People/11-23i/124.csv
val;People;01964;People/11-23i;People/11-23i/131.csv
val;People;01965;People/11-23i;People/11-23i/132.csv
val;People;01966;People/11-23i;People/11-23i/133.csv
val;People;02019;People/12-14f;People/12-14f/025.csv
val;People;02032;People/12-14f;People/12-14f/038.csv
val;People;02043;People/12-14f;People/12-14f/049.csv
val;People;02054;People/12-14f;People/12-14f/060.csv
val;People;02058;People/12-14f;People/12-14f/064.csv
val;People;02092;People/12-14f;People/12-14f/098.csv
val;People;02096;People/12-14f;People/12-14f/102.csv
val;People;02099;People/12-14f;People/12-14f/105.csv
val;People;02104;People/12-14f;People/12-14f/110.csv
val;People;02108;People/12-14f;People/12-14f/114.csv
val;People;02111;People/12-14f;People/12-14f/117.csv
val;People;02113;People/12-14f;People/12-14f/119.csv
val;People;02119;People/12-14f;People/12-14f/125.csv
val;People;02120;People/12-14f;People/12-14f/126.csv
val;People;02133;People/12-14f;People/12-14f/139.csv
val;People;02139;People/12-14f;People/12-14f/145.csv
val;People;02143;People/12-14f;People/12-14f/149.csv
val;People;02154;People/12-14f;People/12-14f/160.csv
val;People;02156;People/12-14f;People/12-14f/162.csv
val;People;02165;People/12-14f;People/12-14f/171.csv
val;People;02167;People/12-14f;People/12-14f/173.csv
val;People;02168;People/12-14f;People/12-14f/174.csv
val;People;02169;People/12-14f;People/12-14f/175.csv
val;People;02178;People/12-14f;People/12-14f/184.csv
val;People;02184;People/12-14f;People/12-14f/190.csv
val;People;02185;People/12-14f;People/12-14f/191.csv
val;People;02192;People/12-14f;People/12-14f/198.csv
val;People;02200;People/12-14f;People/12-14f/206.csv
val;People;02207;People/12-14f;People/12-14f/213.csv
val;People;02226;People/12-14f;People/12-14f/232.csv
val;People;02228;People/12-14f;People/12-14f/234.csv
val;People;02230;People/12-14f;People/12-14f/236.csv
val;People;02250;People/12-14f;People/12-14f/256.csv
val;People;02252;People/12-14f;People/12-14f/258.csv
val;People;02253;People/12-14f;People/12-14f/259.csv
val;People;02255;People/12-14f;People/12-14f/261.csv
val;People;02264;People/12-14f;People/12-14f/270.csv
val;People;02265;People/12-14f;People/12-14f/271.csv
val;People;02272;People/12-14f;People/12-14f/278.csv
val;People;02276;People/12-14f;People/12-14f/282.csv
val;People;02277;People/12-14f;People/12-14f/283.csv
val;People;02284;People/12-14f;People/12-14f/290.csv
val;People;02285;People/12-14f;People/12-14f/291.csv
val;People;02289;People/12-14f;People/12-14f/295.csv
val;People;02300;People/12-14f;People/12-14f/306.csv
val;People;02303;People/12-14f;People/12-14f/309.csv
val;People;02304;People/12-14f;People/12-14f/310.csv
val;People;02305;People/12-14f;People/12-14f/311.csv
val;People;02311;People/12-14f;People/12-14f/317.csv
val;People;02318;People/12-14f;People/12-14f/324.csv
val;People;02334;People/12-14f;People/12-14f/340.csv
val;People;02338;People/12-14f;People/12-14f/344.csv
val;People;02339;People/12-14f;People/12-14f/345.csv
val;People;02349;People/12-14f;People/12-14f/355.csv
val;People;02405;People/12-14i;People/12-14i/031.csv
val;People;02408;People/12-14i;People/12-14i/034.csv
val;People;02411;People/12-14i;People/12-14i/037.csv
val;People;02433;People/12-14i;People/12-14i/059.csv
val;People;02437;People/12-14i;People/12-14i/063.csv
val;People;02446;People/12-14i;People/12-14i/072.csv
val;People;02448;People/12-14i;People/12-14i/074.csv
val;People;02454;People/12-14i;People/12-14i/080.csv
val;People;02459;People/12-14i;People/12-14i/085.csv
val;People;02466;People/12-14i;People/12-14i/092.csv
val;People;02474;People/12-14i;People/12-14i/100.csv
val;People;02477;People/12-14i;People/12-14i/103.csv
val;People;02485;People/12-14i;People/12-14i/111.csv
val;People;02489;People/12-14i;People/12-14i/115.csv
val;People;02516;People/12-14i;People/12-14i/142.csv
val;People;02517;People/12-14i;People/12-14i/143.csv
val;People;02522;People/12-14i;People/12-14i/148.csv
val;People;02524;People/12-14i;People/12-14i/150.csv
val;People;02535;People/12-14i;People/12-14i/161.csv
val;People;02550;People/12-14i;People/12-14i/176.csv
val;People;02560;People/12-14i;People/12-14i/186.csv
val;People;02573;People/12-14i;People/12-14i/199.csv
val;People;02576;People/12-14i;People/12-14i/202.csv
val;People;02580;People/12-14i;People/12-14i/206.csv
val;People;02583;People/12-14i;People/12-14i/209.csv
val;People;02586;People/12-14i;People/12-14i/212.csv
val;People;02593;People/12-14i;People/12-14i/219.csv
val;People;02595;People/12-14i;People/12-14i/221.csv
val;People;02616;People/12-21f;People/12-21f/015.csv
val;People;02620;People/12-21f;People/12-21f/019.csv
val;People;02623;People/12-21f;People/12-21f/022.csv
val;People;02624;People/12-21f;People/12-21f/023.csv
val;People;02643;People/12-21f;People/12-21f/042.csv
val;People;02648;People/12-21f;People/12-21f/047.csv
val;People;02651;People/12-21f;People/12-21f/050.csv
val;People;02654;People/12-21f;People/12-21f/053.csv
val;People;02655;People/12-21f;People/12-21f/054.csv
val;People;02657;People/12-21f;People/12-21f/056.csv
val;People;02663;People/12-21f;People/12-21f/062.csv
val;People;02665;People/12-21f;People/12-21f/064.csv
val;People;02674;People/12-21f;People/12-21f/073.csv
val;People;02684;People/12-21f;People/12-21f/083.csv
val;People;02688;People/12-21f;People/12-21f/087.csv
val;People;02689;People/12-21f;People/12-21f/088.csv
val;People;02705;People/12-21f;People/12-21f/104.csv
val;People;02719;People/12-21f;People/12-21f/118.csv
val;People;02723;People/12-21f;People/12-21f/122.csv
val;People;02742;People/12-21f;People/12-21f/141.csv
val;People;02743;People/12-21f;People/12-21f/142.csv
val;People;02756;People/12-21f;People/12-21f/155.csv
val;People;02760;People/12-21f;People/12-21f/159.csv
val;People;02766;People/12-21f;People/12-21f/165.csv
val;People;02782;People/12-21f;People/12-21f/181.csv
val;People;02790;People/12-21f;People/12-21f/189.csv
val;People;02802;People/12-21f;People/12-21f/201.csv
val;People;02805;People/12-21f;People/12-21f/204.csv
val;People;02806;People/12-21f;People/12-21f/205.csv
val;People;02819;People/12-21f;People/12-21f/218.csv
val;People;02821;People/12-21f;People/12-21f/220.csv
val;People;02822;People/12-21f;People/12-21f/221.csv
val;People;02826;People/12-21f;People/12-21f/225.csv
val;People;02836;People/12-21f;People/12-21f/235.csv
val;People;02844;People/12-21f;People/12-21f/243.csv
val;People;02847;People/12-21f;People/12-21f/246.csv
val;People;02848;People/12-21f;People/12-21f/247.csv
val;People;02851;People/12-21f;People/12-21f/250.csv
val;People;02852;People/12-21f;People/12-21f/251.csv
val;People;02860;People/12-21f;People/12-21f/259.csv
val;People;02863;People/12-21i;People/12-21i/003.csv
val;People;02865;People/12-21i;People/12-21i/005.csv
val;People;02878;People/12-21i;People/12-21i/018.csv
val;People;02881;People/12-21i;People/12-21i/021.csv
val;People;02883;People/12-21i;People/12-21i/023.csv
val;People;02884;People/12-21i;People/12-21i/024.csv
val;People;02887;People/12-21i;People/12-21i/027.csv
val;People;02891;People/12-21i;People/12-21i/031.csv
val;People;02894;People/12-21i;People/12-21i/034.csv
val;People;02896;People/12-21i;People/12-21i/036.csv
val;People;02900;People/12-21i;People/12-21i/040.csv
val;People;02903;People/12-21i;People/12-21i/043.csv
val;People;02907;People/12-21i;People/12-21i/047.csv
val;People;02909;People/12-21i;People/12-21i/049.csv
val;People;02917;People/12-21i;People/12-21i/057.csv
val;People;02926;People/12-21i;People/12-21i/066.csv
val;People;02927;People/12-21i;People/12-21i/067.csv
val;People;02930;People/12-21i;People/12-21i/070.csv
val;People;02940;People/12-21i;People/12-21i/080.csv
val;People;02958;People/12-21i;People/12-21i/098.csv
val;People;02967;People/12-21i;People/12-21i/107.csv
val;People;02973;People/12-21i;People/12-21i/113.csv
val;People;02978;People/12-21i;People/12-21i/118.csv
val;People;02996;People/12-21i;People/12-21i/136.csv
val;People;03007;People/12-21i;People/12-21i/147.csv
val;People;03008;People/12-21i;People/12-21i/148.csv
val;People;03018;People/12-21i;People/12-21i/158.csv
val;People;03025;People/12-21i;People/12-21i/165.csv
val;People;03036;People/12-21i;People/12-21i/176.csv
val;People;03046;People/12-21i;People/12-21i/186.csv
val;People;03050;People/12-21i;People/12-21i/190.csv
val;People;03077;People/12-21i;People/12-21i/217.csv
val;People;03078;People/12-21i;People/12-21i/218.csv
val;People;03081;People/12-21i;People/12-21i/221.csv
val;People;03083;People/12-21i;People/12-21i/223.csv
val;People;03090;People/12-21i;People/12-21i/230.csv
val;People;03091;People/12-21i;People/12-21i/231.csv
val;People;03110;People/12-21i;People/12-21i/250.csv
val;People;03114;People/12-21i;People/12-21i/254.csv
val;People;03115;People/12-21i;People/12-21i/255.csv
val;People;03129;People/12-29f;People/12-29f/002.csv
val;People;03149;People/12-29f;People/12-29f/022.csv
val;People;03164;People/12-29f;People/12-29f/037.csv
val;People;03165;People/12-29f;People/12-29f/038.csv
val;People;03167;People/12-29f;People/12-29f/040.csv
val;People;03168;People/12-29f;People/12-29f/041.csv
val;People;03170;People/12-29f;People/12-29f/043.csv
val;People;03173;People/12-29f;People/12-29f/046.csv
val;People;03182;People/12-29f;People/12-29f/055.csv
val;People;03185;People/12-29f;People/12-29f/058.csv
val;People;03188;People/12-29f;People/12-29f/061.csv
val;People;03197;People/12-29f;People/12-29f/070.csv
val;People;03205;People/12-29f;People/12-29f/078.csv
val;People;03209;People/12-29f;People/12-29f/082.csv
val;People;03210;People/12-29f;People/12-29f/083.csv
val;People;03228;People/12-29f;People/12-29f/101.csv
val;People;03232;People/12-29f;People/12-29f/105.csv
val;People;03241;People/12-29f;People/12-29f/114.csv
val;People;03246;People/12-29f;People/12-29f/119.csv
val;People;03247;People/12-29f;People/12-29f/120.csv
val;People;03253;People/12-29f;People/12-29f/126.csv
val;People;03258;People/12-29f;People/12-29f/131.csv
val;People;03269;People/12-29f;People/12-29f/142.csv
val;People;03286;People/12-29f;People/12-29f/159.csv
val;People;03287;People/12-29f;People/12-29f/160.csv
val;People;03304;People/12-29f;People/12-29f/177.csv
val;People;03308;People/12-29f;People/12-29f/181.csv
val;People;03316;People/12-29f;People/12-29f/189.csv
val;People;03318;People/12-29f;People/12-29f/191.csv
val;People;03329;People/12-29f;People/12-29f/202.csv
val;People;03338;People/12-29f;People/12-29f/211.csv
val;People;03356;People/12-29f;People/12-29f/229.csv
val;People;03363;People/12-29i;People/12-29i/006.csv
val;People;03371;People/12-29i;People/12-29i/014.csv
val;People;03382;People/12-29i;People/12-29i/025.csv
val;People;03387;People/12-29i;People/12-29i/030.csv
val;People;03389;People/12-29i;People/12-29i/032.csv
val;People;03393;People/12-29i;People/12-29i/036.csv
val;People;03400;People/12-29i;People/12-29i/043.csv
val;People;03401;People/12-29i;People/12-29i/044.csv
val;People;03406;People/12-29i;People/12-29i/049.csv
val;People;03411;People/12-29i;People/12-29i/054.csv
val;People;03415;People/12-29i;People/12-29i/058.csv
val;People;03423;People/12-29i;People/12-29i/066.csv
val;People;03442;People/12-29i;People/12-29i/085.csv
val;People;03443;People/12-29i;People/12-29i/086.csv
val;People;03455;People/12-29i;People/12-29i/098.csv
val;People;03468;People/12-29i;People/12-29i/111.csv
val;People;03471;People/12-29i;People/12-29i/114.csv
val;People;03476;People/12-29i;People/12-29i/119.csv
val;People;03480;People/12-29i;People/12-29i/123.csv
val;People;03481;People/12-29i;People/12-29i/124.csv
val;People;03483;People/12-29i;People/12-29i/126.csv
val;People;03488;People/12-29i;People/12-29i/131.csv
val;People;03492;People/12-29i;People/12-29i/135.csv
val;People;03493;People/12-29i;People/12-29i/136.csv
val;People;03495;People/12-29i;People/12-29i/138.csv
val;People;03498;People/12-29i;People/12-29i/141.csv
val;People;03505;People/12-29i;People/12-29i/148.csv
val;People;03506;People/12-29i;People/12-29i/149.csv
val;People;03510;People/12-29i;People/12-29i/153.csv
val;People;03525;People/12-29i;People/12-29i/168.csv
val;People;03535;People/12-29i;People/12-29i/178.csv
val;People;03536;People/12-29i;People/12-29i/179.csv
val;People;03541;People/12-29i;People/12-29i/184.csv
val;People;03542;People/12-29i;People/12-29i/185.csv
val;People;03544;People/12-29i;People/12-29i/187.csv
val;People;03553;People/12-29i;People/12-29i/196.csv
val;People;03561;People/12-29i;People/12-29i/204.csv
val;People;03568;People/12-29i;People/12-29i/211.csv
val;People;03571;People/12-29i;People/12-29i/214.csv
val;People;03581;People/12-29i;People/12-29i/224.csv
val;People;03584;People/12-29i;People/12-29i/227.csv
val;People;03593;People/12-29i;People/12-29i/236.csv
val;People;03606;People/12-38f;People/12-38f/010.csv
val;People;03623;People/12-38f;People/12-38f/027.csv
val;People;03627;People/12-38f;People/12-38f/031.csv
val;People;03629;People/12-38f;People/12-38f/033.csv
val;People;03635;People/12-38f;People/12-38f/039.csv
val;People;03652;People/12-38f;People/12-38f/056.csv
val;People;03662;People/12-38f;People/12-38f/066.csv
val;People;03681;People/12-38f;People/12-38f/085.csv
val;People;03689;People/12-38f;People/12-38f/093.csv
val;People;03699;People/12-38f;People/12-38f/103.csv
val;People;03704;People/12-38f;People/12-38f/108.csv
val;People;03707;People/12-38f;People/12-38f/111.csv
val;People;03718;People/12-38f;People/12-38f/122.csv
val;People;03732;People/12-38f;People/12-38f/136.csv
val;People;03750;People/12-38f;People/12-38f/154.csv
val;People;03752;People/12-38f;People/12-38f/156.csv
val;People;03754;People/12-38f;People/12-38f/158.csv
val;People;03759;People/12-38f;People/12-38f/163.csv
val;People;03774;People/12-38f;People/12-38f/178.csv
val;People;03783;People/12-38f;People/12-38f/187.csv
val;People;03786;People/12-38f;People/12-38f/190.csv
val;People;03787;People/12-38f;People/12-38f/191.csv
val;People;03802;People/12-38f;People/12-38f/206.csv
val;People;03804;People/12-38f;People/12-38f/208.csv
val;People;03817;People/12-38i;People/12-38i/006.csv
val;People;03818;People/12-38i;People/12-38i/007.csv
val;People;03820;People/12-38i;People/12-38i/009.csv
val;People;03826;People/12-38i;People/12-38i/015.csv
val;People;03827;People/12-38i;People/12-38i/016.csv
val;People;03843;People/12-38i;People/12-38i/032.csv
val;People;03845;People/12-38i;People/12-38i/034.csv
val;People;03850;People/12-38i;People/12-38i/039.csv
val;People;03858;People/12-38i;People/12-38i/047.csv
val;People;03860;People/12-38i;People/12-38i/049.csv
val;People;03865;People/12-38i;People/12-38i/054.csv
val;People;03876;People/12-38i;People/12-38i/065.csv
val;People;03882;People/12-38i;People/12-38i/071.csv
val;People;03893;People/12-38i;People/12-38i/082.csv
val;People;03897;People/12-38i;People/12-38i/086.csv
val;People;03899;People/12-38i;People/12-38i/088.csv
val;People;03908;People/12-38i;People/12-38i/097.csv
val;People;03911;People/12-38i;People/12-38i/100.csv
val;People;03913;People/12-38i;People/12-38i/102.csv
val;People;03916;People/12-38i;People/12-38i/105.csv
val;People;03937;People/12-38i;People/12-38i/126.csv
val;People;03938;People/12-38i;People/12-38i/127.csv
val;People;03941;People/12-38i;People/12-38i/130.csv
val;People;03946;People/12-38i;People/12-38i/135.csv
val;People;03948;People/12-38i;People/12-38i/137.csv
val;People;03957;People/12-38i;People/12-38i/146.csv
val;People;03959;People/12-38i;People/12-38i/148.csv
val;People;03962;People/12-38i;People/12-38i/151.csv
val;People;03972;People/12-38i;People/12-38i/161.csv
val;People;03978;People/12-38i;People/12-38i/167.csv
val;People;03996;People/12-38i;People/12-38i/185.csv
val;People;04004;People/12-38i;People/12-38i/193.csv
val;People;04007;People/12-38i;People/12-38i/196.csv
val;People;04023;People/12-38i;People/12-38i/212.csv
val;People;04026;People/12-38i;People/12-38i/215.csv
val;People;04031;People/12-38i;People/12-38i/220.csv
val;People;04047;People/12-38i;People/12-38i/236.csv
val;People;04052;People/12-38i;People/12-38i/241.csv
val;People;04055;People/12-38i;People/12-38i/244.csv
val;People;04079;People/12-43f;People/12-43f/002.csv
val;People;04088;People/12-43f;People/12-43f/011.csv
val;People;04089;People/12-43f;People/12-43f/012.csv
val;People;04103;People/12-43f;People/12-43f/026.csv
val;People;04109;People/12-43f;People/12-43f/032.csv
val;People;04111;People/12-43f;People/12-43f/034.csv
val;People;04113;People/12-43f;People/12-43f/036.csv
val;People;04126;People/12-43f;People/12-43f/049.csv
val;People;04142;People/12-43f;People/12-43f/065.csv
val;People;04150;People/12-43f;People/12-43f/073.csv
val;People;04153;People/12-43f;People/12-43f/076.csv
val;People;04170;People/12-43f;People/12-43f/093.csv
val;People;04173;People/12-43f;People/12-43f/096.csv
val;People;04174;People/12-43f;People/12-43f/097.csv
val;People;04185;People/12-43f;People/12-43f/108.csv
val;People;04190;People/12-43f;People/12-43f/113.csv
val;People;04191;People/12-43f;People/12-43f/114.csv
val;People;04202;People/12-43f;People/12-43f/125.csv
val;People;04205;People/12-43f;People/12-43f/128.csv
val;People;04206;People/12-43f;People/12-43f/129.csv
val;People;04217;People/12-43f;People/12-43f/140.csv
val;People;04223;People/12-43f;People/12-43f/146.csv
val;People;04229;People/12-43f;People/12-43f/152.csv
val;People;04231;People/12-43f;People/12-43f/154.csv
val;People;04234;People/12-43f;People/12-43f/157.csv
val;People;04246;People/12-43f;People/12-43f/169.csv
val;People;04247;People/12-43f;People/12-43f/170.csv
val;People;04258;People/12-43f;People/12-43f/181.csv
val;People;04267;People/12-43f;People/12-43f/190.csv
val;People;04271;People/12-43f;People/12-43f/194.csv
val;People;04276;People/12-43f;People/12-43f/199.csv
val;People;04285;People/12-43f;People/12-43f/208.csv
val;People;04297;People/12-43f;People/12-43f/220.csv
val;People;04303;People/12-43f;People/12-43f/226.csv
val;People;04310;People/12-43f;People/12-43f/233.csv
val;People;04314;People/12-43f;People/12-43f/237.csv
val;People;04319;People/12-43f;People/12-43f/242.csv
val;People;04327;People/12-43f;People/12-43f/250.csv
val;People;04328;People/12-43f;People/12-43f/251.csv
val;People;04332;People/12-43f;People/12-43f/255.csv
val;People;04340;People/12-43f;People/12-43f/263.csv
val;People;04341;People/12-43f;People/12-43f/264.csv
val;People;04354;People/12-43f;People/12-43f/277.csv
val;People;04360;People/12-43f;People/12-43f/283.csv
val;People;04374;People/12-43i;People/12-43i/014.csv
val;People;04375;People/12-43i;People/12-43i/015.csv
val;People;04378;People/12-43i;People/12-43i/018.csv
val;People;04385;People/12-43i;People/12-43i/025.csv
val;People;04386;People/12-43i;People/12-43i/026.csv
val;People;04388;People/12-43i;People/12-43i/028.csv
val;People;04393;People/12-43i;People/12-43i/033.csv
val;People;04394;People/12-43i;People/12-43i/034.csv
val;People;04402;People/12-43i;People/12-43i/042.csv
val;People;04408;People/12-43i;People/12-43i/048.csv
val;People;04411;People/12-43i;People/12-43i/051.csv
val;People;04439;People/12-43i;People/12-43i/079.csv
val;People;04443;People/12-43i;People/12-43i/083.csv
val;People;04451;People/12-43i;People/12-43i/091.csv
val;People;04457;People/12-43i;People/12-43i/097.csv
val;People;04473;People/12-43i;People/12-43i/113.csv
val;People;04501;People/12-43i;People/12-43i/141.csv
val;People;04504;People/12-43i;People/12-43i/144.csv
val;People;04508;People/12-43i;People/12-43i/148.csv
val;People;04509;People/12-43i;People/12-43i/149.csv
val;People;04513;People/12-43i;People/12-43i/153.csv
val;People;04519;People/12-43i;People/12-43i/159.csv
val;People;04520;People/12-43i;People/12-43i/160.csv
val;People;04526;People/12-43i;People/12-43i/166.csv
val;People;04532;People/12-43i;People/12-43i/172.csv
val;People;04536;People/12-43i;People/12-43i/176.csv
val;People;04539;People/12-43i;People/12-43i/179.csv
val;People;04546;People/12-43i;People/12-43i/186.csv
val;People;04568;People/12-43i;People/12-43i/208.csv
val;People;04587;People/12-43i;People/12-43i/227.csv
val;People;04598;People/12-43i;People/12-43i/238.csv
val;People;04605;People/12-43i;People/12-43i/245.csv
val;People;04607;People/12-43i;People/12-43i/247.csv
val;People;04618;People/12-43i;People/12-43i/258.csv
val;People;04636;People/12-43i;People/12-43i/276.csv
val;People;04641;People/12-43i;People/12-43i/281.csv
val;People;04644;People/12-43i;People/12-43i/284.csv
val;People;04650;People/12-43i;People/12-43i/290.csv
val;People;04664;People/12-43i;People/12-43i/304.csv
val;People;04669;People/12-43i;People/12-43i/309.csv
val;People;04670;People/12-43i;People/12-43i/310.csv
val;People;04675;People/12-43i;People/12-43i/315.csv
val;People;04678;People/12-43i;People/12-43i/318.csv
val;People;04680;People/12-43i;People/12-43i/320.csv
val;People;04685;People/12-43i;People/12-43i/325.csv
val;People;04687;People/12-43i;People/12-43i/327.csv
val;People;04715;People/12-50f;People/12-50f/010.csv
val;People;04728;People/12-50f;People/12-50f/023.csv
val;People;04732;People/12-50f;People/12-50f/027.csv
val;People;04739;People/12-50f;People/12-50f/034.csv
val;People;04744;People/12-50f;People/12-50f/039.csv
val;People;04748;People/12-50f;People/12-50f/043.csv
val;People;04761;People/12-50f;People/12-50f/056.csv
val;People;04765;People/12-50f;People/12-50f/060.csv
val;People;04773;People/12-50f;People/12-50f/068.csv
val;People;04782;People/12-50f;People/12-50f/077.csv
val;People;04783;People/12-50f;People/12-50f/078.csv
val;People;04788;People/12-50f;People/12-50f/083.csv
val;People;04795;People/12-50f;People/12-50f/090.csv
val;People;04797;People/12-50f;People/12-50f/092.csv
val;People;04813;People/12-50f;People/12-50f/108.csv
val;People;04819;People/12-50f;People/12-50f/114.csv
val;People;04824;People/12-50f;People/12-50f/119.csv
val;People;04828;People/12-50f;People/12-50f/123.csv
val;People;04830;People/12-50f;People/12-50f/125.csv
val;People;04833;People/12-50f;People/12-50f/128.csv
val;People;04845;People/12-50f;People/12-50f/140.csv
val;People;04848;People/12-50f;People/12-50f/143.csv
val;People;04856;People/12-50f;People/12-50f/151.csv
val;People;04861;People/12-50f;People/12-50f/156.csv
val;People;04872;People/12-50f;People/12-50f/167.csv
val;People;04873;People/12-50f;People/12-50f/168.csv
val;People;04883;People/12-50f;People/12-50f/178.csv
val;People;04903;People/12-50f;People/12-50f/198.csv
val;People;04905;People/12-50f;People/12-50f/200.csv
val;People;04906;People/12-50f;People/12-50f/201.csv
val;People;04907;People/12-50f;People/12-50f/202.csv
val;People;04937;People/12-50f;People/12-50f/232.csv
val;People;04941;People/12-50f;People/12-50f/236.csv
val;People;04943;People/12-50f;People/12-50f/238.csv
val;People;04952;People/12-50f;People/12-50f/247.csv
val;People;04967;People/12-50f;People/12-50f/262.csv
val;People;04987;People/12-50f;People/12-50f/282.csv
val;People;04990;People/12-50f;People/12-50f/285.csv
val;People;05000;People/12-50f;People/12-50f/295.csv
val;People;05003;People/12-50f;People/12-50f/298.csv
val;People;05012;People/12-50f;People/12-50f/307.csv
val;People;05026;People/12-50f;People/12-50f/321.csv
val;People;05029;People/12-50f;People/12-50f/324.csv
val;People;05037;People/12-50f;People/12-50f/332.csv
val;People;05050;People/12-50f;People/12-50f/345.csv
val;People;05051;People/12-50f;People/12-50f/346.csv
val;People;05059;People/12-50f;People/12-50f/354.csv
val;People;05060;People/12-50f;People/12-50f/355.csv
val;People;05068;People/12-50f;People/12-50f/363.csv
val;People;05080;People/12-50f;People/12-50f/375.csv
val;People;05085;People/12-50f;People/12-50f/380.csv
val;People;05096;People/12-50i;People/12-50i/010.csv
val;People;05114;People/12-50i;People/12-50i/028.csv
val;People;05118;People/12-50i;People/12-50i/032.csv
val;People;05122;People/12-50i;People/12-50i/036.csv
val;People;05124;People/12-50i;People/12-50i/038.csv
val;People;05142;People/12-50i;People/12-50i/056.csv
val;People;05151;People/12-50i;People/12-50i/065.csv
val;People;05156;People/12-50i;People/12-50i/070.csv
val;People;05158;People/12-50i;People/12-50i/072.csv
val;People;05163;People/12-50i;People/12-50i/077.csv
val;People;05164;People/12-50i;People/12-50i/078.csv
val;People;05167;People/12-50i;People/12-50i/081.csv
val;People;05170;People/12-50i;People/12-50i/084.csv
val;People;05172;People/12-50i;People/12-50i/086.csv
val;People;05175;People/12-50i;People/12-50i/089.csv
val;People;05180;People/12-50i;People/12-50i/094.csv
val;People;05188;People/12-50i;People/12-50i/102.csv
val;People;05191;People/12-50i;People/12-50i/105.csv
val;People;05196;People/12-50i;People/12-50i/110.csv
val;People;05203;People/12-50i;People/12-50i/117.csv
val;People;05206;People/12-50i;People/12-50i/120.csv
val;People;05207;People/12-50i;People/12-50i/121.csv
val;People;05210;People/12-50i;People/12-50i/124.csv
val;People;05211;People/12-50i;People/12-50i/125.csv
val;People;05215;People/12-50i;People/12-50i/129.csv
val;People;05225;People/12-50i;People/12-50i/139.csv
val;People;05230;People/12-50i;People/12-50i/144.csv
val;People;05234;People/12-50i;People/12-50i/148.csv
val;People;05244;People/12-50i;People/12-50i/158.csv
val;People;05253;People/12-50i;People/12-50i/167.csv
val;People;05258;People/12-50i;People/12-50i/172.csv
val;People;05261;People/12-50i;People/12-50i/175.csv
val;People;05271;People/12-50i;People/12-50i/185.csv
val;People;05274;People/12-50i;People/12-50i/188.csv
val;People;05282;People/12-50i;People/12-50i/196.csv
val;People;05283;People/12-50i;People/12-50i/197.csv
val;People;05308;People/12-50i;People/12-50i/222.csv
val;People;05314;People/12-50i;People/12-50i/228.csv
val;People;05318;People/12-50i;People/12-50i/232.csv
val;People;05350;People/12-50i;People/12-50i/264.csv
val;People;05357;People/12-50i;People/12-50i/271.csv
val;People;05365;People/12-50i;People/12-50i/279.csv
val;People;05372;People/12-50i;People/12-50i/286.csv
val;People;05379;People/12-50i;People/12-50i/293.csv
val;People;05381;People/12-50i;People/12-50i/295.csv
val;People;05396;People/12-50i;People/12-50i/310.csv
val;People;05403;People/12-50i;People/12-50i/317.csv
val;People;05408;People/12-50i;People/12-50i/322.csv
val;People;05413;People/12-57f;People/12-57f/005.csv
val;People;05420;People/12-57f;People/12-57f/012.csv
val;People;05430;People/12-57f;People/12-57f/022.csv
val;People;05440;People/12-57f;People/12-57f/032.csv
val;People;05446;People/12-57f;People/12-57f/038.csv
val;People;05448;People/12-57f;People/12-57f/040.csv
val;People;05452;People/12-57f;People/12-57f/044.csv
val;People;05453;People/12-57f;People/12-57f/045.csv
val;People;05456;People/12-57f;People/12-57f/048.csv
val;People;05462;People/12-57f;People/12-57f/054.csv
val;People;05465;People/12-57f;People/12-57f/057.csv
val;People;05473;People/12-57f;People/12-57f/065.csv
val;People;05490;People/12-57f;People/12-57f/082.csv
val;People;05498;People/12-57f;People/12-57f/090.csv
val;People;05501;People/12-57f;People/12-57f/093.csv
val;People;05508;People/12-57f;People/12-57f/100.csv
val;People;05509;People/12-57f;People/12-57f/101.csv
val;People;05515;People/12-57f;People/12-57f/107.csv
val;People;05522;People/12-57f;People/12-57f/114.csv
val;People;05526;People/12-57f;People/12-57f/118.csv
val;People;05528;People/12-57f;People/12-57f/120.csv
val;People;05547;People/12-57f;People/12-57f/139.csv
val;People;05552;People/12-57f;People/12-57f/144.csv
val;People;05565;People/12-57f;People/12-57f/157.csv
val;People;05568;People/12-57f;People/12-57f/160.csv
val;People;05583;People/12-57f;People/12-57f/175.csv
val;People;05591;People/12-57f;People/12-57f/183.csv
val;People;05594;People/12-57f;People/12-57f/186.csv
val;People;05596;People/12-57f;People/12-57f/188.csv
val;People;05598;People/12-57f;People/12-57f/190.csv
val;People;05599;People/12-57f;People/12-57f/191.csv
val;People;05607;People/12-57f;People/12-57f/199.csv
val;People;05609;People/12-57f;People/12-57f/201.csv
val;People;05613;People/12-57f;People/12-57f/205.csv
val;People;05624;People/12-57f;People/12-57f/216.csv
val;People;05625;People/12-57f;People/12-57f/217.csv
val;People;05633;People/12-57f;People/12-57f/225.csv
val;People;05634;People/12-57f;People/12-57f/226.csv
val;People;05641;People/12-57f;People/12-57f/233.csv
val;People;05643;People/12-57f;People/12-57f/235.csv
val;People;05644;People/12-57f;People/12-57f/236.csv
val;People;05648;People/12-57f;People/12-57f/240.csv
val;People;05649;People/12-57f;People/12-57f/241.csv
val;People;05653;People/12-57f;People/12-57f/245.csv
val;People;05655;People/12-57f;People/12-57f/247.csv
val;People;05663;People/12-57f;People/12-57f/255.csv
val;People;05665;People/12-57f;People/12-57f/257.csv
val;People;05681;People/12-57f;People/12-57f/273.csv
val;People;05682;People/12-57f;People/12-57f/274.csv
val;People;05683;People/12-57f;People/12-57f/275.csv
val;People;05689;People/12-57f;People/12-57f/281.csv
val;People;05690;People/12-57f;People/12-57f/282.csv
val;People;05693;People/12-57f;People/12-57f/285.csv
val;People;05701;People/12-57f;People/12-57f/293.csv
val;People;05702;People/12-57f;People/12-57f/294.csv
val;People;05707;People/12-57f;People/12-57f/299.csv
val;People;05708;People/12-57f;People/12-57f/300.csv
val;People;05709;People/12-57f;People/12-57f/301.csv
val;People;05722;People/12-57f;People/12-57f/314.csv
val;People;05726;People/12-57f;People/12-57f/318.csv
val;People;05754;People/12-57f;People/12-57f/346.csv
val;People;05756;People/12-57f;People/12-57f/348.csv
val;People;05759;People/12-57f;People/12-57f/351.csv
val;People;05767;People/12-57f;People/12-57f/359.csv
val;People;05771;People/12-57f;People/12-57f/363.csv
val;People;05784;People/12-57f;People/12-57f/376.csv
val;People;05785;People/12-57f;People/12-57f/377.csv
val;People;05800;People/12-57i;People/12-57i/014.csv
val;People;05827;People/12-57i;People/12-57i/041.csv
val;People;05828;People/12-57i;People/12-57i/042.csv
val;People;05846;People/12-57i;People/12-57i/060.csv
val;People;05858;People/12-57i;People/12-57i/072.csv
val;People;05873;People/12-57i;People/12-57i/087.csv
val;People;05881;People/12-57i;People/12-57i/095.csv
val;People;05883;People/12-57i;People/12-57i/097.csv
val;People;05894;People/12-57i;People/12-57i/108.csv
val;People;05901;People/12-57i;People/12-57i/115.csv
val;People;05906;People/12-57i;People/12-57i/120.csv
val;People;05932;People/12-57i;People/12-57i/146.csv
val;People;05940;People/12-57i;People/12-57i/154.csv
val;People;05943;People/12-57i;People/12-57i/157.csv
val;People;05957;People/12-57i;People/12-57i/171.csv
val;People;05986;People/15-58;People/15-58/018.csv
val;People;05991;People/15-58;People/15-58/023.csv
val;People;05997;People/15-58;People/15-58/029.csv
val;People;05999;People/15-58;People/15-58/031.csv
val;People;06019;People/15-58;People/15-58/051.csv
val;People;06026;People/15-58;People/15-58/058.csv
val;People;06027;People/15-58;People/15-58/059.csv
val;People;06030;People/15-58;People/15-58/062.csv
val;People;06045;People/15-58;People/15-58/077.csv
val;People;06051;People/15-58;People/15-58/083.csv
val;People;06059;People/15-58;People/15-58/091.csv
val;People;06060;People/15-58;People/15-58/092.csv
val;People;06077;People/15-58i;People/15-58i/009.csv
val;People;06084;People/15-58i;People/15-58i/016.csv
val;People;06086;People/15-58i;People/15-58i/018.csv
val;People;06087;People/15-58i;People/15-58i/019.csv
val;People;06088;People/15-58i;People/15-58i/020.csv
val;People;06089;People/15-58i;People/15-58i/021.csv
val;People;06113;People/15-58i;People/15-58i/045.csv
val;People;06114;People/15-58i;People/15-58i/046.csv
val;People;06122;People/15-58i;People/15-58i/054.csv
val;People;06125;People/15-58i;People/15-58i/057.csv
val;People;06130;People/15-58i;People/15-58i/062.csv
val;People;06132;People/15-58i;People/15-58i/064.csv
val;People;06134;People/15-58i;People/15-58i/066.csv
val;People;06142;People/15-58i;People/15-58i/074.csv
val;People;06148;People/15-58i;People/15-58i/080.csv
val;People;06166;People/15-58i;People/15-58i/098.csv
val;People;06170;People/16-00;People/16-00/002.csv
val;People;06177;People/16-00;People/16-00/009.csv
val;People;06178;People/16-00;People/16-00/010.csv
val;People;06208;People/16-00;People/16-00/040.csv
val;People;06209;People/16-00;People/16-00/041.csv
val;People;06219;People/16-00;People/16-00/051.csv
val;People;06225;People/16-00;People/16-00/057.csv
val;People;06233;People/16-00;People/16-00/065.csv
val;People;06240;People/16-00;People/16-00/072.csv
val;People;06249;People/16-00;People/16-00/081.csv
val;People;06258;People/16-00;People/16-00/090.csv
val;People;06262;People/16-00;People/16-00/094.csv
val;People;06274;People/16-00;People/16-00/106.csv
val;People;06284;People/16-00;People/16-00/116.csv
val;People;06290;People/16-00;People/16-00/122.csv
val;People;06293;People/16-00;People/16-00/125.csv
val;People;06309;People/16-00i;People/16-00i/004.csv
val;People;06310;People/16-00i;People/16-00i/005.csv
val;People;06312;People/16-00i;People/16-00i/007.csv
val;People;06314;People/16-00i;People/16-00i/009.csv
val;People;06315;People/16-00i;People/16-00i/010.csv
val;People;06317;People/16-00i;People/16-00i/012.csv
val;People;06323;People/16-00i;People/16-00i/018.csv
val;People;06330;People/16-00i;People/16-00i/025.csv
val;People;06336;People/16-00i;People/16-00i/031.csv
val;People;06346;People/16-00i;People/16-00i/041.csv
val;People;06347;People/16-00i;People/16-00i/042.csv
val;People;06354;People/16-00i;People/16-00i/049.csv
val;People;06356;People/16-00i;People/16-00i/051.csv
val;People;06359;People/16-00i;People/16-00i/054.csv
val;People;06362;People/16-00i;People/16-00i/057.csv
val;People;06372;People/16-00i;People/16-00i/067.csv
val;People;06384;People/16-00i;People/16-00i/079.csv
val;People;06402;People/16-00i;People/16-00i/097.csv
val;People;06406;People/16-00i;People/16-00i/101.csv
val;People;06407;People/16-00i;People/16-00i/102.csv
val;People;06409;People/16-00i;People/16-00i/104.csv
val;People;06413;People/16-00i;People/16-00i/108.csv
val;People;06432;People/16-00i;People/16-00i/127.csv
val;People;06463;People/16-06;People/16-06/021.csv
val;People;06468;People/16-06;People/16-06/026.csv
val;People;06480;People/16-06;People/16-06/038.csv
val;People;06481;People/16-06;People/16-06/039.csv
val;People;06488;People/16-06;People/16-06/046.csv
val;People;06493;People/16-06;People/16-06/051.csv
val;People;06498;People/16-06;People/16-06/056.csv
val;People;06509;People/16-06;People/16-06/067.csv
val;People;06520;People/16-06;People/16-06/078.csv
val;People;06532;People/16-06;People/16-06/090.csv
val;People;06533;People/16-06;People/16-06/091.csv
val;People;06544;People/16-06;People/16-06/102.csv
val;People;06549;People/16-06;People/16-06/107.csv
val;People;06551;People/16-06;People/16-06/109.csv
val;People;06552;People/16-06;People/16-06/110.csv
val;People;06559;People/16-06;People/16-06/117.csv
val;People;06560;People/16-06;People/16-06/118.csv
val;People;06569;People/16-06;People/16-06/127.csv
val;People;06576;People/16-06i;People/16-06i/005.csv
val;People;06582;People/16-06i;People/16-06i/011.csv
val;People;06586;People/16-06i;People/16-06i/015.csv
val;People;06588;People/16-06i;People/16-06i/017.csv
val;People;06589;People/16-06i;People/16-06i/018.csv
val;People;06595;People/16-06i;People/16-06i/024.csv
val;People;06602;People/16-06i;People/16-06i/031.csv
val;People;06631;People/16-06i;People/16-06i/060.csv
val;People;06648;People/16-06i;People/16-06i/077.csv
val;People;06653;People/16-06i;People/16-06i/082.csv
val;People;06656;People/16-06i;People/16-06i/085.csv
val;People;06672;People/16-06i;People/16-06i/101.csv
val;People;06677;People/16-06i;People/16-06i/106.csv
val;People;06680;People/16-06i;People/16-06i/109.csv
val;People;06690;People/16-06i;People/16-06i/119.csv
val;People;06692;People/16-06i;People/16-06i/121.csv
val;People;06694;People/16-06i;People/16-06i/123.csv
val;People;06696;People/16-06i;People/16-06i/125.csv
